id,document_type,text,metadata
COURSE_1,COURSE,"Academic Structure: Sem Spread BTECH-2022
Semester: S1
Basket: Univ Core
Basket Code: B1
Course Code: UCOR103
Source Course Code: UCOR103
Course Title: Communication Skills
Prerequisite: NIL
Prerequisite Status: none
Credits: 2
Lecture Hours: 1.0
Tutorial Hours: 0.0
Practical Hours: 2.0
Source Sheet: Sem Spread BTECH-2022
Source Row: 3","{""academic_structure"": ""Sem Spread BTECH-2022"", ""semester"": ""S1"", ""course_code"": ""UCOR103"", ""course_title"": ""Communication Skills"", ""basket_code"": ""B1"", ""basket_name"": ""Univ Core"", ""credits"": 2, ""prerequisite"": ""NIL"", ""source_sheet"": ""Sem Spread BTECH-2022"", ""source_row"": 3}"
COURSE_2,COURSE,"Academic Structure: Sem Spread BTECH-2022
Semester: S2
Basket: Univ Core
Basket Code: B1
Course Code: UCOR203
Source Course Code: UCOR203
Course Title: Leadership and Teamwork Skills
Prerequisite: NIL
Prerequisite Status: none
Credits: 2
Lecture Hours: 1.0
Tutorial Hours: 0.0
Practical Hours: 2.0
Source Sheet: Sem Spread BTECH-2022
Source Row: 3","{""academic_structure"": ""Sem Spread BTECH-2022"", ""semester"": ""S2"", ""course_code"": ""UCOR203"", ""course_title"": ""Leadership and Teamwork Skills"", ""basket_code"": ""B1"", ""basket_name"": ""Univ Core"", ""credits"": 2, ""prerequisite"": ""NIL"", ""source_sheet"": ""Sem Spread BTECH-2022"", ""source_row"": 3}"
COURSE_3,COURSE,"Academic Structure: Sem Spread BTECH-2022
Semester: S3
Basket: Univ Core
Basket Code: B1
Course Code: UCOR205
Source Course Code: UCOR205
Course Title: Socio Cultural Perspectives on Indian Life-SPIL
Prerequisite: NIL
Prerequisite Status: none
Credits: 3
Lecture Hours: 2.0
Tutorial Hours: 1.0
Practical Hours: 0.0
Source Sheet: Sem Spread BTECH-2022
Source Row: 3","{""academic_structure"": ""Sem Spread BTECH-2022"", ""semester"": ""S3"", ""course_code"": ""UCOR205"", ""course_title"": ""Socio Cultural Perspectives on Indian Life-SPIL"", ""basket_code"": ""B1"", ""basket_name"": ""Univ Core"", ""credits"": 3, ""prerequisite"": ""NIL"", ""source_sheet"": ""Sem Spread BTECH-2022"", ""source_row"": 3}"
COURSE_4,COURSE,"Academic Structure: Sem Spread BTECH-2022
Semester: S4
Basket: Univ Core
Basket Code: B1
Course Code: UCOR210
Source Course Code: UCOR210
Course Title: Critical Thinking
Prerequisite: NIL
Prerequisite Status: none
Credits: 2
Lecture Hours: 2.0
Tutorial Hours: 0.0
Practical Hours: 0.0
Source Sheet: Sem Spread BTECH-2022
Source Row: 3","{""academic_structure"": ""Sem Spread BTECH-2022"", ""semester"": ""S4"", ""course_code"": ""UCOR210"", ""course_title"": ""Critical Thinking"", ""basket_code"": ""B1"", ""basket_name"": ""Univ Core"", ""credits"": 2, ""prerequisite"": ""NIL"", ""source_sheet"": ""Sem Spread BTECH-2022"", ""source_row"": 3}"
COURSE_5,COURSE,"Academic Structure: Sem Spread BTECH-2022
Semester: S1
Basket: Univ Core
Basket Code: B1
Course Code: UCOR104
Source Course Code: UCOR104
Course Title: Problem Solving with Design Thinking
Prerequisite: NIL
Prerequisite Status: none
Credits: 2
Lecture Hours: 1.0
Tutorial Hours: 0.0
Practical Hours: 2.0
Source Sheet: Sem Spread BTECH-2022
Source Row: 4","{""academic_structure"": ""Sem Spread BTECH-2022"", ""semester"": ""S1"", ""course_code"": ""UCOR104"", ""course_title"": ""Problem Solving with Design Thinking"", ""basket_code"": ""B1"", ""basket_name"": ""Univ Core"", ""credits"": 2, ""prerequisite"": ""NIL"", ""source_sheet"": ""Sem Spread BTECH-2022"", ""source_row"": 4}"
COURSE_6,COURSE,"Academic Structure: Sem Spread BTECH-2022
Semester: S2
Basket: Univ Core
Basket Code: B1
Course Code: UCOR701
Source Course Code: UCOR701
Course Title: Community Engagement & Service Experience
Prerequisite: NIL
Prerequisite Status: none
Credits: 1
Lecture Hours: 0.0
Tutorial Hours: 0.0
Practical Hours: 0.0
Source Sheet: Sem Spread BTECH-2022
Source Row: 4","{""academic_structure"": ""Sem Spread BTECH-2022"", ""semester"": ""S2"", ""course_code"": ""UCOR701"", ""course_title"": ""Community Engagement & Service Experience"", ""basket_code"": ""B1"", ""basket_name"": ""Univ Core"", ""credits"": 1, ""prerequisite"": ""NIL"", ""source_sheet"": ""Sem Spread BTECH-2022"", ""source_row"": 4}"
COURSE_7,COURSE,"Academic Structure: Sem Spread BTECH-2022
Semester: S3
Basket: Univ Core
Basket Code: B1
Course Code: UCOR201
Source Course Code: UCOR201
Course Title: Introduction to Epistemology
Prerequisite: NIL
Prerequisite Status: none
Credits: 2
Lecture Hours: 1.0
Tutorial Hours: 1.0
Practical Hours: 0.0
Source Sheet: Sem Spread BTECH-2022
Source Row: 4","{""academic_structure"": ""Sem Spread BTECH-2022"", ""semester"": ""S3"", ""course_code"": ""UCOR201"", ""course_title"": ""Introduction to Epistemology"", ""basket_code"": ""B1"", ""basket_name"": ""Univ Core"", ""credits"": 2, ""prerequisite"": ""NIL"", ""source_sheet"": ""Sem Spread BTECH-2022"", ""source_row"": 4}"
COURSE_8,COURSE,"Academic Structure: Sem Spread BTECH-2022
Semester: S1
Basket: Univ Core
Basket Code: B1
Course Code: UCOR102
Source Course Code: UCOR102
Course Title: Introduction to writing
Prerequisite: NIL
Prerequisite Status: none
Credits: 2
Lecture Hours: 1.0
Tutorial Hours: 0.0
Practical Hours: 2.0
Source Sheet: Sem Spread BTECH-2022
Source Row: 5","{""academic_structure"": ""Sem Spread BTECH-2022"", ""semester"": ""S1"", ""course_code"": ""UCOR102"", ""course_title"": ""Introduction to writing"", ""basket_code"": ""B1"", ""basket_name"": ""Univ Core"", ""credits"": 2, ""prerequisite"": ""NIL"", ""source_sheet"": ""Sem Spread BTECH-2022"", ""source_row"": 5}"
COURSE_9,COURSE,"Academic Structure: Sem Spread BTECH-2022
Semester: S2
Basket: Univ Core
Basket Code: B1
Course Code: UCOR106
Source Course Code: UCOR106
Course Title: Learning to Learn
Prerequisite: NIL
Prerequisite Status: none
Credits: 2
Lecture Hours: 1.0
Tutorial Hours: 0.0
Practical Hours: 2.0
Source Sheet: Sem Spread BTECH-2022
Source Row: 5","{""academic_structure"": ""Sem Spread BTECH-2022"", ""semester"": ""S2"", ""course_code"": ""UCOR106"", ""course_title"": ""Learning to Learn"", ""basket_code"": ""B1"", ""basket_name"": ""Univ Core"", ""credits"": 2, ""prerequisite"": ""NIL"", ""source_sheet"": ""Sem Spread BTECH-2022"", ""source_row"": 5}"
COURSE_10,COURSE,"Academic Structure: Sem Spread BTECH-2022
Semester: S1
Basket: Foundation
Basket Code: B2
Course Code: MATH201
Source Course Code: MATH201
Course Title: Calculus
Prerequisite: NIL
Prerequisite Status: none
Credits: 3
Lecture Hours: 2.0
Tutorial Hours: 1.0
Practical Hours: 0.0
Source Sheet: Sem Spread BTECH-2022
Source Row: 7","{""academic_structure"": ""Sem Spread BTECH-2022"", ""semester"": ""S1"", ""course_code"": ""MATH201"", ""course_title"": ""Calculus"", ""basket_code"": ""B2"", ""basket_name"": ""Foundation"", ""credits"": 3, ""prerequisite"": ""NIL"", ""source_sheet"": ""Sem Spread BTECH-2022"", ""source_row"": 7}"
COURSE_11,COURSE,"Academic Structure: Sem Spread BTECH-2022
Semester: S2
Basket: Foundation
Basket Code: B2
Course Code: MATH202
Source Course Code: MATH202
Course Title: Probability Theory
Prerequisite: NIL
Prerequisite Status: none
Credits: 3
Lecture Hours: 2.0
Tutorial Hours: 1.0
Practical Hours: 0.0
Source Sheet: Sem Spread BTECH-2022
Source Row: 7","{""academic_structure"": ""Sem Spread BTECH-2022"", ""semester"": ""S2"", ""course_code"": ""MATH202"", ""course_title"": ""Probability Theory"", ""basket_code"": ""B2"", ""basket_name"": ""Foundation"", ""credits"": 3, ""prerequisite"": ""NIL"", ""source_sheet"": ""Sem Spread BTECH-2022"", ""source_row"": 7}"
COURSE_12,COURSE,"Academic Structure: Sem Spread BTECH-2022
Semester: S3
Basket: Foundation
Basket Code: B2
Course Code: MTSC781
Source Course Code: MTSC781
Course Title: Sustainable Cities and Communities
Prerequisite: NIL
Prerequisite Status: none
Credits: 3
Lecture Hours: 0.0
Tutorial Hours: 0.0
Practical Hours: 0.0
Source Sheet: Sem Spread BTECH-2022
Source Row: 7","{""academic_structure"": ""Sem Spread BTECH-2022"", ""semester"": ""S3"", ""course_code"": ""MTSC781"", ""course_title"": ""Sustainable Cities and Communities"", ""basket_code"": ""B2"", ""basket_name"": ""Foundation"", ""credits"": 3, ""prerequisite"": ""NIL"", ""source_sheet"": ""Sem Spread BTECH-2022"", ""source_row"": 7}"
COURSE_13,COURSE,"Academic Structure: Sem Spread BTECH-2022
Semester: S4
Basket: Foundation
Basket Code: B2
Course Code: SLAD206
Source Course Code: SLAD206
Course Title: Human Values in Work and Life
Prerequisite: NIL
Prerequisite Status: none
Credits: 2
Lecture Hours: 0.0
Tutorial Hours: 0.0
Practical Hours: 0.0
Source Sheet: Sem Spread BTECH-2022
Source Row: 7","{""academic_structure"": ""Sem Spread BTECH-2022"", ""semester"": ""S4"", ""course_code"": ""SLAD206"", ""course_title"": ""Human Values in Work and Life"", ""basket_code"": ""B2"", ""basket_name"": ""Foundation"", ""credits"": 2, ""prerequisite"": ""NIL"", ""source_sheet"": ""Sem Spread BTECH-2022"", ""source_row"": 7}"
COURSE_14,COURSE,"Academic Structure: Sem Spread BTECH-2022
Semester: S6
Basket: Foundation
Basket Code: B2
Course Code: LANG101
Source Course Code: LANG101
Course Title: Language
Prerequisite: NIL
Prerequisite Status: none
Credits: 3
Lecture Hours: 0.0
Tutorial Hours: 0.0
Practical Hours: 0.0
Source Sheet: Sem Spread BTECH-2022
Source Row: 7","{""academic_structure"": ""Sem Spread BTECH-2022"", ""semester"": ""S6"", ""course_code"": ""LANG101"", ""course_title"": ""Language"", ""basket_code"": ""B2"", ""basket_name"": ""Foundation"", ""credits"": 3, ""prerequisite"": ""NIL"", ""source_sheet"": ""Sem Spread BTECH-2022"", ""source_row"": 7}"
COURSE_15,COURSE,"Academic Structure: Sem Spread BTECH-2022
Semester: S1
Basket: Foundation
Basket Code: B2
Course Code: COMP132
Source Course Code: COMP132
Course Title: Design Workshop
Prerequisite: NIL
Prerequisite Status: none
Credits: 2
Lecture Hours: 0.0
Tutorial Hours: 0.0
Practical Hours: 4.0
Source Sheet: Sem Spread BTECH-2022
Source Row: 8","{""academic_structure"": ""Sem Spread BTECH-2022"", ""semester"": ""S1"", ""course_code"": ""COMP132"", ""course_title"": ""Design Workshop"", ""basket_code"": ""B2"", ""basket_name"": ""Foundation"", ""credits"": 2, ""prerequisite"": ""NIL"", ""source_sheet"": ""Sem Spread BTECH-2022"", ""source_row"": 8}"
COURSE_16,COURSE,"Academic Structure: Sem Spread BTECH-2022
Semester: S2
Basket: Foundation
Basket Code: B2
Course Code: MTSC211
Source Course Code: MTSC211
Course Title: Sustainable Smart Materials
Prerequisite: MTSC111
Prerequisite Status: specified
Credits: 3
Lecture Hours: 2.0
Tutorial Hours: 0.0
Practical Hours: 2.0
Source Sheet: Sem Spread BTECH-2022
Source Row: 8","{""academic_structure"": ""Sem Spread BTECH-2022"", ""semester"": ""S2"", ""course_code"": ""MTSC211"", ""course_title"": ""Sustainable Smart Materials"", ""basket_code"": ""B2"", ""basket_name"": ""Foundation"", ""credits"": 3, ""prerequisite"": ""MTSC111"", ""source_sheet"": ""Sem Spread BTECH-2022"", ""source_row"": 8}"
COURSE_17,COURSE,"Academic Structure: Sem Spread BTECH-2022
Semester: S4
Basket: Foundation
Basket Code: B2
Course Code: SLAD207
Source Course Code: SLAD207
Course Title: Foundation Seminar
Prerequisite: NIL
Prerequisite Status: none
Credits: 1
Lecture Hours: 0.0
Tutorial Hours: 0.0
Practical Hours: 0.0
Source Sheet: Sem Spread BTECH-2022
Source Row: 8","{""academic_structure"": ""Sem Spread BTECH-2022"", ""semester"": ""S4"", ""course_code"": ""SLAD207"", ""course_title"": ""Foundation Seminar"", ""basket_code"": ""B2"", ""basket_name"": ""Foundation"", ""credits"": 1, ""prerequisite"": ""NIL"", ""source_sheet"": ""Sem Spread BTECH-2022"", ""source_row"": 8}"
COURSE_18,COURSE,"Academic Structure: Sem Spread BTECH-2022
Semester: S1
Basket: Foundation
Basket Code: B2
Course Code: MTSC111
Source Course Code: MTSC111
Course Title: Materials for Smart Devices
Prerequisite: NIL
Prerequisite Status: none
Credits: 3
Lecture Hours: 2.0
Tutorial Hours: 0.0
Practical Hours: 2.0
Source Sheet: Sem Spread BTECH-2022
Source Row: 9","{""academic_structure"": ""Sem Spread BTECH-2022"", ""semester"": ""S1"", ""course_code"": ""MTSC111"", ""course_title"": ""Materials for Smart Devices"", ""basket_code"": ""B2"", ""basket_name"": ""Foundation"", ""credits"": 3, ""prerequisite"": ""NIL"", ""source_sheet"": ""Sem Spread BTECH-2022"", ""source_row"": 9}"
COURSE_19,COURSE,"Academic Structure: Sem Spread BTECH-2022
Semester: S2
Basket: Foundation
Basket Code: B2
Course Code: ENGL201
Source Course Code: ENGL201
Course Title: Academic Writing
Prerequisite: UCOR102
Prerequisite Status: specified
Credits: 3
Lecture Hours: 2.0
Tutorial Hours: 0.0
Practical Hours: 2.0
Source Sheet: Sem Spread BTECH-2022
Source Row: 9","{""academic_structure"": ""Sem Spread BTECH-2022"", ""semester"": ""S2"", ""course_code"": ""ENGL201"", ""course_title"": ""Academic Writing"", ""basket_code"": ""B2"", ""basket_name"": ""Foundation"", ""credits"": 3, ""prerequisite"": ""UCOR102"", ""source_sheet"": ""Sem Spread BTECH-2022"", ""source_row"": 9}"
COURSE_20,COURSE,"Academic Structure: Sem Spread BTECH-2022
Semester: S3
Basket: Foundation
Basket Code: B2
Course Code: MATH204
Source Course Code: MATH204
Course Title: Linear Algebra
Prerequisite: NIL
Prerequisite Status: none
Credits: 3
Lecture Hours: 2.0
Tutorial Hours: 1.0
Practical Hours: 0.0
Source Sheet: Sem Spread BTECH-2022
Source Row: 9","{""academic_structure"": ""Sem Spread BTECH-2022"", ""semester"": ""S3"", ""course_code"": ""MATH204"", ""course_title"": ""Linear Algebra"", ""basket_code"": ""B2"", ""basket_name"": ""Foundation"", ""credits"": 3, ""prerequisite"": ""NIL"", ""source_sheet"": ""Sem Spread BTECH-2022"", ""source_row"": 9}"
COURSE_21,COURSE,"Academic Structure: Sem Spread BTECH-2022
Semester: S1
Basket: Foundation
Basket Code: B2
Course Code: DATA131
Source Course Code: DATA131
Course Title: Visualizing Data for Story Telling
Prerequisite: NIL
Prerequisite Status: none
Credits: 2
Lecture Hours: 1.0
Tutorial Hours: 0.0
Practical Hours: 2.0
Source Sheet: Sem Spread BTECH-2022
Source Row: 10","{""academic_structure"": ""Sem Spread BTECH-2022"", ""semester"": ""S1"", ""course_code"": ""DATA131"", ""course_title"": ""Visualizing Data for Story Telling"", ""basket_code"": ""B2"", ""basket_name"": ""Foundation"", ""credits"": 2, ""prerequisite"": ""NIL"", ""source_sheet"": ""Sem Spread BTECH-2022"", ""source_row"": 10}"
COURSE_22,COURSE,"Academic Structure: Sem Spread BTECH-2022
Semester: S1
Basket: Foundation
Basket Code: B2
Course Code: PSYC101/ECON101
Source Course Code: PSYC101/ECON101
Course Title: Introduction to Psychology/Introduction to Economics
Prerequisite: NIL
Prerequisite Status: none
Credits: 3
Lecture Hours: 2.0
Tutorial Hours: 1.0
Practical Hours: 0.0
Source Sheet: Sem Spread BTECH-2022
Source Row: 11","{""academic_structure"": ""Sem Spread BTECH-2022"", ""semester"": ""S1"", ""course_code"": ""PSYC101/ECON101"", ""course_title"": ""Introduction to Psychology/Introduction to Economics"", ""basket_code"": ""B2"", ""basket_name"": ""Foundation"", ""credits"": 3, ""prerequisite"": ""NIL"", ""source_sheet"": ""Sem Spread BTECH-2022"", ""source_row"": 11}"
COURSE_23,COURSE,"Academic Structure: Sem Spread BTECH-2022
Semester: S1
Basket: Program CORE
Basket Code: B3
Course Code: DATA130
Source Course Code: DATA130
Course Title: Computational Thinking
Prerequisite: NIL
Prerequisite Status: none
Credits: 3
Lecture Hours: 2.0
Tutorial Hours: 0.0
Practical Hours: 2.0
Source Sheet: Sem Spread BTECH-2022
Source Row: 12","{""academic_structure"": ""Sem Spread BTECH-2022"", ""semester"": ""S1"", ""course_code"": ""DATA130"", ""course_title"": ""Computational Thinking"", ""basket_code"": ""B3"", ""basket_name"": ""Program CORE"", ""credits"": 3, ""prerequisite"": ""NIL"", ""source_sheet"": ""Sem Spread BTECH-2022"", ""source_row"": 12}"
COURSE_24,COURSE,"Academic Structure: Sem Spread BTECH-2022
Semester: S2
Basket: Program CORE
Basket Code: B3
Course Code: COMP201
Source Course Code: COMP201
Course Title: Data Structures
Prerequisite: NIL
Prerequisite Status: none
Credits: 4
Lecture Hours: 3.0
Tutorial Hours: 0.0
Practical Hours: 2.0
Source Sheet: Sem Spread BTECH-2022
Source Row: 12","{""academic_structure"": ""Sem Spread BTECH-2022"", ""semester"": ""S2"", ""course_code"": ""COMP201"", ""course_title"": ""Data Structures"", ""basket_code"": ""B3"", ""basket_name"": ""Program CORE"", ""credits"": 4, ""prerequisite"": ""NIL"", ""source_sheet"": ""Sem Spread BTECH-2022"", ""source_row"": 12}"
COURSE_25,COURSE,"Academic Structure: Sem Spread BTECH-2022
Semester: S3
Basket: Program CORE
Basket Code: B3
Course Code: COMP203
Source Course Code: COMP203
Course Title: Analysis of Algorithms
Prerequisite: COMP201
Prerequisite Status: specified
Credits: 4
Lecture Hours: 3.0
Tutorial Hours: 0.0
Practical Hours: 2.0
Source Sheet: Sem Spread BTECH-2022
Source Row: 12","{""academic_structure"": ""Sem Spread BTECH-2022"", ""semester"": ""S3"", ""course_code"": ""COMP203"", ""course_title"": ""Analysis of Algorithms"", ""basket_code"": ""B3"", ""basket_name"": ""Program CORE"", ""credits"": 4, ""prerequisite"": ""COMP201"", ""source_sheet"": ""Sem Spread BTECH-2022"", ""source_row"": 12}"
COURSE_26,COURSE,"Academic Structure: Sem Spread BTECH-2022
Semester: S4
Basket: Program CORE
Basket Code: B3
Course Code: COMP205
Source Course Code: COMP205
Course Title: Object Oriented Programming
Prerequisite: NIL
Prerequisite Status: none
Credits: 3
Lecture Hours: 2.0
Tutorial Hours: 0.0
Practical Hours: 2.0
Source Sheet: Sem Spread BTECH-2022
Source Row: 12","{""academic_structure"": ""Sem Spread BTECH-2022"", ""semester"": ""S4"", ""course_code"": ""COMP205"", ""course_title"": ""Object Oriented Programming"", ""basket_code"": ""B3"", ""basket_name"": ""Program CORE"", ""credits"": 3, ""prerequisite"": ""NIL"", ""source_sheet"": ""Sem Spread BTECH-2022"", ""source_row"": 12}"
COURSE_27,COURSE,"Academic Structure: Sem Spread BTECH-2022
Semester: S5
Basket: Program CORE
Basket Code: B3
Course Code: COMP208
Source Course Code: COMP208
Course Title: Networks
Prerequisite: NIL
Prerequisite Status: none
Credits: 4
Lecture Hours: 3.0
Tutorial Hours: 0.0
Practical Hours: 2.0
Source Sheet: Sem Spread BTECH-2022
Source Row: 12","{""academic_structure"": ""Sem Spread BTECH-2022"", ""semester"": ""S5"", ""course_code"": ""COMP208"", ""course_title"": ""Networks"", ""basket_code"": ""B3"", ""basket_name"": ""Program CORE"", ""credits"": 4, ""prerequisite"": ""NIL"", ""source_sheet"": ""Sem Spread BTECH-2022"", ""source_row"": 12}"
COURSE_28,COURSE,"Academic Structure: Sem Spread BTECH-2022
Semester: S7
Basket: Program CORE
Basket Code: B3
Course Code: COMP302
Source Course Code: COMP302
Course Title: Internet of Things
Prerequisite: COMP132, COMP201, COMP206, COMP208, COMP301
Prerequisite Status: specified
Credits: 2
Lecture Hours: 0.0
Tutorial Hours: 0.0
Practical Hours: 4.0
Source Sheet: Sem Spread BTECH-2022
Source Row: 12","{""academic_structure"": ""Sem Spread BTECH-2022"", ""semester"": ""S7"", ""course_code"": ""COMP302"", ""course_title"": ""Internet of Things"", ""basket_code"": ""B3"", ""basket_name"": ""Program CORE"", ""credits"": 2, ""prerequisite"": ""COMP132, COMP201, COMP206, COMP208, COMP301"", ""source_sheet"": ""Sem Spread BTECH-2022"", ""source_row"": 12}"
COURSE_29,COURSE,"Academic Structure: Sem Spread BTECH-2022
Semester: S2
Basket: Program CORE
Basket Code: B3
Course Code: MATH205
Source Course Code: MATH205
Course Title: Statistics with R
Prerequisite: MATH202
Prerequisite Status: specified
Credits: 3
Lecture Hours: 2.0
Tutorial Hours: 0.0
Practical Hours: 2.0
Source Sheet: Sem Spread BTECH-2022
Source Row: 13","{""academic_structure"": ""Sem Spread BTECH-2022"", ""semester"": ""S2"", ""course_code"": ""MATH205"", ""course_title"": ""Statistics with R"", ""basket_code"": ""B3"", ""basket_name"": ""Program CORE"", ""credits"": 3, ""prerequisite"": ""MATH202"", ""source_sheet"": ""Sem Spread BTECH-2022"", ""source_row"": 13}"
COURSE_30,COURSE,"Academic Structure: Sem Spread BTECH-2022
Semester: S3
Basket: Program CORE
Basket Code: B3
Course Code: COMP202
Source Course Code: COMP202
Course Title: Theoretical Computer Science
Prerequisite: NIL
Prerequisite Status: none
Credits: 4
Lecture Hours: 3.0
Tutorial Hours: 1.0
Practical Hours: 0.0
Source Sheet: Sem Spread BTECH-2022
Source Row: 13","{""academic_structure"": ""Sem Spread BTECH-2022"", ""semester"": ""S3"", ""course_code"": ""COMP202"", ""course_title"": ""Theoretical Computer Science"", ""basket_code"": ""B3"", ""basket_name"": ""Program CORE"", ""credits"": 4, ""prerequisite"": ""NIL"", ""source_sheet"": ""Sem Spread BTECH-2022"", ""source_row"": 13}"
COURSE_31,COURSE,"Academic Structure: Sem Spread BTECH-2022
Semester: S4
Basket: Program CORE
Basket Code: B3
Course Code: COMP204
Source Course Code: COMP204
Course Title: Digital Design and Computer Organization
Prerequisite: NIL
Prerequisite Status: none
Credits: 4
Lecture Hours: 3.0
Tutorial Hours: 1.0
Practical Hours: 0.0
Source Sheet: Sem Spread BTECH-2022
Source Row: 13","{""academic_structure"": ""Sem Spread BTECH-2022"", ""semester"": ""S4"", ""course_code"": ""COMP204"", ""course_title"": ""Digital Design and Computer Organization"", ""basket_code"": ""B3"", ""basket_name"": ""Program CORE"", ""credits"": 4, ""prerequisite"": ""NIL"", ""source_sheet"": ""Sem Spread BTECH-2022"", ""source_row"": 13}"
COURSE_32,COURSE,"Academic Structure: Sem Spread BTECH-2022
Semester: S5
Basket: Program CORE
Basket Code: B3
Course Code: COMP207
Source Course Code: COMP207
Course Title: Operating Systems
Prerequisite: NIL
Prerequisite Status: none
Credits: 3
Lecture Hours: 2.0
Tutorial Hours: 0.0
Practical Hours: 2.0
Source Sheet: Sem Spread BTECH-2022
Source Row: 13","{""academic_structure"": ""Sem Spread BTECH-2022"", ""semester"": ""S5"", ""course_code"": ""COMP207"", ""course_title"": ""Operating Systems"", ""basket_code"": ""B3"", ""basket_name"": ""Program CORE"", ""credits"": 3, ""prerequisite"": ""NIL"", ""source_sheet"": ""Sem Spread BTECH-2022"", ""source_row"": 13}"
COURSE_33,COURSE,"Academic Structure: Sem Spread BTECH-2022
Semester: S6
Basket: Program CORE
Basket Code: B3
Course Code: COMP206
Source Course Code: COMP206
Course Title: Microprocessors and Computer Architecture
Prerequisite: COMP204, COMP207
Prerequisite Status: specified
Credits: 4
Lecture Hours: 3.0
Tutorial Hours: 0.0
Practical Hours: 2.0
Source Sheet: Sem Spread BTECH-2022
Source Row: 13","{""academic_structure"": ""Sem Spread BTECH-2022"", ""semester"": ""S6"", ""course_code"": ""COMP206"", ""course_title"": ""Microprocessors and Computer Architecture"", ""basket_code"": ""B3"", ""basket_name"": ""Program CORE"", ""credits"": 4, ""prerequisite"": ""COMP204, COMP207"", ""source_sheet"": ""Sem Spread BTECH-2022"", ""source_row"": 13}"
COURSE_34,COURSE,"Academic Structure: Sem Spread BTECH-2022
Semester: S4
Basket: Program CORE
Basket Code: B3
Course Code: COMP301
Source Course Code: COMP301
Course Title: Artificial Intelligence
Prerequisite: NIL
Prerequisite Status: none
Credits: 4
Lecture Hours: 3.0
Tutorial Hours: 0.0
Practical Hours: 2.0
Source Sheet: Sem Spread BTECH-2022
Source Row: 14","{""academic_structure"": ""Sem Spread BTECH-2022"", ""semester"": ""S4"", ""course_code"": ""COMP301"", ""course_title"": ""Artificial Intelligence"", ""basket_code"": ""B3"", ""basket_name"": ""Program CORE"", ""credits"": 4, ""prerequisite"": ""NIL"", ""source_sheet"": ""Sem Spread BTECH-2022"", ""source_row"": 14}"
COURSE_35,COURSE,"Academic Structure: Sem Spread BTECH-2022
Semester: S4
Basket: Program CORE
Basket Code: B3
Course Code: COMP209
Source Course Code: COMP209
Course Title: Databases Management
Prerequisite: NIL
Prerequisite Status: none
Credits: 4
Lecture Hours: 3.0
Tutorial Hours: 0.0
Practical Hours: 2.0
Source Sheet: Sem Spread BTECH-2022
Source Row: 15","{""academic_structure"": ""Sem Spread BTECH-2022"", ""semester"": ""S4"", ""course_code"": ""COMP209"", ""course_title"": ""Databases Management"", ""basket_code"": ""B3"", ""basket_name"": ""Program CORE"", ""credits"": 4, ""prerequisite"": ""NIL"", ""source_sheet"": ""Sem Spread BTECH-2022"", ""source_row"": 15}"
COURSE_36,COURSE,"Academic Structure: Sem Spread BTECH-2022
Semester: S2
Basket: Program HONORS
Basket Code: B4
Course Code: DATA201
Source Course Code: DATA201
Course Title: Foundations to Data Science
Prerequisite: NIL
Prerequisite Status: none
Credits: 3
Lecture Hours: 2.0
Tutorial Hours: 0.0
Practical Hours: 2.0
Source Sheet: Sem Spread BTECH-2022
Source Row: 16","{""academic_structure"": ""Sem Spread BTECH-2022"", ""semester"": ""S2"", ""course_code"": ""DATA201"", ""course_title"": ""Foundations to Data Science"", ""basket_code"": ""B4"", ""basket_name"": ""Program HONORS"", ""credits"": 3, ""prerequisite"": ""NIL"", ""source_sheet"": ""Sem Spread BTECH-2022"", ""source_row"": 16}"
COURSE_37,COURSE,"Academic Structure: Sem Spread BTECH-2022
Semester: S3
Basket: Program HONORS
Basket Code: B4
Course Code: DATA202
Source Course Code: DATA202
Course Title: Exploratory Data Analysis
Prerequisite: DATA201, MATH203
Prerequisite Status: specified
Credits: 3
Lecture Hours: 2.0
Tutorial Hours: 0.0
Practical Hours: 2.0
Source Sheet: Sem Spread BTECH-2022
Source Row: 16","{""academic_structure"": ""Sem Spread BTECH-2022"", ""semester"": ""S3"", ""course_code"": ""DATA202"", ""course_title"": ""Exploratory Data Analysis"", ""basket_code"": ""B4"", ""basket_name"": ""Program HONORS"", ""credits"": 3, ""prerequisite"": ""DATA201, MATH203"", ""source_sheet"": ""Sem Spread BTECH-2022"", ""source_row"": 16}"
COURSE_38,COURSE,"Academic Structure: Sem Spread BTECH-2022
Semester: S4
Basket: Program HONORS
Basket Code: B4
Course Code: MATH301
Source Course Code: MATH301
Course Title: Optimization Techniques for Data Science
Prerequisite: MATH201
Prerequisite Status: specified
Credits: 4
Lecture Hours: 3.0
Tutorial Hours: 1.0
Practical Hours: 0.0
Source Sheet: Sem Spread BTECH-2022
Source Row: 16","{""academic_structure"": ""Sem Spread BTECH-2022"", ""semester"": ""S4"", ""course_code"": ""MATH301"", ""course_title"": ""Optimization Techniques for Data Science"", ""basket_code"": ""B4"", ""basket_name"": ""Program HONORS"", ""credits"": 4, ""prerequisite"": ""MATH201"", ""source_sheet"": ""Sem Spread BTECH-2022"", ""source_row"": 16}"
COURSE_39,COURSE,"Academic Structure: Sem Spread BTECH-2022
Semester: S5
Basket: Program HONORS
Basket Code: B4
Course Code: DATA301
Source Course Code: DATA 301
Course Title: Machine Learning
Prerequisite: DATA202, MATH301
Prerequisite Status: specified
Credits: 4
Lecture Hours: 2.0
Tutorial Hours: 0.0
Practical Hours: 4.0
Source Sheet: Sem Spread BTECH-2022
Source Row: 16","{""academic_structure"": ""Sem Spread BTECH-2022"", ""semester"": ""S5"", ""course_code"": ""DATA301"", ""course_title"": ""Machine Learning"", ""basket_code"": ""B4"", ""basket_name"": ""Program HONORS"", ""credits"": 4, ""prerequisite"": ""DATA202, MATH301"", ""source_sheet"": ""Sem Spread BTECH-2022"", ""source_row"": 16}"
COURSE_40,COURSE,"Academic Structure: Sem Spread BTECH-2022
Semester: S6
Basket: Program HONORS
Basket Code: B4
Course Code: DATA302
Source Course Code: DATA302
Course Title: Deep Learning
Prerequisite: DATA301
Prerequisite Status: specified
Credits: 4
Lecture Hours: 2.0
Tutorial Hours: 0.0
Practical Hours: 4.0
Source Sheet: Sem Spread BTECH-2022
Source Row: 16","{""academic_structure"": ""Sem Spread BTECH-2022"", ""semester"": ""S6"", ""course_code"": ""DATA302"", ""course_title"": ""Deep Learning"", ""basket_code"": ""B4"", ""basket_name"": ""Program HONORS"", ""credits"": 4, ""prerequisite"": ""DATA301"", ""source_sheet"": ""Sem Spread BTECH-2022"", ""source_row"": 16}"
COURSE_41,COURSE,"Academic Structure: Sem Spread BTECH-2022
Semester: S5
Basket: Program HONORS
Basket Code: B4
Course Code: DATA207
Source Course Code: DATA 207
Course Title: Human Centric AI
Prerequisite: COMP210/COMP301
Prerequisite Status: specified
Credits: 2
Lecture Hours: 1.0
Tutorial Hours: 0.0
Practical Hours: 2.0
Source Sheet: Sem Spread BTECH-2022
Source Row: 17","{""academic_structure"": ""Sem Spread BTECH-2022"", ""semester"": ""S5"", ""course_code"": ""DATA207"", ""course_title"": ""Human Centric AI"", ""basket_code"": ""B4"", ""basket_name"": ""Program HONORS"", ""credits"": 2, ""prerequisite"": ""COMP210/COMP301"", ""source_sheet"": ""Sem Spread BTECH-2022"", ""source_row"": 17}"
COURSE_42,COURSE,"Academic Structure: Sem Spread BTECH-2022
Semester: S5
Basket: Specialization Tracks
Basket Code: B5
Course Code: MATH401/COMP401
Source Course Code: MATH401/ COMP401
Course Title: SPT-Course #1-Probabilistic Graph Models LTP: 3-0-2 /Web Framework LTP: 2-0-4
Prerequisite: NIL/NIL
Prerequisite Status: specified
Credits: 4
Lecture Hours: 2.0
Tutorial Hours: 0.0
Practical Hours: 4.0
Source Sheet: Sem Spread BTECH-2022
Source Row: 18","{""academic_structure"": ""Sem Spread BTECH-2022"", ""semester"": ""S5"", ""course_code"": ""MATH401/COMP401"", ""course_title"": ""SPT-Course #1-Probabilistic Graph Models LTP: 3-0-2 /Web Framework LTP: 2-0-4"", ""basket_code"": ""B5"", ""basket_name"": ""Specialization Tracks"", ""credits"": 4, ""prerequisite"": ""NIL/NIL"", ""source_sheet"": ""Sem Spread BTECH-2022"", ""source_row"": 18}"
COURSE_43,COURSE,"Academic Structure: Sem Spread BTECH-2022
Semester: S6
Basket: Specialization Tracks
Basket Code: B5
Course Code: DATA402/DATA406
Source Course Code: DATA402/ DATA406
Course Title: SPT-Course #2 (Advanced Visualization and Storytelling/Big Data Framework)
Prerequisite: DATA301/NIL
Prerequisite Status: specified
Credits: 4
Lecture Hours: 2.0
Tutorial Hours: 0.0
Practical Hours: 4.0
Source Sheet: Sem Spread BTECH-2022
Source Row: 18","{""academic_structure"": ""Sem Spread BTECH-2022"", ""semester"": ""S6"", ""course_code"": ""DATA402/DATA406"", ""course_title"": ""SPT-Course #2 (Advanced Visualization and Storytelling/Big Data Framework)"", ""basket_code"": ""B5"", ""basket_name"": ""Specialization Tracks"", ""credits"": 4, ""prerequisite"": ""DATA301/NIL"", ""source_sheet"": ""Sem Spread BTECH-2022"", ""source_row"": 18}"
COURSE_44,COURSE,"Academic Structure: Sem Spread BTECH-2022
Semester: S7
Basket: Specialization Tracks
Basket Code: B5
Course Code: DATA403/COMP402
Source Course Code: DATA403/ COMP402
Course Title: SPT-Course #3 (Natural Language Processing / Software Architecture and Deployments)
Prerequisite: DATA302/COMP205, COMP401
Prerequisite Status: specified
Credits: 4
Lecture Hours: 2.0
Tutorial Hours: 0.0
Practical Hours: 4.0
Source Sheet: Sem Spread BTECH-2022
Source Row: 18","{""academic_structure"": ""Sem Spread BTECH-2022"", ""semester"": ""S7"", ""course_code"": ""DATA403/COMP402"", ""course_title"": ""SPT-Course #3 (Natural Language Processing / Software Architecture and Deployments)"", ""basket_code"": ""B5"", ""basket_name"": ""Specialization Tracks"", ""credits"": 4, ""prerequisite"": ""DATA302/COMP205, COMP401"", ""source_sheet"": ""Sem Spread BTECH-2022"", ""source_row"": 18}"
COURSE_45,COURSE,"Academic Structure: Sem Spread BTECH-2022
Semester: S7
Basket: Specialization Tracks
Basket Code: B5
Course Code: DATA404
Source Course Code: DATA404
Course Title: SPT-Course #4 (Multi Modal Learning / Cloud Computing)
Prerequisite: DATA302
Prerequisite Status: specified
Credits: 4
Lecture Hours: 2.0
Tutorial Hours: 0.0
Practical Hours: 4.0
Source Sheet: Sem Spread BTECH-2022
Source Row: 19","{""academic_structure"": ""Sem Spread BTECH-2022"", ""semester"": ""S7"", ""course_code"": ""DATA404"", ""course_title"": ""SPT-Course #4 (Multi Modal Learning / Cloud Computing)"", ""basket_code"": ""B5"", ""basket_name"": ""Specialization Tracks"", ""credits"": 4, ""prerequisite"": ""DATA302"", ""source_sheet"": ""Sem Spread BTECH-2022"", ""source_row"": 19}"
COURSE_46,COURSE,"Academic Structure: Sem Spread BTECH-2022
Semester: S7
Basket: Specialization Tracks
Basket Code: B5
Course Code: DATA405
Source Course Code: DATA405
Course Title: SPT-Course #5 (Reinforcement Learning/ Cognitive Computing)
Prerequisite: MATH202,MATH204
Prerequisite Status: specified
Credits: 4
Lecture Hours: 2.0
Tutorial Hours: 0.0
Practical Hours: 4.0
Source Sheet: Sem Spread BTECH-2022
Source Row: 20","{""academic_structure"": ""Sem Spread BTECH-2022"", ""semester"": ""S7"", ""course_code"": ""DATA405"", ""course_title"": ""SPT-Course #5 (Reinforcement Learning/ Cognitive Computing)"", ""basket_code"": ""B5"", ""basket_name"": ""Specialization Tracks"", ""credits"": 4, ""prerequisite"": ""MATH202,MATH204"", ""source_sheet"": ""Sem Spread BTECH-2022"", ""source_row"": 20}"
COURSE_47,COURSE,"Academic Structure: Sem Spread BTECH-2022
Semester: S5
Basket: Internship/ Capstone Project
Basket Code: B7
Course Code: DATA801
Source Course Code: DATA801
Course Title: Summer Training/Internship
Prerequisite: NIL
Prerequisite Status: none
Credits: 2
Lecture Hours: 0.0
Tutorial Hours: 0.0
Practical Hours: 0.0
Source Sheet: Sem Spread BTECH-2022
Source Row: 22","{""academic_structure"": ""Sem Spread BTECH-2022"", ""semester"": ""S5"", ""course_code"": ""DATA801"", ""course_title"": ""Summer Training/Internship"", ""basket_code"": ""B7"", ""basket_name"": ""Internship/ Capstone Project"", ""credits"": 2, ""prerequisite"": ""NIL"", ""source_sheet"": ""Sem Spread BTECH-2022"", ""source_row"": 22}"
COURSE_48,COURSE,"Academic Structure: Sem Spread BTECH-2022
Semester: S7
Basket: Internship/ Capstone Project
Basket Code: B7
Course Code: DATA802
Source Course Code: DATA802
Course Title: Interdisciplinary Project
Prerequisite: NIL
Prerequisite Status: none
Credits: 4
Lecture Hours: 0.0
Tutorial Hours: 0.0
Practical Hours: 0.0
Source Sheet: Sem Spread BTECH-2022
Source Row: 22","{""academic_structure"": ""Sem Spread BTECH-2022"", ""semester"": ""S7"", ""course_code"": ""DATA802"", ""course_title"": ""Interdisciplinary Project"", ""basket_code"": ""B7"", ""basket_name"": ""Internship/ Capstone Project"", ""credits"": 4, ""prerequisite"": ""NIL"", ""source_sheet"": ""Sem Spread BTECH-2022"", ""source_row"": 22}"
COURSE_49,COURSE,"Academic Structure: Sem Spread BTECH-2022
Semester: S8
Basket: Internship/ Capstone Project
Basket Code: B7
Course Code: DATA803
Source Course Code: DATA803
Course Title: Capstone Project/Industrial Internship
Prerequisite: NIL
Prerequisite Status: none
Credits: 12
Lecture Hours: 0.0
Tutorial Hours: 0.0
Practical Hours: 0.0
Source Sheet: Sem Spread BTECH-2022
Source Row: 22","{""academic_structure"": ""Sem Spread BTECH-2022"", ""semester"": ""S8"", ""course_code"": ""DATA803"", ""course_title"": ""Capstone Project/Industrial Internship"", ""basket_code"": ""B7"", ""basket_name"": ""Internship/ Capstone Project"", ""credits"": 12, ""prerequisite"": ""NIL"", ""source_sheet"": ""Sem Spread BTECH-2022"", ""source_row"": 22}"
COURSE_50,COURSE,"Academic Structure: Sem_Spread_2023
Semester: S1
Basket: Univ Core
Basket Code: B1
Course Code: UCOR103
Source Course Code: UCOR103
Course Title: Communication Skills
Prerequisite: NIL
Prerequisite Status: none
Credits: 2
Lecture Hours: 1.0
Tutorial Hours: 0.0
Practical Hours: 2.0
Source Sheet: Sem_Spread_2023
Source Row: 3","{""academic_structure"": ""Sem_Spread_2023"", ""semester"": ""S1"", ""course_code"": ""UCOR103"", ""course_title"": ""Communication Skills"", ""basket_code"": ""B1"", ""basket_name"": ""Univ Core"", ""credits"": 2, ""prerequisite"": ""NIL"", ""source_sheet"": ""Sem_Spread_2023"", ""source_row"": 3}"
COURSE_51,COURSE,"Academic Structure: Sem_Spread_2023
Semester: S2
Basket: Univ Core
Basket Code: B1
Course Code: UCOR203
Source Course Code: UCOR203
Course Title: Leadership and Teamwork Skills
Prerequisite: NIL
Prerequisite Status: none
Credits: 2
Lecture Hours: 1.0
Tutorial Hours: 0.0
Practical Hours: 2.0
Source Sheet: Sem_Spread_2023
Source Row: 3","{""academic_structure"": ""Sem_Spread_2023"", ""semester"": ""S2"", ""course_code"": ""UCOR203"", ""course_title"": ""Leadership and Teamwork Skills"", ""basket_code"": ""B1"", ""basket_name"": ""Univ Core"", ""credits"": 2, ""prerequisite"": ""NIL"", ""source_sheet"": ""Sem_Spread_2023"", ""source_row"": 3}"
COURSE_52,COURSE,"Academic Structure: Sem_Spread_2023
Semester: S3
Basket: Univ Core
Basket Code: B1
Course Code: UCOR205
Source Course Code: UCOR205
Course Title: Socio Cultural Perspectives on Indian Life-SPIL
Prerequisite: NIL
Prerequisite Status: none
Credits: 3
Lecture Hours: 2.0
Tutorial Hours: 1.0
Practical Hours: 0.0
Source Sheet: Sem_Spread_2023
Source Row: 3","{""academic_structure"": ""Sem_Spread_2023"", ""semester"": ""S3"", ""course_code"": ""UCOR205"", ""course_title"": ""Socio Cultural Perspectives on Indian Life-SPIL"", ""basket_code"": ""B1"", ""basket_name"": ""Univ Core"", ""credits"": 3, ""prerequisite"": ""NIL"", ""source_sheet"": ""Sem_Spread_2023"", ""source_row"": 3}"
COURSE_53,COURSE,"Academic Structure: Sem_Spread_2023
Semester: S1
Basket: Univ Core
Basket Code: B1
Course Code: UCOR104
Source Course Code: UCOR104
Course Title: Problem Solving with Design Thinking
Prerequisite: NIL
Prerequisite Status: none
Credits: 2
Lecture Hours: 1.0
Tutorial Hours: 0.0
Practical Hours: 2.0
Source Sheet: Sem_Spread_2023
Source Row: 4","{""academic_structure"": ""Sem_Spread_2023"", ""semester"": ""S1"", ""course_code"": ""UCOR104"", ""course_title"": ""Problem Solving with Design Thinking"", ""basket_code"": ""B1"", ""basket_name"": ""Univ Core"", ""credits"": 2, ""prerequisite"": ""NIL"", ""source_sheet"": ""Sem_Spread_2023"", ""source_row"": 4}"
COURSE_54,COURSE,"Academic Structure: Sem_Spread_2023
Semester: S2
Basket: Univ Core
Basket Code: B1
Course Code: UCOR701
Source Course Code: UCOR701
Course Title: Community Engagement & Service Experience
Prerequisite: NIL
Prerequisite Status: none
Credits: 1
Lecture Hours: 0.0
Tutorial Hours: 0.0
Practical Hours: 0.0
Source Sheet: Sem_Spread_2023
Source Row: 4","{""academic_structure"": ""Sem_Spread_2023"", ""semester"": ""S2"", ""course_code"": ""UCOR701"", ""course_title"": ""Community Engagement & Service Experience"", ""basket_code"": ""B1"", ""basket_name"": ""Univ Core"", ""credits"": 1, ""prerequisite"": ""NIL"", ""source_sheet"": ""Sem_Spread_2023"", ""source_row"": 4}"
COURSE_55,COURSE,"Academic Structure: Sem_Spread_2023
Semester: S1
Basket: Univ Core
Basket Code: B1
Course Code: UCOR102
Source Course Code: UCOR102
Course Title: Introduction to writing
Prerequisite: NIL
Prerequisite Status: none
Credits: 2
Lecture Hours: 1.0
Tutorial Hours: 0.0
Practical Hours: 2.0
Source Sheet: Sem_Spread_2023
Source Row: 5","{""academic_structure"": ""Sem_Spread_2023"", ""semester"": ""S1"", ""course_code"": ""UCOR102"", ""course_title"": ""Introduction to writing"", ""basket_code"": ""B1"", ""basket_name"": ""Univ Core"", ""credits"": 2, ""prerequisite"": ""NIL"", ""source_sheet"": ""Sem_Spread_2023"", ""source_row"": 5}"
COURSE_56,COURSE,"Academic Structure: Sem_Spread_2023
Semester: S2
Basket: Univ Core
Basket Code: B1
Course Code: UCOR106
Source Course Code: UCOR106
Course Title: Learning to Learn
Prerequisite: NIL
Prerequisite Status: none
Credits: 2
Lecture Hours: 1.0
Tutorial Hours: 0.0
Practical Hours: 2.0
Source Sheet: Sem_Spread_2023
Source Row: 5","{""academic_structure"": ""Sem_Spread_2023"", ""semester"": ""S2"", ""course_code"": ""UCOR106"", ""course_title"": ""Learning to Learn"", ""basket_code"": ""B1"", ""basket_name"": ""Univ Core"", ""credits"": 2, ""prerequisite"": ""NIL"", ""source_sheet"": ""Sem_Spread_2023"", ""source_row"": 5}"
COURSE_57,COURSE,"Academic Structure: Sem_Spread_2023
Semester: S3
Basket: Univ Core
Basket Code: B1
Course Code: UCOR201
Source Course Code: UCOR201
Course Title: Introduction to Epistemology
Prerequisite: NIL
Prerequisite Status: none
Credits: 2
Lecture Hours: 1.0
Tutorial Hours: 1.0
Practical Hours: 0.0
Source Sheet: Sem_Spread_2023
Source Row: 5","{""academic_structure"": ""Sem_Spread_2023"", ""semester"": ""S3"", ""course_code"": ""UCOR201"", ""course_title"": ""Introduction to Epistemology"", ""basket_code"": ""B1"", ""basket_name"": ""Univ Core"", ""credits"": 2, ""prerequisite"": ""NIL"", ""source_sheet"": ""Sem_Spread_2023"", ""source_row"": 5}"
COURSE_58,COURSE,"Academic Structure: Sem_Spread_2023
Semester: S4
Basket: Univ Core
Basket Code: B1
Course Code: UCOR210
Source Course Code: UCOR210
Course Title: Critical Thinking
Prerequisite: NIL
Prerequisite Status: none
Credits: 2
Lecture Hours: 2.0
Tutorial Hours: 0.0
Practical Hours: 0.0
Source Sheet: Sem_Spread_2023
Source Row: 5","{""academic_structure"": ""Sem_Spread_2023"", ""semester"": ""S4"", ""course_code"": ""UCOR210"", ""course_title"": ""Critical Thinking"", ""basket_code"": ""B1"", ""basket_name"": ""Univ Core"", ""credits"": 2, ""prerequisite"": ""NIL"", ""source_sheet"": ""Sem_Spread_2023"", ""source_row"": 5}"
COURSE_59,COURSE,"Academic Structure: Sem_Spread_2023
Semester: S1
Basket: Foundation
Basket Code: B2
Course Code: MATH202
Source Course Code: MATH202
Course Title: Probability Theory
Prerequisite: NIL
Prerequisite Status: none
Credits: 3
Lecture Hours: 2.0
Tutorial Hours: 1.0
Practical Hours: 0.0
Source Sheet: Sem_Spread_2023
Source Row: 7","{""academic_structure"": ""Sem_Spread_2023"", ""semester"": ""S1"", ""course_code"": ""MATH202"", ""course_title"": ""Probability Theory"", ""basket_code"": ""B2"", ""basket_name"": ""Foundation"", ""credits"": 3, ""prerequisite"": ""NIL"", ""source_sheet"": ""Sem_Spread_2023"", ""source_row"": 7}"
COURSE_60,COURSE,"Academic Structure: Sem_Spread_2023
Semester: S2
Basket: Foundation
Basket Code: B2
Course Code: MATH201
Source Course Code: MATH201
Course Title: Calculus
Prerequisite: NIL
Prerequisite Status: none
Credits: 3
Lecture Hours: 2.0
Tutorial Hours: 1.0
Practical Hours: 0.0
Source Sheet: Sem_Spread_2023
Source Row: 7","{""academic_structure"": ""Sem_Spread_2023"", ""semester"": ""S2"", ""course_code"": ""MATH201"", ""course_title"": ""Calculus"", ""basket_code"": ""B2"", ""basket_name"": ""Foundation"", ""credits"": 3, ""prerequisite"": ""NIL"", ""source_sheet"": ""Sem_Spread_2023"", ""source_row"": 7}"
COURSE_61,COURSE,"Academic Structure: Sem_Spread_2023
Semester: S3
Basket: Foundation
Basket Code: B2
Course Code: MTSC781
Source Course Code: MTSC781
Course Title: Sustainable Cities and Communities
Prerequisite: NIL
Prerequisite Status: none
Credits: 3
Lecture Hours: 0.0
Tutorial Hours: 0.0
Practical Hours: 0.0
Source Sheet: Sem_Spread_2023
Source Row: 7","{""academic_structure"": ""Sem_Spread_2023"", ""semester"": ""S3"", ""course_code"": ""MTSC781"", ""course_title"": ""Sustainable Cities and Communities"", ""basket_code"": ""B2"", ""basket_name"": ""Foundation"", ""credits"": 3, ""prerequisite"": ""NIL"", ""source_sheet"": ""Sem_Spread_2023"", ""source_row"": 7}"
COURSE_62,COURSE,"Academic Structure: Sem_Spread_2023
Semester: S4
Basket: Foundation
Basket Code: B2
Course Code: SLAD206
Source Course Code: SLAD206
Course Title: Human Values in Work and Life
Prerequisite: NIL
Prerequisite Status: none
Credits: 2
Lecture Hours: 0.0
Tutorial Hours: 0.0
Practical Hours: 0.0
Source Sheet: Sem_Spread_2023
Source Row: 7","{""academic_structure"": ""Sem_Spread_2023"", ""semester"": ""S4"", ""course_code"": ""SLAD206"", ""course_title"": ""Human Values in Work and Life"", ""basket_code"": ""B2"", ""basket_name"": ""Foundation"", ""credits"": 2, ""prerequisite"": ""NIL"", ""source_sheet"": ""Sem_Spread_2023"", ""source_row"": 7}"
COURSE_63,COURSE,"Academic Structure: Sem_Spread_2023
Semester: S5
Basket: Foundation
Basket Code: B2
Course Code: LANG101
Source Course Code: LANG101
Course Title: Language
Prerequisite: NIL
Prerequisite Status: none
Credits: 3
Lecture Hours: 0.0
Tutorial Hours: 0.0
Practical Hours: 0.0
Source Sheet: Sem_Spread_2023
Source Row: 7","{""academic_structure"": ""Sem_Spread_2023"", ""semester"": ""S5"", ""course_code"": ""LANG101"", ""course_title"": ""Language"", ""basket_code"": ""B2"", ""basket_name"": ""Foundation"", ""credits"": 3, ""prerequisite"": ""NIL"", ""source_sheet"": ""Sem_Spread_2023"", ""source_row"": 7}"
COURSE_64,COURSE,"Academic Structure: Sem_Spread_2023
Semester: S1
Basket: Foundation
Basket Code: B2
Course Code: COMP132
Source Course Code: COMP132
Course Title: Design Workshop
Prerequisite: NIL
Prerequisite Status: none
Credits: 2
Lecture Hours: 0.0
Tutorial Hours: 0.0
Practical Hours: 4.0
Source Sheet: Sem_Spread_2023
Source Row: 8","{""academic_structure"": ""Sem_Spread_2023"", ""semester"": ""S1"", ""course_code"": ""COMP132"", ""course_title"": ""Design Workshop"", ""basket_code"": ""B2"", ""basket_name"": ""Foundation"", ""credits"": 2, ""prerequisite"": ""NIL"", ""source_sheet"": ""Sem_Spread_2023"", ""source_row"": 8}"
COURSE_65,COURSE,"Academic Structure: Sem_Spread_2023
Semester: S2
Basket: Foundation
Basket Code: B2
Course Code: MTSC211
Source Course Code: MTSC211
Course Title: Sustainable Smart Materials
Prerequisite: MTSC111
Prerequisite Status: specified
Credits: 3
Lecture Hours: 2.0
Tutorial Hours: 0.0
Practical Hours: 2.0
Source Sheet: Sem_Spread_2023
Source Row: 8","{""academic_structure"": ""Sem_Spread_2023"", ""semester"": ""S2"", ""course_code"": ""MTSC211"", ""course_title"": ""Sustainable Smart Materials"", ""basket_code"": ""B2"", ""basket_name"": ""Foundation"", ""credits"": 3, ""prerequisite"": ""MTSC111"", ""source_sheet"": ""Sem_Spread_2023"", ""source_row"": 8}"
COURSE_66,COURSE,"Academic Structure: Sem_Spread_2023
Semester: S3
Basket: Foundation
Basket Code: B2
Course Code: MATH204
Source Course Code: MATH204
Course Title: Linear Algebra
Prerequisite: NIL
Prerequisite Status: none
Credits: 3
Lecture Hours: 2.0
Tutorial Hours: 1.0
Practical Hours: 0.0
Source Sheet: Sem_Spread_2023
Source Row: 8","{""academic_structure"": ""Sem_Spread_2023"", ""semester"": ""S3"", ""course_code"": ""MATH204"", ""course_title"": ""Linear Algebra"", ""basket_code"": ""B2"", ""basket_name"": ""Foundation"", ""credits"": 3, ""prerequisite"": ""NIL"", ""source_sheet"": ""Sem_Spread_2023"", ""source_row"": 8}"
COURSE_67,COURSE,"Academic Structure: Sem_Spread_2023
Semester: S4
Basket: Foundation
Basket Code: B2
Course Code: SLAD207
Source Course Code: SLAD207
Course Title: Foundation Seminar
Prerequisite: NIL
Prerequisite Status: none
Credits: 1
Lecture Hours: 0.0
Tutorial Hours: 0.0
Practical Hours: 0.0
Source Sheet: Sem_Spread_2023
Source Row: 8","{""academic_structure"": ""Sem_Spread_2023"", ""semester"": ""S4"", ""course_code"": ""SLAD207"", ""course_title"": ""Foundation Seminar"", ""basket_code"": ""B2"", ""basket_name"": ""Foundation"", ""credits"": 1, ""prerequisite"": ""NIL"", ""source_sheet"": ""Sem_Spread_2023"", ""source_row"": 8}"
COURSE_68,COURSE,"Academic Structure: Sem_Spread_2023
Semester: S1
Basket: Foundation
Basket Code: B2
Course Code: MTSC111
Source Course Code: MTSC111
Course Title: Materials for Smart Devices
Prerequisite: NIL
Prerequisite Status: none
Credits: 3
Lecture Hours: 2.0
Tutorial Hours: 0.0
Practical Hours: 2.0
Source Sheet: Sem_Spread_2023
Source Row: 9","{""academic_structure"": ""Sem_Spread_2023"", ""semester"": ""S1"", ""course_code"": ""MTSC111"", ""course_title"": ""Materials for Smart Devices"", ""basket_code"": ""B2"", ""basket_name"": ""Foundation"", ""credits"": 3, ""prerequisite"": ""NIL"", ""source_sheet"": ""Sem_Spread_2023"", ""source_row"": 9}"
COURSE_69,COURSE,"Academic Structure: Sem_Spread_2023
Semester: S2
Basket: Foundation
Basket Code: B2
Course Code: ENGL201
Source Course Code: ENGL201
Course Title: Academic Writing
Prerequisite: UCOR102
Prerequisite Status: specified
Credits: 3
Lecture Hours: 2.0
Tutorial Hours: 0.0
Practical Hours: 2.0
Source Sheet: Sem_Spread_2023
Source Row: 9","{""academic_structure"": ""Sem_Spread_2023"", ""semester"": ""S2"", ""course_code"": ""ENGL201"", ""course_title"": ""Academic Writing"", ""basket_code"": ""B2"", ""basket_name"": ""Foundation"", ""credits"": 3, ""prerequisite"": ""UCOR102"", ""source_sheet"": ""Sem_Spread_2023"", ""source_row"": 9}"
COURSE_70,COURSE,"Academic Structure: Sem_Spread_2023
Semester: S1
Basket: Foundation
Basket Code: B2
Course Code: PSYC101/ECON101
Source Course Code: PSYC101/ECON101
Course Title: Introduction to Psychology/Introduction to Economics
Prerequisite: NIL
Prerequisite Status: none
Credits: 3
Lecture Hours: 2.0
Tutorial Hours: 1.0
Practical Hours: 0.0
Source Sheet: Sem_Spread_2023
Source Row: 10","{""academic_structure"": ""Sem_Spread_2023"", ""semester"": ""S1"", ""course_code"": ""PSYC101/ECON101"", ""course_title"": ""Introduction to Psychology/Introduction to Economics"", ""basket_code"": ""B2"", ""basket_name"": ""Foundation"", ""credits"": 3, ""prerequisite"": ""NIL"", ""source_sheet"": ""Sem_Spread_2023"", ""source_row"": 10}"
COURSE_71,COURSE,"Academic Structure: Sem_Spread_2023
Semester: S1
Basket: Foundation
Basket Code: B2
Course Code: DATA131
Source Course Code: DATA131
Course Title: Visualizing Data for Story Telling
Prerequisite: NIL
Prerequisite Status: none
Credits: 2
Lecture Hours: 1.0
Tutorial Hours: 0.0
Practical Hours: 2.0
Source Sheet: Sem_Spread_2023
Source Row: 11","{""academic_structure"": ""Sem_Spread_2023"", ""semester"": ""S1"", ""course_code"": ""DATA131"", ""course_title"": ""Visualizing Data for Story Telling"", ""basket_code"": ""B2"", ""basket_name"": ""Foundation"", ""credits"": 2, ""prerequisite"": ""NIL"", ""source_sheet"": ""Sem_Spread_2023"", ""source_row"": 11}"
COURSE_72,COURSE,"Academic Structure: Sem_Spread_2023
Semester: S2
Basket: Program CORE
Basket Code: B3
Course Code: COMP201
Source Course Code: COMP201
Course Title: Data Structures
Prerequisite: NIL
Prerequisite Status: none
Credits: 4
Lecture Hours: 3.0
Tutorial Hours: 0.0
Practical Hours: 2.0
Source Sheet: Sem_Spread_2023
Source Row: 12","{""academic_structure"": ""Sem_Spread_2023"", ""semester"": ""S2"", ""course_code"": ""COMP201"", ""course_title"": ""Data Structures"", ""basket_code"": ""B3"", ""basket_name"": ""Program CORE"", ""credits"": 4, ""prerequisite"": ""NIL"", ""source_sheet"": ""Sem_Spread_2023"", ""source_row"": 12}"
COURSE_73,COURSE,"Academic Structure: Sem_Spread_2023
Semester: S3
Basket: Program CORE
Basket Code: B3
Course Code: COMP203
Source Course Code: COMP203
Course Title: Analysis of Algorithms
Prerequisite: COMP201
Prerequisite Status: specified
Credits: 4
Lecture Hours: 3.0
Tutorial Hours: 0.0
Practical Hours: 2.0
Source Sheet: Sem_Spread_2023
Source Row: 12","{""academic_structure"": ""Sem_Spread_2023"", ""semester"": ""S3"", ""course_code"": ""COMP203"", ""course_title"": ""Analysis of Algorithms"", ""basket_code"": ""B3"", ""basket_name"": ""Program CORE"", ""credits"": 4, ""prerequisite"": ""COMP201"", ""source_sheet"": ""Sem_Spread_2023"", ""source_row"": 12}"
COURSE_74,COURSE,"Academic Structure: Sem_Spread_2023
Semester: S4
Basket: Program CORE
Basket Code: B3
Course Code: COMP209
Source Course Code: COMP209
Course Title: Databases Management
Prerequisite: NIL
Prerequisite Status: none
Credits: 4
Lecture Hours: 3.0
Tutorial Hours: 0.0
Practical Hours: 2.0
Source Sheet: Sem_Spread_2023
Source Row: 12","{""academic_structure"": ""Sem_Spread_2023"", ""semester"": ""S4"", ""course_code"": ""COMP209"", ""course_title"": ""Databases Management"", ""basket_code"": ""B3"", ""basket_name"": ""Program CORE"", ""credits"": 4, ""prerequisite"": ""NIL"", ""source_sheet"": ""Sem_Spread_2023"", ""source_row"": 12}"
COURSE_75,COURSE,"Academic Structure: Sem_Spread_2023
Semester: S5
Basket: Program CORE
Basket Code: B3
Course Code: COMP208
Source Course Code: COMP208
Course Title: Networks
Prerequisite: NIL
Prerequisite Status: none
Credits: 4
Lecture Hours: 3.0
Tutorial Hours: 0.0
Practical Hours: 2.0
Source Sheet: Sem_Spread_2023
Source Row: 12","{""academic_structure"": ""Sem_Spread_2023"", ""semester"": ""S5"", ""course_code"": ""COMP208"", ""course_title"": ""Networks"", ""basket_code"": ""B3"", ""basket_name"": ""Program CORE"", ""credits"": 4, ""prerequisite"": ""NIL"", ""source_sheet"": ""Sem_Spread_2023"", ""source_row"": 12}"
COURSE_76,COURSE,"Academic Structure: Sem_Spread_2023
Semester: S6
Basket: Program CORE
Basket Code: B3
Course Code: COMP302
Source Course Code: COMP302
Course Title: Internet of Things
Prerequisite: COMP132, COMP201, COMP206, COMP208, COMP301
Prerequisite Status: specified
Credits: 2
Lecture Hours: 0.0
Tutorial Hours: 0.0
Practical Hours: 4.0
Source Sheet: Sem_Spread_2023
Source Row: 12","{""academic_structure"": ""Sem_Spread_2023"", ""semester"": ""S6"", ""course_code"": ""COMP302"", ""course_title"": ""Internet of Things"", ""basket_code"": ""B3"", ""basket_name"": ""Program CORE"", ""credits"": 2, ""prerequisite"": ""COMP132, COMP201, COMP206, COMP208, COMP301"", ""source_sheet"": ""Sem_Spread_2023"", ""source_row"": 12}"
COURSE_77,COURSE,"Academic Structure: Sem_Spread_2023
Semester: S2
Basket: Program CORE
Basket Code: B3
Course Code: MATH205
Source Course Code: MATH205
Course Title: Statistics with R
Prerequisite: MATH202
Prerequisite Status: specified
Credits: 3
Lecture Hours: 2.0
Tutorial Hours: 0.0
Practical Hours: 2.0
Source Sheet: Sem_Spread_2023
Source Row: 13","{""academic_structure"": ""Sem_Spread_2023"", ""semester"": ""S2"", ""course_code"": ""MATH205"", ""course_title"": ""Statistics with R"", ""basket_code"": ""B3"", ""basket_name"": ""Program CORE"", ""credits"": 3, ""prerequisite"": ""MATH202"", ""source_sheet"": ""Sem_Spread_2023"", ""source_row"": 13}"
COURSE_78,COURSE,"Academic Structure: Sem_Spread_2023
Semester: S3
Basket: Program CORE
Basket Code: B3
Course Code: COMP202
Source Course Code: COMP202
Course Title: Theoretical Computer Science
Prerequisite: NIL
Prerequisite Status: none
Credits: 4
Lecture Hours: 3.0
Tutorial Hours: 1.0
Practical Hours: 0.0
Source Sheet: Sem_Spread_2023
Source Row: 13","{""academic_structure"": ""Sem_Spread_2023"", ""semester"": ""S3"", ""course_code"": ""COMP202"", ""course_title"": ""Theoretical Computer Science"", ""basket_code"": ""B3"", ""basket_name"": ""Program CORE"", ""credits"": 4, ""prerequisite"": ""NIL"", ""source_sheet"": ""Sem_Spread_2023"", ""source_row"": 13}"
COURSE_79,COURSE,"Academic Structure: Sem_Spread_2023
Semester: S4
Basket: Program CORE
Basket Code: B3
Course Code: COMP204
Source Course Code: COMP204
Course Title: Digital Design and Computer Organization
Prerequisite: NIL
Prerequisite Status: none
Credits: 4
Lecture Hours: 3.0
Tutorial Hours: 1.0
Practical Hours: 0.0
Source Sheet: Sem_Spread_2023
Source Row: 13","{""academic_structure"": ""Sem_Spread_2023"", ""semester"": ""S4"", ""course_code"": ""COMP204"", ""course_title"": ""Digital Design and Computer Organization"", ""basket_code"": ""B3"", ""basket_name"": ""Program CORE"", ""credits"": 4, ""prerequisite"": ""NIL"", ""source_sheet"": ""Sem_Spread_2023"", ""source_row"": 13}"
COURSE_80,COURSE,"Academic Structure: Sem_Spread_2023
Semester: S5
Basket: Program CORE
Basket Code: B3
Course Code: COMP207
Source Course Code: COMP207
Course Title: Operating Systems
Prerequisite: NIL
Prerequisite Status: none
Credits: 3
Lecture Hours: 2.0
Tutorial Hours: 0.0
Practical Hours: 2.0
Source Sheet: Sem_Spread_2023
Source Row: 13","{""academic_structure"": ""Sem_Spread_2023"", ""semester"": ""S5"", ""course_code"": ""COMP207"", ""course_title"": ""Operating Systems"", ""basket_code"": ""B3"", ""basket_name"": ""Program CORE"", ""credits"": 3, ""prerequisite"": ""NIL"", ""source_sheet"": ""Sem_Spread_2023"", ""source_row"": 13}"
COURSE_81,COURSE,"Academic Structure: Sem_Spread_2023
Semester: S3
Basket: Program CORE
Basket Code: B3
Course Code: MATH207
Source Course Code: MATH207
Course Title: Research Methodology
Prerequisite: NIL
Prerequisite Status: none
Credits: 3
Lecture Hours: 2.0
Tutorial Hours: 0.0
Practical Hours: 2.0
Source Sheet: Sem_Spread_2023
Source Row: 14","{""academic_structure"": ""Sem_Spread_2023"", ""semester"": ""S3"", ""course_code"": ""MATH207"", ""course_title"": ""Research Methodology"", ""basket_code"": ""B3"", ""basket_name"": ""Program CORE"", ""credits"": 3, ""prerequisite"": ""NIL"", ""source_sheet"": ""Sem_Spread_2023"", ""source_row"": 14}"
COURSE_82,COURSE,"Academic Structure: Sem_Spread_2023
Semester: S4
Basket: Program CORE
Basket Code: B3
Course Code: COMP301
Source Course Code: COMP301
Course Title: Artificial Intelligence
Prerequisite: NIL
Prerequisite Status: none
Credits: 4
Lecture Hours: 3.0
Tutorial Hours: 0.0
Practical Hours: 2.0
Source Sheet: Sem_Spread_2023
Source Row: 14","{""academic_structure"": ""Sem_Spread_2023"", ""semester"": ""S4"", ""course_code"": ""COMP301"", ""course_title"": ""Artificial Intelligence"", ""basket_code"": ""B3"", ""basket_name"": ""Program CORE"", ""credits"": 4, ""prerequisite"": ""NIL"", ""source_sheet"": ""Sem_Spread_2023"", ""source_row"": 14}"
COURSE_83,COURSE,"Academic Structure: Sem_Spread_2023
Semester: S5
Basket: Program CORE
Basket Code: B3
Course Code: COMP206
Source Course Code: COMP206
Course Title: Microprocessors and Computer Architecture
Prerequisite: COMP204, COMP207
Prerequisite Status: specified
Credits: 4
Lecture Hours: 3.0
Tutorial Hours: 0.0
Practical Hours: 2.0
Source Sheet: Sem_Spread_2023
Source Row: 14","{""academic_structure"": ""Sem_Spread_2023"", ""semester"": ""S5"", ""course_code"": ""COMP206"", ""course_title"": ""Microprocessors and Computer Architecture"", ""basket_code"": ""B3"", ""basket_name"": ""Program CORE"", ""credits"": 4, ""prerequisite"": ""COMP204, COMP207"", ""source_sheet"": ""Sem_Spread_2023"", ""source_row"": 14}"
COURSE_84,COURSE,"Academic Structure: Sem_Spread_2023
Semester: S4
Basket: Program CORE
Basket Code: B3
Course Code: COMP205
Source Course Code: COMP205
Course Title: Object Oriented Programming
Prerequisite: NIL
Prerequisite Status: none
Credits: 3
Lecture Hours: 2.0
Tutorial Hours: 0.0
Practical Hours: 2.0
Source Sheet: Sem_Spread_2023
Source Row: 15","{""academic_structure"": ""Sem_Spread_2023"", ""semester"": ""S4"", ""course_code"": ""COMP205"", ""course_title"": ""Object Oriented Programming"", ""basket_code"": ""B3"", ""basket_name"": ""Program CORE"", ""credits"": 3, ""prerequisite"": ""NIL"", ""source_sheet"": ""Sem_Spread_2023"", ""source_row"": 15}"
COURSE_85,COURSE,"Academic Structure: Sem_Spread_2023
Semester: S2
Basket: Program HONORS
Basket Code: B4
Course Code: DATA201
Source Course Code: DATA201
Course Title: Foundations to Data Science
Prerequisite: NIL
Prerequisite Status: none
Credits: 3
Lecture Hours: 2.0
Tutorial Hours: 0.0
Practical Hours: 2.0
Source Sheet: Sem_Spread_2023
Source Row: 16","{""academic_structure"": ""Sem_Spread_2023"", ""semester"": ""S2"", ""course_code"": ""DATA201"", ""course_title"": ""Foundations to Data Science"", ""basket_code"": ""B4"", ""basket_name"": ""Program HONORS"", ""credits"": 3, ""prerequisite"": ""NIL"", ""source_sheet"": ""Sem_Spread_2023"", ""source_row"": 16}"
COURSE_86,COURSE,"Academic Structure: Sem_Spread_2023
Semester: S3
Basket: Program HONORS
Basket Code: B4
Course Code: DATA202
Source Course Code: DATA202
Course Title: Exploratory Data Analysis
Prerequisite: DATA201, MATH203
Prerequisite Status: specified
Credits: 3
Lecture Hours: 2.0
Tutorial Hours: 0.0
Practical Hours: 2.0
Source Sheet: Sem_Spread_2023
Source Row: 16","{""academic_structure"": ""Sem_Spread_2023"", ""semester"": ""S3"", ""course_code"": ""DATA202"", ""course_title"": ""Exploratory Data Analysis"", ""basket_code"": ""B4"", ""basket_name"": ""Program HONORS"", ""credits"": 3, ""prerequisite"": ""DATA201, MATH203"", ""source_sheet"": ""Sem_Spread_2023"", ""source_row"": 16}"
COURSE_87,COURSE,"Academic Structure: Sem_Spread_2023
Semester: S4
Basket: Program HONORS
Basket Code: B4
Course Code: MATH301
Source Course Code: MATH301
Course Title: Optimization Techniques for Data Science
Prerequisite: MATH201
Prerequisite Status: specified
Credits: 4
Lecture Hours: 3.0
Tutorial Hours: 1.0
Practical Hours: 0.0
Source Sheet: Sem_Spread_2023
Source Row: 16","{""academic_structure"": ""Sem_Spread_2023"", ""semester"": ""S4"", ""course_code"": ""MATH301"", ""course_title"": ""Optimization Techniques for Data Science"", ""basket_code"": ""B4"", ""basket_name"": ""Program HONORS"", ""credits"": 4, ""prerequisite"": ""MATH201"", ""source_sheet"": ""Sem_Spread_2023"", ""source_row"": 16}"
COURSE_88,COURSE,"Academic Structure: Sem_Spread_2023
Semester: S5
Basket: Program HONORS
Basket Code: B4
Course Code: DATA301
Source Course Code: DATA 301
Course Title: Machine Learning
Prerequisite: DATA202, MATH301
Prerequisite Status: specified
Credits: 4
Lecture Hours: 2.0
Tutorial Hours: 0.0
Practical Hours: 4.0
Source Sheet: Sem_Spread_2023
Source Row: 16","{""academic_structure"": ""Sem_Spread_2023"", ""semester"": ""S5"", ""course_code"": ""DATA301"", ""course_title"": ""Machine Learning"", ""basket_code"": ""B4"", ""basket_name"": ""Program HONORS"", ""credits"": 4, ""prerequisite"": ""DATA202, MATH301"", ""source_sheet"": ""Sem_Spread_2023"", ""source_row"": 16}"
COURSE_89,COURSE,"Academic Structure: Sem_Spread_2023
Semester: S6
Basket: Program HONORS
Basket Code: B4
Course Code: DATA302
Source Course Code: DATA 302
Course Title: Deep Learning
Prerequisite: DATA301, MATH201
Prerequisite Status: specified
Credits: 4
Lecture Hours: 2.0
Tutorial Hours: 0.0
Practical Hours: 4.0
Source Sheet: Sem_Spread_2023
Source Row: 16","{""academic_structure"": ""Sem_Spread_2023"", ""semester"": ""S6"", ""course_code"": ""DATA302"", ""course_title"": ""Deep Learning"", ""basket_code"": ""B4"", ""basket_name"": ""Program HONORS"", ""credits"": 4, ""prerequisite"": ""DATA301, MATH201"", ""source_sheet"": ""Sem_Spread_2023"", ""source_row"": 16}"
COURSE_90,COURSE,"Academic Structure: Sem_Spread_2023
Semester: S6
Basket: Program HONORS
Basket Code: B4
Course Code: DATA303
Source Course Code: DATA 303
Course Title: MLOps & Model Deployment
Prerequisite: DATA301, COMP208
Prerequisite Status: specified
Credits: 2
Lecture Hours: 1.0
Tutorial Hours: 0.0
Practical Hours: 2.0
Source Sheet: Sem_Spread_2023
Source Row: 17","{""academic_structure"": ""Sem_Spread_2023"", ""semester"": ""S6"", ""course_code"": ""DATA303"", ""course_title"": ""MLOps & Model Deployment"", ""basket_code"": ""B4"", ""basket_name"": ""Program HONORS"", ""credits"": 2, ""prerequisite"": ""DATA301, COMP208"", ""source_sheet"": ""Sem_Spread_2023"", ""source_row"": 17}"
COURSE_91,COURSE,"Academic Structure: Sem_Spread_2023
Semester: S5
Basket: Specialization Tracks
Basket Code: B5
Course Code: MATH401/COMP401
Source Course Code: MATH401/ COMP401
Course Title: SPT-Course #1-Probabilistic Graph Models LTP: 3-0-2 /Web Framework LTP: 2-0-4
Prerequisite: NIL/NIL
Prerequisite Status: specified
Credits: 4
Lecture Hours: 2.0
Tutorial Hours: 0.0
Practical Hours: 4.0
Source Sheet: Sem_Spread_2023
Source Row: 18","{""academic_structure"": ""Sem_Spread_2023"", ""semester"": ""S5"", ""course_code"": ""MATH401/COMP401"", ""course_title"": ""SPT-Course #1-Probabilistic Graph Models LTP: 3-0-2 /Web Framework LTP: 2-0-4"", ""basket_code"": ""B5"", ""basket_name"": ""Specialization Tracks"", ""credits"": 4, ""prerequisite"": ""NIL/NIL"", ""source_sheet"": ""Sem_Spread_2023"", ""source_row"": 18}"
COURSE_92,COURSE,"Academic Structure: Sem_Spread_2023
Semester: S6
Basket: Specialization Tracks
Basket Code: B5
Course Code: DATA405/DATA406
Source Course Code: DATA405/ DATA406
Course Title: SPT-Course #2-Reinforcement Learning/Big Data Framework
Prerequisite: MATH202, MATH204/NIL
Prerequisite Status: specified
Credits: 4
Lecture Hours: 2.0
Tutorial Hours: 0.0
Practical Hours: 4.0
Source Sheet: Sem_Spread_2023
Source Row: 18","{""academic_structure"": ""Sem_Spread_2023"", ""semester"": ""S6"", ""course_code"": ""DATA405/DATA406"", ""course_title"": ""SPT-Course #2-Reinforcement Learning/Big Data Framework"", ""basket_code"": ""B5"", ""basket_name"": ""Specialization Tracks"", ""credits"": 4, ""prerequisite"": ""MATH202, MATH204/NIL"", ""source_sheet"": ""Sem_Spread_2023"", ""source_row"": 18}"
COURSE_93,COURSE,"Academic Structure: Sem_Spread_2023
Semester: S7
Basket: Specialization Tracks
Basket Code: B5
Course Code: DATA403
Source Course Code: DATA403
Course Title: SPT-Course #3 (Natural Language Processing / Natural Language Processing)
Prerequisite: DATA302
Prerequisite Status: specified
Credits: 4
Lecture Hours: 2.0
Tutorial Hours: 0.0
Practical Hours: 4.0
Source Sheet: Sem_Spread_2023
Source Row: 18","{""academic_structure"": ""Sem_Spread_2023"", ""semester"": ""S7"", ""course_code"": ""DATA403"", ""course_title"": ""SPT-Course #3 (Natural Language Processing / Natural Language Processing)"", ""basket_code"": ""B5"", ""basket_name"": ""Specialization Tracks"", ""credits"": 4, ""prerequisite"": ""DATA302"", ""source_sheet"": ""Sem_Spread_2023"", ""source_row"": 18}"
COURSE_94,COURSE,"Academic Structure: Sem_Spread_2023
Semester: S7
Basket: Specialization Tracks
Basket Code: B5
Course Code: DATA404/COMP402
Source Course Code: DATA404/ COMP402
Course Title: SPT-Course #4 (Multi Modal Learning/ Software Architecture and Deployments)
Prerequisite: DATA302/ COMP205, COMP401
Prerequisite Status: specified
Credits: 4
Lecture Hours: 2.0
Tutorial Hours: 0.0
Practical Hours: 4.0
Source Sheet: Sem_Spread_2023
Source Row: 19","{""academic_structure"": ""Sem_Spread_2023"", ""semester"": ""S7"", ""course_code"": ""DATA404/COMP402"", ""course_title"": ""SPT-Course #4 (Multi Modal Learning/ Software Architecture and Deployments)"", ""basket_code"": ""B5"", ""basket_name"": ""Specialization Tracks"", ""credits"": 4, ""prerequisite"": ""DATA302/ COMP205, COMP401"", ""source_sheet"": ""Sem_Spread_2023"", ""source_row"": 19}"
COURSE_95,COURSE,"Academic Structure: Sem_Spread_2023
Semester: S7
Basket: Specialization Tracks
Basket Code: B5
Course Code: DATA408/COMP405
Source Course Code: DATA408/ COMP405
Course Title: SPT-Course #5 Advanced Topics in Deep Learning LTP: 3-0-2/ Cloud &Cognitive Computing LTP: 2-0-4
Prerequisite: DATA302
Prerequisite Status: specified
Credits: 4
Lecture Hours: nan
Tutorial Hours: nan
Practical Hours: nan
Source Sheet: Sem_Spread_2023
Source Row: 20","{""academic_structure"": ""Sem_Spread_2023"", ""semester"": ""S7"", ""course_code"": ""DATA408/COMP405"", ""course_title"": ""SPT-Course #5 Advanced Topics in Deep Learning LTP: 3-0-2/ Cloud &Cognitive Computing LTP: 2-0-4"", ""basket_code"": ""B5"", ""basket_name"": ""Specialization Tracks"", ""credits"": 4, ""prerequisite"": ""DATA302"", ""source_sheet"": ""Sem_Spread_2023"", ""source_row"": 20}"
COURSE_96,COURSE,"Academic Structure: Sem_Spread_2023
Semester: S5
Basket: Internship/ Capstone Project
Basket Code: B7
Course Code: DATA801
Source Course Code: DATA801
Course Title: Summer Training/Internship
Prerequisite: NIL
Prerequisite Status: none
Credits: 2
Lecture Hours: 0.0
Tutorial Hours: 0.0
Practical Hours: 0.0
Source Sheet: Sem_Spread_2023
Source Row: 22","{""academic_structure"": ""Sem_Spread_2023"", ""semester"": ""S5"", ""course_code"": ""DATA801"", ""course_title"": ""Summer Training/Internship"", ""basket_code"": ""B7"", ""basket_name"": ""Internship/ Capstone Project"", ""credits"": 2, ""prerequisite"": ""NIL"", ""source_sheet"": ""Sem_Spread_2023"", ""source_row"": 22}"
COURSE_97,COURSE,"Academic Structure: Sem_Spread_2023
Semester: S7
Basket: Internship/ Capstone Project
Basket Code: B7
Course Code: DATA802
Source Course Code: DATA802
Course Title: Interdisciplinary Project
Prerequisite: NIL
Prerequisite Status: none
Credits: 4
Lecture Hours: 0.0
Tutorial Hours: 0.0
Practical Hours: 0.0
Source Sheet: Sem_Spread_2023
Source Row: 22","{""academic_structure"": ""Sem_Spread_2023"", ""semester"": ""S7"", ""course_code"": ""DATA802"", ""course_title"": ""Interdisciplinary Project"", ""basket_code"": ""B7"", ""basket_name"": ""Internship/ Capstone Project"", ""credits"": 4, ""prerequisite"": ""NIL"", ""source_sheet"": ""Sem_Spread_2023"", ""source_row"": 22}"
COURSE_98,COURSE,"Academic Structure: Sem_Spread_2023
Semester: S8
Basket: Internship/ Capstone Project
Basket Code: B7
Course Code: DATA803
Source Course Code: DATA803
Course Title: Capstone Project/Industrial Internship
Prerequisite: NIL
Prerequisite Status: none
Credits: 12
Lecture Hours: 0.0
Tutorial Hours: 0.0
Practical Hours: 0.0
Source Sheet: Sem_Spread_2023
Source Row: 22","{""academic_structure"": ""Sem_Spread_2023"", ""semester"": ""S8"", ""course_code"": ""DATA803"", ""course_title"": ""Capstone Project/Industrial Internship"", ""basket_code"": ""B7"", ""basket_name"": ""Internship/ Capstone Project"", ""credits"": 12, ""prerequisite"": ""NIL"", ""source_sheet"": ""Sem_Spread_2023"", ""source_row"": 22}"
COURSE_99,COURSE,"Academic Structure: Sem_Spread_2024
Semester: S1
Basket: Univ Core
Basket Code: B1
Course Code: UCOR106
Source Course Code: UCOR106
Course Title: Learning to Learn
Prerequisite: NIL
Prerequisite Status: none
Credits: 2
Lecture Hours: 1.0
Tutorial Hours: 0.0
Practical Hours: 2.0
Source Sheet: Sem_Spread_2024
Source Row: 3","{""academic_structure"": ""Sem_Spread_2024"", ""semester"": ""S1"", ""course_code"": ""UCOR106"", ""course_title"": ""Learning to Learn"", ""basket_code"": ""B1"", ""basket_name"": ""Univ Core"", ""credits"": 2, ""prerequisite"": ""NIL"", ""source_sheet"": ""Sem_Spread_2024"", ""source_row"": 3}"
COURSE_100,COURSE,"Academic Structure: Sem_Spread_2024
Semester: S2
Basket: Univ Core
Basket Code: B1
Course Code: UCOR105
Source Course Code: UCOR105
Course Title: Communication and Leadership Skills
Prerequisite: NIL
Prerequisite Status: none
Credits: 3
Lecture Hours: 2.0
Tutorial Hours: 0.0
Practical Hours: 2.0
Source Sheet: Sem_Spread_2024
Source Row: 3","{""academic_structure"": ""Sem_Spread_2024"", ""semester"": ""S2"", ""course_code"": ""UCOR105"", ""course_title"": ""Communication and Leadership Skills"", ""basket_code"": ""B1"", ""basket_name"": ""Univ Core"", ""credits"": 3, ""prerequisite"": ""NIL"", ""source_sheet"": ""Sem_Spread_2024"", ""source_row"": 3}"
COURSE_101,COURSE,"Academic Structure: Sem_Spread_2024
Semester: S3
Basket: Univ Core
Basket Code: B1
Course Code: UCOR205
Source Course Code: UCOR205
Course Title: Socio Cultural Perspectives on Indian Life-SPIL
Prerequisite: NIL
Prerequisite Status: none
Credits: 3
Lecture Hours: 2.0
Tutorial Hours: 1.0
Practical Hours: 0.0
Source Sheet: Sem_Spread_2024
Source Row: 3","{""academic_structure"": ""Sem_Spread_2024"", ""semester"": ""S3"", ""course_code"": ""UCOR205"", ""course_title"": ""Socio Cultural Perspectives on Indian Life-SPIL"", ""basket_code"": ""B1"", ""basket_name"": ""Univ Core"", ""credits"": 3, ""prerequisite"": ""NIL"", ""source_sheet"": ""Sem_Spread_2024"", ""source_row"": 3}"
COURSE_102,COURSE,"Academic Structure: Sem_Spread_2024
Semester: S4
Basket: Univ Core
Basket Code: B1
Course Code: UCOR310
Source Course Code: UCOR310
Course Title: Critical Thinking
Prerequisite: NIL
Prerequisite Status: none
Credits: 3
Lecture Hours: 2.0
Tutorial Hours: 1.0
Practical Hours: 0.0
Source Sheet: Sem_Spread_2024
Source Row: 3","{""academic_structure"": ""Sem_Spread_2024"", ""semester"": ""S4"", ""course_code"": ""UCOR310"", ""course_title"": ""Critical Thinking"", ""basket_code"": ""B1"", ""basket_name"": ""Univ Core"", ""credits"": 3, ""prerequisite"": ""NIL"", ""source_sheet"": ""Sem_Spread_2024"", ""source_row"": 3}"
COURSE_103,COURSE,"Academic Structure: Sem_Spread_2024
Semester: S1
Basket: Univ Core
Basket Code: B1
Course Code: UCOR104
Source Course Code: UCOR104
Course Title: Problem Solving with Design Thinking
Prerequisite: NIL
Prerequisite Status: none
Credits: 2
Lecture Hours: 1.0
Tutorial Hours: 0.0
Practical Hours: 2.0
Source Sheet: Sem_Spread_2024
Source Row: 4","{""academic_structure"": ""Sem_Spread_2024"", ""semester"": ""S1"", ""course_code"": ""UCOR104"", ""course_title"": ""Problem Solving with Design Thinking"", ""basket_code"": ""B1"", ""basket_name"": ""Univ Core"", ""credits"": 2, ""prerequisite"": ""NIL"", ""source_sheet"": ""Sem_Spread_2024"", ""source_row"": 4}"
COURSE_104,COURSE,"Academic Structure: Sem_Spread_2024
Semester: S2
Basket: Univ Core
Basket Code: B1
Course Code: UCOR701
Source Course Code: UCOR701
Course Title: Community Engagement & Service Experience
Prerequisite: NIL
Prerequisite Status: none
Credits: 1
Lecture Hours: 0.0
Tutorial Hours: 0.0
Practical Hours: 0.0
Source Sheet: Sem_Spread_2024
Source Row: 4","{""academic_structure"": ""Sem_Spread_2024"", ""semester"": ""S2"", ""course_code"": ""UCOR701"", ""course_title"": ""Community Engagement & Service Experience"", ""basket_code"": ""B1"", ""basket_name"": ""Univ Core"", ""credits"": 1, ""prerequisite"": ""NIL"", ""source_sheet"": ""Sem_Spread_2024"", ""source_row"": 4}"
COURSE_105,COURSE,"Academic Structure: Sem_Spread_2024
Semester: S3
Basket: Univ Core
Basket Code: B1
Course Code: LAWS101
Source Course Code: LAWS101
Course Title: Fundamentals of Indian Constitution and Human Rights
Prerequisite: Nil
Prerequisite Status: none
Credits: 2
Lecture Hours: 1.0
Tutorial Hours: 1.0
Practical Hours: 0.0
Source Sheet: Sem_Spread_2024
Source Row: 4","{""academic_structure"": ""Sem_Spread_2024"", ""semester"": ""S3"", ""course_code"": ""LAWS101"", ""course_title"": ""Fundamentals of Indian Constitution and Human Rights"", ""basket_code"": ""B1"", ""basket_name"": ""Univ Core"", ""credits"": 2, ""prerequisite"": ""Nil"", ""source_sheet"": ""Sem_Spread_2024"", ""source_row"": 4}"
COURSE_106,COURSE,"Academic Structure: Sem_Spread_2024
Semester: S1
Basket: Univ Core
Basket Code: B1
Course Code: UCOR102
Source Course Code: UCOR102
Course Title: Introduction to writing
Prerequisite: NIL
Prerequisite Status: none
Credits: 2
Lecture Hours: 1.0
Tutorial Hours: 0.0
Practical Hours: 2.0
Source Sheet: Sem_Spread_2024
Source Row: 5","{""academic_structure"": ""Sem_Spread_2024"", ""semester"": ""S1"", ""course_code"": ""UCOR102"", ""course_title"": ""Introduction to writing"", ""basket_code"": ""B1"", ""basket_name"": ""Univ Core"", ""credits"": 2, ""prerequisite"": ""NIL"", ""source_sheet"": ""Sem_Spread_2024"", ""source_row"": 5}"
COURSE_107,COURSE,"Academic Structure: Sem_Spread_2024
Semester: S1
Basket: Foundation
Basket Code: B2
Course Code: MATH203
Source Course Code: MATH203
Course Title: Probability and Statistics
Prerequisite: NIL
Prerequisite Status: none
Credits: 4
Lecture Hours: 3.0
Tutorial Hours: 1.0
Practical Hours: 0.0
Source Sheet: Sem_Spread_2024
Source Row: 7","{""academic_structure"": ""Sem_Spread_2024"", ""semester"": ""S1"", ""course_code"": ""MATH203"", ""course_title"": ""Probability and Statistics"", ""basket_code"": ""B2"", ""basket_name"": ""Foundation"", ""credits"": 4, ""prerequisite"": ""NIL"", ""source_sheet"": ""Sem_Spread_2024"", ""source_row"": 7}"
COURSE_108,COURSE,"Academic Structure: Sem_Spread_2024
Semester: S2
Basket: Foundation
Basket Code: B2
Course Code: MATH201
Source Course Code: MATH201
Course Title: Calculus
Prerequisite: NIL
Prerequisite Status: none
Credits: 3
Lecture Hours: 2.0
Tutorial Hours: 1.0
Practical Hours: 0.0
Source Sheet: Sem_Spread_2024
Source Row: 7","{""academic_structure"": ""Sem_Spread_2024"", ""semester"": ""S2"", ""course_code"": ""MATH201"", ""course_title"": ""Calculus"", ""basket_code"": ""B2"", ""basket_name"": ""Foundation"", ""credits"": 3, ""prerequisite"": ""NIL"", ""source_sheet"": ""Sem_Spread_2024"", ""source_row"": 7}"
COURSE_109,COURSE,"Academic Structure: Sem_Spread_2024
Semester: S3
Basket: Foundation
Basket Code: B2
Course Code: MTSC781
Source Course Code: MTSC781
Course Title: Sustainable Cities and Communities
Prerequisite: NIL
Prerequisite Status: none
Credits: 3
Lecture Hours: 0.0
Tutorial Hours: 0.0
Practical Hours: 0.0
Source Sheet: Sem_Spread_2024
Source Row: 7","{""academic_structure"": ""Sem_Spread_2024"", ""semester"": ""S3"", ""course_code"": ""MTSC781"", ""course_title"": ""Sustainable Cities and Communities"", ""basket_code"": ""B2"", ""basket_name"": ""Foundation"", ""credits"": 3, ""prerequisite"": ""NIL"", ""source_sheet"": ""Sem_Spread_2024"", ""source_row"": 7}"
COURSE_110,COURSE,"Academic Structure: Sem_Spread_2024
Semester: S4
Basket: Foundation
Basket Code: B2
Course Code: SLAD206
Source Course Code: SLAD206
Course Title: Human Values in Work and Life
Prerequisite: NIL
Prerequisite Status: none
Credits: 2
Lecture Hours: 0.0
Tutorial Hours: 0.0
Practical Hours: 0.0
Source Sheet: Sem_Spread_2024
Source Row: 7","{""academic_structure"": ""Sem_Spread_2024"", ""semester"": ""S4"", ""course_code"": ""SLAD206"", ""course_title"": ""Human Values in Work and Life"", ""basket_code"": ""B2"", ""basket_name"": ""Foundation"", ""credits"": 2, ""prerequisite"": ""NIL"", ""source_sheet"": ""Sem_Spread_2024"", ""source_row"": 7}"
COURSE_111,COURSE,"Academic Structure: Sem_Spread_2024
Semester: S6
Basket: Foundation
Basket Code: B2
Course Code: LANG101
Source Course Code: LANG101
Course Title: Kannada/ Language
Prerequisite: NIL
Prerequisite Status: none
Credits: 3
Lecture Hours: 0.0
Tutorial Hours: 0.0
Practical Hours: 0.0
Source Sheet: Sem_Spread_2024
Source Row: 7","{""academic_structure"": ""Sem_Spread_2024"", ""semester"": ""S6"", ""course_code"": ""LANG101"", ""course_title"": ""Kannada/ Language"", ""basket_code"": ""B2"", ""basket_name"": ""Foundation"", ""credits"": 3, ""prerequisite"": ""NIL"", ""source_sheet"": ""Sem_Spread_2024"", ""source_row"": 7}"
COURSE_112,COURSE,"Academic Structure: Sem_Spread_2024
Semester: S1
Basket: Foundation
Basket Code: B2
Course Code: COMP132
Source Course Code: COMP132
Course Title: Design Workshop
Prerequisite: NIL
Prerequisite Status: none
Credits: 2
Lecture Hours: 0.0
Tutorial Hours: 0.0
Practical Hours: 4.0
Source Sheet: Sem_Spread_2024
Source Row: 8","{""academic_structure"": ""Sem_Spread_2024"", ""semester"": ""S1"", ""course_code"": ""COMP132"", ""course_title"": ""Design Workshop"", ""basket_code"": ""B2"", ""basket_name"": ""Foundation"", ""credits"": 2, ""prerequisite"": ""NIL"", ""source_sheet"": ""Sem_Spread_2024"", ""source_row"": 8}"
COURSE_113,COURSE,"Academic Structure: Sem_Spread_2024
Semester: S2
Basket: Foundation
Basket Code: B2
Course Code: MTSC211
Source Course Code: MTSC211
Course Title: Sustainable Smart Materials
Prerequisite: MTSC111
Prerequisite Status: specified
Credits: 3
Lecture Hours: 2.0
Tutorial Hours: 0.0
Practical Hours: 2.0
Source Sheet: Sem_Spread_2024
Source Row: 8","{""academic_structure"": ""Sem_Spread_2024"", ""semester"": ""S2"", ""course_code"": ""MTSC211"", ""course_title"": ""Sustainable Smart Materials"", ""basket_code"": ""B2"", ""basket_name"": ""Foundation"", ""credits"": 3, ""prerequisite"": ""MTSC111"", ""source_sheet"": ""Sem_Spread_2024"", ""source_row"": 8}"
COURSE_114,COURSE,"Academic Structure: Sem_Spread_2024
Semester: S3
Basket: Foundation
Basket Code: B2
Course Code: MATH204
Source Course Code: MATH204
Course Title: Linear Algebra
Prerequisite: NIL
Prerequisite Status: none
Credits: 3
Lecture Hours: 2.0
Tutorial Hours: 1.0
Practical Hours: 0.0
Source Sheet: Sem_Spread_2024
Source Row: 8","{""academic_structure"": ""Sem_Spread_2024"", ""semester"": ""S3"", ""course_code"": ""MATH204"", ""course_title"": ""Linear Algebra"", ""basket_code"": ""B2"", ""basket_name"": ""Foundation"", ""credits"": 3, ""prerequisite"": ""NIL"", ""source_sheet"": ""Sem_Spread_2024"", ""source_row"": 8}"
COURSE_115,COURSE,"Academic Structure: Sem_Spread_2024
Semester: S1
Basket: Foundation
Basket Code: B2
Course Code: MTSC111
Source Course Code: MTSC111
Course Title: Materials for Smart Devices
Prerequisite: NIL
Prerequisite Status: none
Credits: 3
Lecture Hours: 2.0
Tutorial Hours: 0.0
Practical Hours: 2.0
Source Sheet: Sem_Spread_2024
Source Row: 9","{""academic_structure"": ""Sem_Spread_2024"", ""semester"": ""S1"", ""course_code"": ""MTSC111"", ""course_title"": ""Materials for Smart Devices"", ""basket_code"": ""B2"", ""basket_name"": ""Foundation"", ""credits"": 3, ""prerequisite"": ""NIL"", ""source_sheet"": ""Sem_Spread_2024"", ""source_row"": 9}"
COURSE_116,COURSE,"Academic Structure: Sem_Spread_2024
Semester: S2
Basket: Foundation
Basket Code: B2
Course Code: ENGL210
Source Course Code: ENGL210
Course Title: Academic Writing
Prerequisite: UCOR102
Prerequisite Status: specified
Credits: 2
Lecture Hours: 1.0
Tutorial Hours: 0.0
Practical Hours: 2.0
Source Sheet: Sem_Spread_2024
Source Row: 9","{""academic_structure"": ""Sem_Spread_2024"", ""semester"": ""S2"", ""course_code"": ""ENGL210"", ""course_title"": ""Academic Writing"", ""basket_code"": ""B2"", ""basket_name"": ""Foundation"", ""credits"": 2, ""prerequisite"": ""UCOR102"", ""source_sheet"": ""Sem_Spread_2024"", ""source_row"": 9}"
COURSE_117,COURSE,"Academic Structure: Sem_Spread_2024
Semester: S1
Basket: Foundation
Basket Code: B2
Course Code: PSYC101/ECON101
Source Course Code: PSYC101/ECON101
Course Title: Introduction to Psychology/Introduction to Economics
Prerequisite: NIL
Prerequisite Status: none
Credits: 3
Lecture Hours: 2.0
Tutorial Hours: 1.0
Practical Hours: 0.0
Source Sheet: Sem_Spread_2024
Source Row: 11","{""academic_structure"": ""Sem_Spread_2024"", ""semester"": ""S1"", ""course_code"": ""PSYC101/ECON101"", ""course_title"": ""Introduction to Psychology/Introduction to Economics"", ""basket_code"": ""B2"", ""basket_name"": ""Foundation"", ""credits"": 3, ""prerequisite"": ""NIL"", ""source_sheet"": ""Sem_Spread_2024"", ""source_row"": 11}"
COURSE_118,COURSE,"Academic Structure: Sem_Spread_2024
Semester: S4
Basket: Foundation
Basket Code: B2
Course Code: COMP403
Source Course Code: COMP403
Course Title: Cloud Computing
Prerequisite: NIL
Prerequisite Status: none
Credits: 3
Lecture Hours: 2.0
Tutorial Hours: 0.0
Practical Hours: 2.0
Source Sheet: Sem_Spread_2024
Source Row: 11","{""academic_structure"": ""Sem_Spread_2024"", ""semester"": ""S4"", ""course_code"": ""COMP403"", ""course_title"": ""Cloud Computing"", ""basket_code"": ""B2"", ""basket_name"": ""Foundation"", ""credits"": 3, ""prerequisite"": ""NIL"", ""source_sheet"": ""Sem_Spread_2024"", ""source_row"": 11}"
COURSE_119,COURSE,"Academic Structure: Sem_Spread_2024
Semester: S1
Basket: Program CORE
Basket Code: B3
Course Code: DATA103
Source Course Code: DATA103
Course Title: Programming in Python
Prerequisite: NIL
Prerequisite Status: none
Credits: 3
Lecture Hours: 1.0
Tutorial Hours: 0.0
Practical Hours: 4.0
Source Sheet: Sem_Spread_2024
Source Row: 12","{""academic_structure"": ""Sem_Spread_2024"", ""semester"": ""S1"", ""course_code"": ""DATA103"", ""course_title"": ""Programming in Python"", ""basket_code"": ""B3"", ""basket_name"": ""Program CORE"", ""credits"": 3, ""prerequisite"": ""NIL"", ""source_sheet"": ""Sem_Spread_2024"", ""source_row"": 12}"
COURSE_120,COURSE,"Academic Structure: Sem_Spread_2024
Semester: S2
Basket: Program CORE
Basket Code: B3
Course Code: COMP201
Source Course Code: COMP201
Course Title: Data Structures
Prerequisite: NIL
Prerequisite Status: none
Credits: 4
Lecture Hours: 3.0
Tutorial Hours: 0.0
Practical Hours: 2.0
Source Sheet: Sem_Spread_2024
Source Row: 12","{""academic_structure"": ""Sem_Spread_2024"", ""semester"": ""S2"", ""course_code"": ""COMP201"", ""course_title"": ""Data Structures"", ""basket_code"": ""B3"", ""basket_name"": ""Program CORE"", ""credits"": 4, ""prerequisite"": ""NIL"", ""source_sheet"": ""Sem_Spread_2024"", ""source_row"": 12}"
COURSE_121,COURSE,"Academic Structure: Sem_Spread_2024
Semester: S3
Basket: Program CORE
Basket Code: B3
Course Code: COMP203
Source Course Code: COMP203
Course Title: Analysis of Algorithms
Prerequisite: COMP201
Prerequisite Status: specified
Credits: 4
Lecture Hours: 3.0
Tutorial Hours: 0.0
Practical Hours: 2.0
Source Sheet: Sem_Spread_2024
Source Row: 12","{""academic_structure"": ""Sem_Spread_2024"", ""semester"": ""S3"", ""course_code"": ""COMP203"", ""course_title"": ""Analysis of Algorithms"", ""basket_code"": ""B3"", ""basket_name"": ""Program CORE"", ""credits"": 4, ""prerequisite"": ""COMP201"", ""source_sheet"": ""Sem_Spread_2024"", ""source_row"": 12}"
COURSE_122,COURSE,"Academic Structure: Sem_Spread_2024
Semester: S4
Basket: Program CORE
Basket Code: B3
Course Code: COMP209
Source Course Code: COMP209
Course Title: Databases Management
Prerequisite: NIL
Prerequisite Status: none
Credits: 4
Lecture Hours: 3.0
Tutorial Hours: 0.0
Practical Hours: 2.0
Source Sheet: Sem_Spread_2024
Source Row: 12","{""academic_structure"": ""Sem_Spread_2024"", ""semester"": ""S4"", ""course_code"": ""COMP209"", ""course_title"": ""Databases Management"", ""basket_code"": ""B3"", ""basket_name"": ""Program CORE"", ""credits"": 4, ""prerequisite"": ""NIL"", ""source_sheet"": ""Sem_Spread_2024"", ""source_row"": 12}"
COURSE_123,COURSE,"Academic Structure: Sem_Spread_2024
Semester: S5
Basket: Program CORE
Basket Code: B3
Course Code: COMP208
Source Course Code: COMP208
Course Title: Networks
Prerequisite: NIL
Prerequisite Status: none
Credits: 4
Lecture Hours: 3.0
Tutorial Hours: 0.0
Practical Hours: 2.0
Source Sheet: Sem_Spread_2024
Source Row: 12","{""academic_structure"": ""Sem_Spread_2024"", ""semester"": ""S5"", ""course_code"": ""COMP208"", ""course_title"": ""Networks"", ""basket_code"": ""B3"", ""basket_name"": ""Program CORE"", ""credits"": 4, ""prerequisite"": ""NIL"", ""source_sheet"": ""Sem_Spread_2024"", ""source_row"": 12}"
COURSE_124,COURSE,"Academic Structure: Sem_Spread_2024
Semester: S7
Basket: Program CORE
Basket Code: B3
Course Code: COMP302
Source Course Code: COMP302
Course Title: Internet of Things
Prerequisite: COMP132, COMP201, COMP206, COMP208, COMP301
Prerequisite Status: specified
Credits: 2
Lecture Hours: 0.0
Tutorial Hours: 0.0
Practical Hours: 4.0
Source Sheet: Sem_Spread_2024
Source Row: 12","{""academic_structure"": ""Sem_Spread_2024"", ""semester"": ""S7"", ""course_code"": ""COMP302"", ""course_title"": ""Internet of Things"", ""basket_code"": ""B3"", ""basket_name"": ""Program CORE"", ""credits"": 2, ""prerequisite"": ""COMP132, COMP201, COMP206, COMP208, COMP301"", ""source_sheet"": ""Sem_Spread_2024"", ""source_row"": 12}"
COURSE_125,COURSE,"Academic Structure: Sem_Spread_2024
Semester: S2
Basket: Program CORE
Basket Code: B3
Course Code: DATA132
Source Course Code: DATA132
Course Title: Data visualization and Storytelling
Prerequisite: DATA103
Prerequisite Status: specified
Credits: 3
Lecture Hours: 1.0
Tutorial Hours: 0.0
Practical Hours: 4.0
Source Sheet: Sem_Spread_2024
Source Row: 13","{""academic_structure"": ""Sem_Spread_2024"", ""semester"": ""S2"", ""course_code"": ""DATA132"", ""course_title"": ""Data visualization and Storytelling"", ""basket_code"": ""B3"", ""basket_name"": ""Program CORE"", ""credits"": 3, ""prerequisite"": ""DATA103"", ""source_sheet"": ""Sem_Spread_2024"", ""source_row"": 13}"
COURSE_126,COURSE,"Academic Structure: Sem_Spread_2024
Semester: S3
Basket: Program CORE
Basket Code: B3
Course Code: COMP202
Source Course Code: COMP202
Course Title: Theoretical Computer Science
Prerequisite: NIL
Prerequisite Status: none
Credits: 4
Lecture Hours: 3.0
Tutorial Hours: 1.0
Practical Hours: 0.0
Source Sheet: Sem_Spread_2024
Source Row: 13","{""academic_structure"": ""Sem_Spread_2024"", ""semester"": ""S3"", ""course_code"": ""COMP202"", ""course_title"": ""Theoretical Computer Science"", ""basket_code"": ""B3"", ""basket_name"": ""Program CORE"", ""credits"": 4, ""prerequisite"": ""NIL"", ""source_sheet"": ""Sem_Spread_2024"", ""source_row"": 13}"
COURSE_127,COURSE,"Academic Structure: Sem_Spread_2024
Semester: S4
Basket: Program CORE
Basket Code: B3
Course Code: COMP204
Source Course Code: COMP204
Course Title: Digital Design and Computer Organization
Prerequisite: NIL
Prerequisite Status: none
Credits: 4
Lecture Hours: 3.0
Tutorial Hours: 1.0
Practical Hours: 0.0
Source Sheet: Sem_Spread_2024
Source Row: 13","{""academic_structure"": ""Sem_Spread_2024"", ""semester"": ""S4"", ""course_code"": ""COMP204"", ""course_title"": ""Digital Design and Computer Organization"", ""basket_code"": ""B3"", ""basket_name"": ""Program CORE"", ""credits"": 4, ""prerequisite"": ""NIL"", ""source_sheet"": ""Sem_Spread_2024"", ""source_row"": 13}"
COURSE_128,COURSE,"Academic Structure: Sem_Spread_2024
Semester: S5
Basket: Program CORE
Basket Code: B3
Course Code: COMP207
Source Course Code: COMP207
Course Title: Operating Systems
Prerequisite: NIL
Prerequisite Status: none
Credits: 3
Lecture Hours: 2.0
Tutorial Hours: 0.0
Practical Hours: 2.0
Source Sheet: Sem_Spread_2024
Source Row: 13","{""academic_structure"": ""Sem_Spread_2024"", ""semester"": ""S5"", ""course_code"": ""COMP207"", ""course_title"": ""Operating Systems"", ""basket_code"": ""B3"", ""basket_name"": ""Program CORE"", ""credits"": 3, ""prerequisite"": ""NIL"", ""source_sheet"": ""Sem_Spread_2024"", ""source_row"": 13}"
COURSE_129,COURSE,"Academic Structure: Sem_Spread_2024
Semester: S6
Basket: Program CORE
Basket Code: B3
Course Code: COMP206
Source Course Code: COMP206
Course Title: Microprocessors and Computer Architecture
Prerequisite: COMP204, COMP207
Prerequisite Status: specified
Credits: 4
Lecture Hours: 3.0
Tutorial Hours: 0.0
Practical Hours: 2.0
Source Sheet: Sem_Spread_2024
Source Row: 13","{""academic_structure"": ""Sem_Spread_2024"", ""semester"": ""S6"", ""course_code"": ""COMP206"", ""course_title"": ""Microprocessors and Computer Architecture"", ""basket_code"": ""B3"", ""basket_name"": ""Program CORE"", ""credits"": 4, ""prerequisite"": ""COMP204, COMP207"", ""source_sheet"": ""Sem_Spread_2024"", ""source_row"": 13}"
COURSE_130,COURSE,"Academic Structure: Sem_Spread_2024
Semester: S4
Basket: Program CORE
Basket Code: B3
Course Code: COMP301
Source Course Code: COMP301
Course Title: Artificial Intelligence
Prerequisite: NIL
Prerequisite Status: none
Credits: 4
Lecture Hours: 3.0
Tutorial Hours: 0.0
Practical Hours: 2.0
Source Sheet: Sem_Spread_2024
Source Row: 14","{""academic_structure"": ""Sem_Spread_2024"", ""semester"": ""S4"", ""course_code"": ""COMP301"", ""course_title"": ""Artificial Intelligence"", ""basket_code"": ""B3"", ""basket_name"": ""Program CORE"", ""credits"": 4, ""prerequisite"": ""NIL"", ""source_sheet"": ""Sem_Spread_2024"", ""source_row"": 14}"
COURSE_131,COURSE,"Academic Structure: Sem_Spread_2024
Semester: S5
Basket: Program CORE
Basket Code: B3
Course Code: COMP205
Source Course Code: COMP205
Course Title: Object Oriented Programming
Prerequisite: NIL
Prerequisite Status: none
Credits: 3
Lecture Hours: 2.0
Tutorial Hours: 0.0
Practical Hours: 2.0
Source Sheet: Sem_Spread_2024
Source Row: 15","{""academic_structure"": ""Sem_Spread_2024"", ""semester"": ""S5"", ""course_code"": ""COMP205"", ""course_title"": ""Object Oriented Programming"", ""basket_code"": ""B3"", ""basket_name"": ""Program CORE"", ""credits"": 3, ""prerequisite"": ""NIL"", ""source_sheet"": ""Sem_Spread_2024"", ""source_row"": 15}"
COURSE_132,COURSE,"Academic Structure: Sem_Spread_2024
Semester: S2
Basket: Program HONORS
Basket Code: B4
Course Code: DATA201
Source Course Code: DATA201
Course Title: Foundations to Data Science
Prerequisite: NIL
Prerequisite Status: none
Credits: 3
Lecture Hours: 2.0
Tutorial Hours: 0.0
Practical Hours: 2.0
Source Sheet: Sem_Spread_2024
Source Row: 16","{""academic_structure"": ""Sem_Spread_2024"", ""semester"": ""S2"", ""course_code"": ""DATA201"", ""course_title"": ""Foundations to Data Science"", ""basket_code"": ""B4"", ""basket_name"": ""Program HONORS"", ""credits"": 3, ""prerequisite"": ""NIL"", ""source_sheet"": ""Sem_Spread_2024"", ""source_row"": 16}"
COURSE_133,COURSE,"Academic Structure: Sem_Spread_2024
Semester: S3
Basket: Program HONORS
Basket Code: B4
Course Code: DATA202
Source Course Code: DATA202
Course Title: Exploratory Data Analysis
Prerequisite: DATA201, MATH203
Prerequisite Status: specified
Credits: 3
Lecture Hours: 2.0
Tutorial Hours: 0.0
Practical Hours: 2.0
Source Sheet: Sem_Spread_2024
Source Row: 16","{""academic_structure"": ""Sem_Spread_2024"", ""semester"": ""S3"", ""course_code"": ""DATA202"", ""course_title"": ""Exploratory Data Analysis"", ""basket_code"": ""B4"", ""basket_name"": ""Program HONORS"", ""credits"": 3, ""prerequisite"": ""DATA201, MATH203"", ""source_sheet"": ""Sem_Spread_2024"", ""source_row"": 16}"
COURSE_134,COURSE,"Academic Structure: Sem_Spread_2024
Semester: S4
Basket: Program HONORS
Basket Code: B4
Course Code: MATH301
Source Course Code: MATH301
Course Title: Optimization Techniques for Data Science
Prerequisite: NIL
Prerequisite Status: none
Credits: 4
Lecture Hours: 3.0
Tutorial Hours: 1.0
Practical Hours: 0.0
Source Sheet: Sem_Spread_2024
Source Row: 16","{""academic_structure"": ""Sem_Spread_2024"", ""semester"": ""S4"", ""course_code"": ""MATH301"", ""course_title"": ""Optimization Techniques for Data Science"", ""basket_code"": ""B4"", ""basket_name"": ""Program HONORS"", ""credits"": 4, ""prerequisite"": ""NIL"", ""source_sheet"": ""Sem_Spread_2024"", ""source_row"": 16}"
COURSE_135,COURSE,"Academic Structure: Sem_Spread_2024
Semester: S5
Basket: Program HONORS
Basket Code: B4
Course Code: DATA301
Source Course Code: DATA 301
Course Title: Machine Learning
Prerequisite: DATA202, MATH301
Prerequisite Status: specified
Credits: 4
Lecture Hours: 2.0
Tutorial Hours: 0.0
Practical Hours: 4.0
Source Sheet: Sem_Spread_2024
Source Row: 16","{""academic_structure"": ""Sem_Spread_2024"", ""semester"": ""S5"", ""course_code"": ""DATA301"", ""course_title"": ""Machine Learning"", ""basket_code"": ""B4"", ""basket_name"": ""Program HONORS"", ""credits"": 4, ""prerequisite"": ""DATA202, MATH301"", ""source_sheet"": ""Sem_Spread_2024"", ""source_row"": 16}"
COURSE_136,COURSE,"Academic Structure: Sem_Spread_2024
Semester: S6
Basket: Program HONORS
Basket Code: B4
Course Code: DATA302
Source Course Code: DATA 302
Course Title: Deep Learning
Prerequisite: DATA301
Prerequisite Status: specified
Credits: 4
Lecture Hours: 2.0
Tutorial Hours: 0.0
Practical Hours: 4.0
Source Sheet: Sem_Spread_2024
Source Row: 16","{""academic_structure"": ""Sem_Spread_2024"", ""semester"": ""S6"", ""course_code"": ""DATA302"", ""course_title"": ""Deep Learning"", ""basket_code"": ""B4"", ""basket_name"": ""Program HONORS"", ""credits"": 4, ""prerequisite"": ""DATA301"", ""source_sheet"": ""Sem_Spread_2024"", ""source_row"": 16}"
COURSE_137,COURSE,"Academic Structure: Sem_Spread_2024
Semester: S3
Basket: Program HONORS
Basket Code: B4
Course Code: MATH206
Source Course Code: MATH206
Course Title: Advanced Statistical Analysis and Research Methods with R
Prerequisite: MATH203
Prerequisite Status: specified
Credits: 2
Lecture Hours: 0.0
Tutorial Hours: 0.0
Practical Hours: 4.0
Source Sheet: Sem_Spread_2024
Source Row: 17","{""academic_structure"": ""Sem_Spread_2024"", ""semester"": ""S3"", ""course_code"": ""MATH206"", ""course_title"": ""Advanced Statistical Analysis and Research Methods with R"", ""basket_code"": ""B4"", ""basket_name"": ""Program HONORS"", ""credits"": 2, ""prerequisite"": ""MATH203"", ""source_sheet"": ""Sem_Spread_2024"", ""source_row"": 17}"
COURSE_138,COURSE,"Academic Structure: Sem_Spread_2024
Semester: S5
Basket: Specialization Tracks
Basket Code: B5
Course Code: MATH401/COMP401
Source Course Code: MATH401/COMP401
Course Title: SPT-Course #1-Probabilistic Graph Models LTP: 3-0-2 /Web Framework LTP: 2-0-4
Prerequisite: NIL/NIL
Prerequisite Status: specified
Credits: 4
Lecture Hours: 2.0
Tutorial Hours: 0.0
Practical Hours: 4.0
Source Sheet: Sem_Spread_2024
Source Row: 18","{""academic_structure"": ""Sem_Spread_2024"", ""semester"": ""S5"", ""course_code"": ""MATH401/COMP401"", ""course_title"": ""SPT-Course #1-Probabilistic Graph Models LTP: 3-0-2 /Web Framework LTP: 2-0-4"", ""basket_code"": ""B5"", ""basket_name"": ""Specialization Tracks"", ""credits"": 4, ""prerequisite"": ""NIL/NIL"", ""source_sheet"": ""Sem_Spread_2024"", ""source_row"": 18}"
COURSE_139,COURSE,"Academic Structure: Sem_Spread_2024
Semester: S6
Basket: Specialization Tracks
Basket Code: B5
Course Code: DATA404/DATA406
Source Course Code: DATA404/ DATA406
Course Title: SPT-Course #2-Multi Modal Learning/Big Data Framework
Prerequisite: DATA302/NIL
Prerequisite Status: specified
Credits: 4
Lecture Hours: 2.0
Tutorial Hours: 0.0
Practical Hours: 4.0
Source Sheet: Sem_Spread_2024
Source Row: 18","{""academic_structure"": ""Sem_Spread_2024"", ""semester"": ""S6"", ""course_code"": ""DATA404/DATA406"", ""course_title"": ""SPT-Course #2-Multi Modal Learning/Big Data Framework"", ""basket_code"": ""B5"", ""basket_name"": ""Specialization Tracks"", ""credits"": 4, ""prerequisite"": ""DATA302/NIL"", ""source_sheet"": ""Sem_Spread_2024"", ""source_row"": 18}"
COURSE_140,COURSE,"Academic Structure: Sem_Spread_2024
Semester: S7
Basket: Specialization Tracks
Basket Code: B5
Course Code: DATA403
Source Course Code: DATA403
Course Title: SPT-Course #3 (Natural Language Processing / Natural Language Processing)
Prerequisite: DATA302
Prerequisite Status: specified
Credits: 4
Lecture Hours: 2.0
Tutorial Hours: 0.0
Practical Hours: 4.0
Source Sheet: Sem_Spread_2024
Source Row: 18","{""academic_structure"": ""Sem_Spread_2024"", ""semester"": ""S7"", ""course_code"": ""DATA403"", ""course_title"": ""SPT-Course #3 (Natural Language Processing / Natural Language Processing)"", ""basket_code"": ""B5"", ""basket_name"": ""Specialization Tracks"", ""credits"": 4, ""prerequisite"": ""DATA302"", ""source_sheet"": ""Sem_Spread_2024"", ""source_row"": 18}"
COURSE_141,COURSE,"Academic Structure: Sem_Spread_2024
Semester: S7
Basket: Specialization Tracks
Basket Code: B5
Course Code: DATA408/COMP402
Source Course Code: DATA408/COMP402
Course Title: SPT-Course #4 (Advanced Topics in Deep Learning LTP: 3-0-2/ Software Architecture and Deployments LTP: 2-0-4)
Prerequisite: DATA302/ COMP205, COMP401
Prerequisite Status: specified
Credits: 4
Lecture Hours: 2.0
Tutorial Hours: 0.0
Practical Hours: 4.0
Source Sheet: Sem_Spread_2024
Source Row: 19","{""academic_structure"": ""Sem_Spread_2024"", ""semester"": ""S7"", ""course_code"": ""DATA408/COMP402"", ""course_title"": ""SPT-Course #4 (Advanced Topics in Deep Learning LTP: 3-0-2/ Software Architecture and Deployments LTP: 2-0-4)"", ""basket_code"": ""B5"", ""basket_name"": ""Specialization Tracks"", ""credits"": 4, ""prerequisite"": ""DATA302/ COMP205, COMP401"", ""source_sheet"": ""Sem_Spread_2024"", ""source_row"": 19}"
COURSE_142,COURSE,"Academic Structure: Sem_Spread_2024
Semester: S7
Basket: Specialization Tracks
Basket Code: B5
Course Code: DATA405
Source Course Code: DATA405
Course Title: SPT-Course #5 Reinforcement Learning/Reinforcement Learning
Prerequisite: MATH202, MATH204
Prerequisite Status: specified
Credits: 4
Lecture Hours: 2.0
Tutorial Hours: 0.0
Practical Hours: 4.0
Source Sheet: Sem_Spread_2024
Source Row: 20","{""academic_structure"": ""Sem_Spread_2024"", ""semester"": ""S7"", ""course_code"": ""DATA405"", ""course_title"": ""SPT-Course #5 Reinforcement Learning/Reinforcement Learning"", ""basket_code"": ""B5"", ""basket_name"": ""Specialization Tracks"", ""credits"": 4, ""prerequisite"": ""MATH202, MATH204"", ""source_sheet"": ""Sem_Spread_2024"", ""source_row"": 20}"
COURSE_143,COURSE,"Academic Structure: Sem_Spread_2024
Semester: S5
Basket: Internship/ Capstone Project
Basket Code: B7
Course Code: DATA801
Source Course Code: DATA801
Course Title: Summer Training/Internship
Prerequisite: NIL
Prerequisite Status: none
Credits: 2
Lecture Hours: 0.0
Tutorial Hours: 0.0
Practical Hours: 0.0
Source Sheet: Sem_Spread_2024
Source Row: 23","{""academic_structure"": ""Sem_Spread_2024"", ""semester"": ""S5"", ""course_code"": ""DATA801"", ""course_title"": ""Summer Training/Internship"", ""basket_code"": ""B7"", ""basket_name"": ""Internship/ Capstone Project"", ""credits"": 2, ""prerequisite"": ""NIL"", ""source_sheet"": ""Sem_Spread_2024"", ""source_row"": 23}"
COURSE_144,COURSE,"Academic Structure: Sem_Spread_2024
Semester: S7
Basket: Internship/ Capstone Project
Basket Code: B7
Course Code: DATA802
Source Course Code: DATA802
Course Title: Interdisciplinary Project
Prerequisite: NIL
Prerequisite Status: none
Credits: 4
Lecture Hours: 0.0
Tutorial Hours: 0.0
Practical Hours: 0.0
Source Sheet: Sem_Spread_2024
Source Row: 23","{""academic_structure"": ""Sem_Spread_2024"", ""semester"": ""S7"", ""course_code"": ""DATA802"", ""course_title"": ""Interdisciplinary Project"", ""basket_code"": ""B7"", ""basket_name"": ""Internship/ Capstone Project"", ""credits"": 4, ""prerequisite"": ""NIL"", ""source_sheet"": ""Sem_Spread_2024"", ""source_row"": 23}"
COURSE_145,COURSE,"Academic Structure: Sem_Spread_2024
Semester: S8
Basket: Internship/ Capstone Project
Basket Code: B7
Course Code: DATA803
Source Course Code: DATA803
Course Title: Capstone Project/Industrial Internship
Prerequisite: NIL
Prerequisite Status: none
Credits: 12
Lecture Hours: 0.0
Tutorial Hours: 0.0
Practical Hours: 0.0
Source Sheet: Sem_Spread_2024
Source Row: 23","{""academic_structure"": ""Sem_Spread_2024"", ""semester"": ""S8"", ""course_code"": ""DATA803"", ""course_title"": ""Capstone Project/Industrial Internship"", ""basket_code"": ""B7"", ""basket_name"": ""Internship/ Capstone Project"", ""credits"": 12, ""prerequisite"": ""NIL"", ""source_sheet"": ""Sem_Spread_2024"", ""source_row"": 23}"
COURSE_146,COURSE,"Academic Structure: Sem_Spread_2025
Semester: S1
Basket: Univ Core
Basket Code: B1
Course Code: UCOR103
Source Course Code: UCOR103
Course Title: Communication Skills
Prerequisite: Nil
Prerequisite Status: none
Credits: 2
Lecture Hours: 1.0
Tutorial Hours: 0.0
Practical Hours: 2.0
Source Sheet: Sem_Spread_2025
Source Row: 3","{""academic_structure"": ""Sem_Spread_2025"", ""semester"": ""S1"", ""course_code"": ""UCOR103"", ""course_title"": ""Communication Skills"", ""basket_code"": ""B1"", ""basket_name"": ""Univ Core"", ""credits"": 2, ""prerequisite"": ""Nil"", ""source_sheet"": ""Sem_Spread_2025"", ""source_row"": 3}"
COURSE_147,COURSE,"Academic Structure: Sem_Spread_2025
Semester: S2
Basket: Univ Core
Basket Code: B1
Course Code: UCOR111
Source Course Code: UCOR111
Course Title: Environmental Studies and Sustainability
Prerequisite: NIL
Prerequisite Status: none
Credits: 2
Lecture Hours: 0.0
Tutorial Hours: 0.0
Practical Hours: 0.0
Source Sheet: Sem_Spread_2025
Source Row: 3","{""academic_structure"": ""Sem_Spread_2025"", ""semester"": ""S2"", ""course_code"": ""UCOR111"", ""course_title"": ""Environmental Studies and Sustainability"", ""basket_code"": ""B1"", ""basket_name"": ""Univ Core"", ""credits"": 2, ""prerequisite"": ""NIL"", ""source_sheet"": ""Sem_Spread_2025"", ""source_row"": 3}"
COURSE_148,COURSE,"Academic Structure: Sem_Spread_2025
Semester: S3
Basket: Univ Core
Basket Code: B1
Course Code: UCOR207
Source Course Code: UCOR207
Course Title: Analytical Academic Writing
Prerequisite: NIL
Prerequisite Status: none
Credits: 3
Lecture Hours: 2.0
Tutorial Hours: 1.0
Practical Hours: 0.0
Source Sheet: Sem_Spread_2025
Source Row: 3","{""academic_structure"": ""Sem_Spread_2025"", ""semester"": ""S3"", ""course_code"": ""UCOR207"", ""course_title"": ""Analytical Academic Writing"", ""basket_code"": ""B1"", ""basket_name"": ""Univ Core"", ""credits"": 3, ""prerequisite"": ""NIL"", ""source_sheet"": ""Sem_Spread_2025"", ""source_row"": 3}"
COURSE_149,COURSE,"Academic Structure: Sem_Spread_2025
Semester: S4
Basket: Univ Core
Basket Code: B1
Course Code: UCOR205
Source Course Code: UCOR205
Course Title: Socio-Cultural Perspectives on Indian Life
Prerequisite: Nil
Prerequisite Status: none
Credits: 3
Lecture Hours: 2.0
Tutorial Hours: 1.0
Practical Hours: 0.0
Source Sheet: Sem_Spread_2025
Source Row: 3","{""academic_structure"": ""Sem_Spread_2025"", ""semester"": ""S4"", ""course_code"": ""UCOR205"", ""course_title"": ""Socio-Cultural Perspectives on Indian Life"", ""basket_code"": ""B1"", ""basket_name"": ""Univ Core"", ""credits"": 3, ""prerequisite"": ""Nil"", ""source_sheet"": ""Sem_Spread_2025"", ""source_row"": 3}"
COURSE_150,COURSE,"Academic Structure: Sem_Spread_2025
Semester: S5
Basket: Univ Core
Basket Code: B1
Course Code: UCOR310
Source Course Code: UCOR310
Course Title: Critical Thinking
Prerequisite: NIL
Prerequisite Status: none
Credits: 3
Lecture Hours: 2.0
Tutorial Hours: 1.0
Practical Hours: 0.0
Source Sheet: Sem_Spread_2025
Source Row: 3","{""academic_structure"": ""Sem_Spread_2025"", ""semester"": ""S5"", ""course_code"": ""UCOR310"", ""course_title"": ""Critical Thinking"", ""basket_code"": ""B1"", ""basket_name"": ""Univ Core"", ""credits"": 3, ""prerequisite"": ""NIL"", ""source_sheet"": ""Sem_Spread_2025"", ""source_row"": 3}"
COURSE_151,COURSE,"Academic Structure: Sem_Spread_2025
Semester: S6
Basket: Univ Core
Basket Code: B1
Course Code: UCOR215
Source Course Code: UCOR215
Course Title: Humanistic Leadership Development
Prerequisite: NIL
Prerequisite Status: none
Credits: 2
Lecture Hours: 1.0
Tutorial Hours: 1.0
Practical Hours: 0.0
Source Sheet: Sem_Spread_2025
Source Row: 3","{""academic_structure"": ""Sem_Spread_2025"", ""semester"": ""S6"", ""course_code"": ""UCOR215"", ""course_title"": ""Humanistic Leadership Development"", ""basket_code"": ""B1"", ""basket_name"": ""Univ Core"", ""credits"": 2, ""prerequisite"": ""NIL"", ""source_sheet"": ""Sem_Spread_2025"", ""source_row"": 3}"
COURSE_152,COURSE,"Academic Structure: Sem_Spread_2025
Semester: S1
Basket: Univ Core
Basket Code: B1
Course Code: UCOR106
Source Course Code: UCOR106
Course Title: Learning to Learn
Prerequisite: NIL
Prerequisite Status: none
Credits: 2
Lecture Hours: 1.0
Tutorial Hours: 0.0
Practical Hours: 2.0
Source Sheet: Sem_Spread_2025
Source Row: 4","{""academic_structure"": ""Sem_Spread_2025"", ""semester"": ""S1"", ""course_code"": ""UCOR106"", ""course_title"": ""Learning to Learn"", ""basket_code"": ""B1"", ""basket_name"": ""Univ Core"", ""credits"": 2, ""prerequisite"": ""NIL"", ""source_sheet"": ""Sem_Spread_2025"", ""source_row"": 4}"
COURSE_153,COURSE,"Academic Structure: Sem_Spread_2025
Semester: S2
Basket: Univ Core
Basket Code: B1
Course Code: LAWS101
Source Course Code: LAWS101
Course Title: Fundamentals of Indian Constitution and Human Rights
Prerequisite: NIL
Prerequisite Status: none
Credits: 2
Lecture Hours: 1.0
Tutorial Hours: 1.0
Practical Hours: 0.0
Source Sheet: Sem_Spread_2025
Source Row: 4","{""academic_structure"": ""Sem_Spread_2025"", ""semester"": ""S2"", ""course_code"": ""LAWS101"", ""course_title"": ""Fundamentals of Indian Constitution and Human Rights"", ""basket_code"": ""B1"", ""basket_name"": ""Univ Core"", ""credits"": 2, ""prerequisite"": ""NIL"", ""source_sheet"": ""Sem_Spread_2025"", ""source_row"": 4}"
COURSE_154,COURSE,"Academic Structure: Sem_Spread_2025
Semester: S5
Basket: Univ Core
Basket Code: B1
Course Code: UCOR104
Source Course Code: UCOR104
Course Title: Problem Solving with Design Thinking
Prerequisite: NIL
Prerequisite Status: none
Credits: 2
Lecture Hours: 1.0
Tutorial Hours: 0.0
Practical Hours: 2.0
Source Sheet: Sem_Spread_2025
Source Row: 4","{""academic_structure"": ""Sem_Spread_2025"", ""semester"": ""S5"", ""course_code"": ""UCOR104"", ""course_title"": ""Problem Solving with Design Thinking"", ""basket_code"": ""B1"", ""basket_name"": ""Univ Core"", ""credits"": 2, ""prerequisite"": ""NIL"", ""source_sheet"": ""Sem_Spread_2025"", ""source_row"": 4}"
COURSE_155,COURSE,"Academic Structure: Sem_Spread_2025
Semester: S2
Basket: Univ Core
Basket Code: B1
Course Code: UCOR701
Source Course Code: UCOR701
Course Title: Community Engagement & Service Experience
Prerequisite: NIL
Prerequisite Status: none
Credits: 1
Lecture Hours: 0.0
Tutorial Hours: 0.0
Practical Hours: 0.0
Source Sheet: Sem_Spread_2025
Source Row: 5","{""academic_structure"": ""Sem_Spread_2025"", ""semester"": ""S2"", ""course_code"": ""UCOR701"", ""course_title"": ""Community Engagement & Service Experience"", ""basket_code"": ""B1"", ""basket_name"": ""Univ Core"", ""credits"": 1, ""prerequisite"": ""NIL"", ""source_sheet"": ""Sem_Spread_2025"", ""source_row"": 5}"
COURSE_156,COURSE,"Academic Structure: Sem_Spread_2025
Semester: S3
Basket: Univ Core
Basket Code: B1
Course Code: SLAD206
Source Course Code: SLAD206
Course Title: Human Values in Work and Life
Prerequisite: Nil
Prerequisite Status: none
Credits: 2
Lecture Hours: 0.0
Tutorial Hours: 0.0
Practical Hours: 0.0
Source Sheet: Sem_Spread_2025
Source Row: 5","{""academic_structure"": ""Sem_Spread_2025"", ""semester"": ""S3"", ""course_code"": ""SLAD206"", ""course_title"": ""Human Values in Work and Life"", ""basket_code"": ""B1"", ""basket_name"": ""Univ Core"", ""credits"": 2, ""prerequisite"": ""Nil"", ""source_sheet"": ""Sem_Spread_2025"", ""source_row"": 5}"
COURSE_157,COURSE,"Academic Structure: Sem_Spread_2025
Semester: S1
Basket: Foundation
Basket Code: B2
Course Code: MATH208
Source Course Code: MATH208
Course Title: Multivariate Calculus
Prerequisite: Nil
Prerequisite Status: none
Credits: 4
Lecture Hours: 3.0
Tutorial Hours: 1.0
Practical Hours: 0.0
Source Sheet: Sem_Spread_2025
Source Row: 7","{""academic_structure"": ""Sem_Spread_2025"", ""semester"": ""S1"", ""course_code"": ""MATH208"", ""course_title"": ""Multivariate Calculus"", ""basket_code"": ""B2"", ""basket_name"": ""Foundation"", ""credits"": 4, ""prerequisite"": ""Nil"", ""source_sheet"": ""Sem_Spread_2025"", ""source_row"": 7}"
COURSE_158,COURSE,"Academic Structure: Sem_Spread_2025
Semester: S2
Basket: Foundation
Basket Code: B2
Course Code: MATH203
Source Course Code: MATH203
Course Title: Probability and Statistics
Prerequisite: NIL
Prerequisite Status: none
Credits: 4
Lecture Hours: 3.0
Tutorial Hours: 1.0
Practical Hours: 0.0
Source Sheet: Sem_Spread_2025
Source Row: 7","{""academic_structure"": ""Sem_Spread_2025"", ""semester"": ""S2"", ""course_code"": ""MATH203"", ""course_title"": ""Probability and Statistics"", ""basket_code"": ""B2"", ""basket_name"": ""Foundation"", ""credits"": 4, ""prerequisite"": ""NIL"", ""source_sheet"": ""Sem_Spread_2025"", ""source_row"": 7}"
COURSE_159,COURSE,"Academic Structure: Sem_Spread_2025
Semester: S3
Basket: Foundation
Basket Code: B2
Course Code: MATH209
Source Course Code: MATH209
Course Title: Linear Algebra
Prerequisite: NIL
Prerequisite Status: none
Credits: 4
Lecture Hours: 3.0
Tutorial Hours: 1.0
Practical Hours: 0.0
Source Sheet: Sem_Spread_2025
Source Row: 7","{""academic_structure"": ""Sem_Spread_2025"", ""semester"": ""S3"", ""course_code"": ""MATH209"", ""course_title"": ""Linear Algebra"", ""basket_code"": ""B2"", ""basket_name"": ""Foundation"", ""credits"": 4, ""prerequisite"": ""NIL"", ""source_sheet"": ""Sem_Spread_2025"", ""source_row"": 7}"
COURSE_160,COURSE,"Academic Structure: Sem_Spread_2025
Semester: S6
Basket: Foundation
Basket Code: B2
Course Code: TBA
Source Course Code: TBA
Course Title: Language
Prerequisite: NIL
Prerequisite Status: none
Credits: 2
Lecture Hours: 0.0
Tutorial Hours: 0.0
Practical Hours: 0.0
Source Sheet: Sem_Spread_2025
Source Row: 7","{""academic_structure"": ""Sem_Spread_2025"", ""semester"": ""S6"", ""course_code"": ""TBA"", ""course_title"": ""Language"", ""basket_code"": ""B2"", ""basket_name"": ""Foundation"", ""credits"": 2, ""prerequisite"": ""NIL"", ""source_sheet"": ""Sem_Spread_2025"", ""source_row"": 7}"
COURSE_161,COURSE,"Academic Structure: Sem_Spread_2025
Semester: S2
Basket: Foundation
Basket Code: B2
Course Code: MTSC211
Source Course Code: MTSC211
Course Title: Sustainable Smart Materials
Prerequisite: MTSC111
Prerequisite Status: specified
Credits: 3
Lecture Hours: 2.0
Tutorial Hours: 0.0
Practical Hours: 2.0
Source Sheet: Sem_Spread_2025
Source Row: 8","{""academic_structure"": ""Sem_Spread_2025"", ""semester"": ""S2"", ""course_code"": ""MTSC211"", ""course_title"": ""Sustainable Smart Materials"", ""basket_code"": ""B2"", ""basket_name"": ""Foundation"", ""credits"": 3, ""prerequisite"": ""MTSC111"", ""source_sheet"": ""Sem_Spread_2025"", ""source_row"": 8}"
COURSE_162,COURSE,"Academic Structure: Sem_Spread_2025
Semester: S4
Basket: Foundation
Basket Code: B2
Course Code: MATH206
Source Course Code: MATH206
Course Title: Advanced Statistical Analysis and Research Methods with R
Prerequisite: MATH203
Prerequisite Status: specified
Credits: 2
Lecture Hours: 0.0
Tutorial Hours: 0.0
Practical Hours: 4.0
Source Sheet: Sem_Spread_2025
Source Row: 8","{""academic_structure"": ""Sem_Spread_2025"", ""semester"": ""S4"", ""course_code"": ""MATH206"", ""course_title"": ""Advanced Statistical Analysis and Research Methods with R"", ""basket_code"": ""B2"", ""basket_name"": ""Foundation"", ""credits"": 2, ""prerequisite"": ""MATH203"", ""source_sheet"": ""Sem_Spread_2025"", ""source_row"": 8}"
COURSE_163,COURSE,"Academic Structure: Sem_Spread_2025
Semester: S1
Basket: Foundation
Basket Code: B2
Course Code: MTSC111
Source Course Code: MTSC111
Course Title: Materials for Smart Devices
Prerequisite: Nil
Prerequisite Status: none
Credits: 3
Lecture Hours: 2.0
Tutorial Hours: 0.0
Practical Hours: 2.0
Source Sheet: Sem_Spread_2025
Source Row: 9","{""academic_structure"": ""Sem_Spread_2025"", ""semester"": ""S1"", ""course_code"": ""MTSC111"", ""course_title"": ""Materials for Smart Devices"", ""basket_code"": ""B2"", ""basket_name"": ""Foundation"", ""credits"": 3, ""prerequisite"": ""Nil"", ""source_sheet"": ""Sem_Spread_2025"", ""source_row"": 9}"
COURSE_164,COURSE,"Academic Structure: Sem_Spread_2025
Semester: S2
Basket: Foundation
Basket Code: B2
Course Code: COMP132
Source Course Code: COMP132
Course Title: Design Workshop
Prerequisite: Nil
Prerequisite Status: none
Credits: 2
Lecture Hours: 0.0
Tutorial Hours: 0.0
Practical Hours: 4.0
Source Sheet: Sem_Spread_2025
Source Row: 9","{""academic_structure"": ""Sem_Spread_2025"", ""semester"": ""S2"", ""course_code"": ""COMP132"", ""course_title"": ""Design Workshop"", ""basket_code"": ""B2"", ""basket_name"": ""Foundation"", ""credits"": 2, ""prerequisite"": ""Nil"", ""source_sheet"": ""Sem_Spread_2025"", ""source_row"": 9}"
COURSE_165,COURSE,"Academic Structure: Sem_Spread_2025
Semester: S1
Basket: Program CORE
Basket Code: B3
Course Code: DATA103
Source Course Code: DATA103
Course Title: Programming in Python
Prerequisite: Nil
Prerequisite Status: none
Credits: 3
Lecture Hours: 1.0
Tutorial Hours: 0.0
Practical Hours: 4.0
Source Sheet: Sem_Spread_2025
Source Row: 12","{""academic_structure"": ""Sem_Spread_2025"", ""semester"": ""S1"", ""course_code"": ""DATA103"", ""course_title"": ""Programming in Python"", ""basket_code"": ""B3"", ""basket_name"": ""Program CORE"", ""credits"": 3, ""prerequisite"": ""Nil"", ""source_sheet"": ""Sem_Spread_2025"", ""source_row"": 12}"
COURSE_166,COURSE,"Academic Structure: Sem_Spread_2025
Semester: S2
Basket: Program CORE
Basket Code: B3
Course Code: COMP201
Source Course Code: COMP201
Course Title: Data Structures
Prerequisite: NIL
Prerequisite Status: none
Credits: 4
Lecture Hours: 3.0
Tutorial Hours: 0.0
Practical Hours: 2.0
Source Sheet: Sem_Spread_2025
Source Row: 12","{""academic_structure"": ""Sem_Spread_2025"", ""semester"": ""S2"", ""course_code"": ""COMP201"", ""course_title"": ""Data Structures"", ""basket_code"": ""B3"", ""basket_name"": ""Program CORE"", ""credits"": 4, ""prerequisite"": ""NIL"", ""source_sheet"": ""Sem_Spread_2025"", ""source_row"": 12}"
COURSE_167,COURSE,"Academic Structure: Sem_Spread_2025
Semester: S4
Basket: Program CORE
Basket Code: B3
Course Code: COMP207
Source Course Code: COMP207
Course Title: Operating Systems
Prerequisite: Nil
Prerequisite Status: none
Credits: 3
Lecture Hours: 2.0
Tutorial Hours: 0.0
Practical Hours: 2.0
Source Sheet: Sem_Spread_2025
Source Row: 12","{""academic_structure"": ""Sem_Spread_2025"", ""semester"": ""S4"", ""course_code"": ""COMP207"", ""course_title"": ""Operating Systems"", ""basket_code"": ""B3"", ""basket_name"": ""Program CORE"", ""credits"": 3, ""prerequisite"": ""Nil"", ""source_sheet"": ""Sem_Spread_2025"", ""source_row"": 12}"
COURSE_168,COURSE,"Academic Structure: Sem_Spread_2025
Semester: S5
Basket: Program CORE
Basket Code: B3
Course Code: COMP206
Source Course Code: COMP206
Course Title: Microprocessors and Computer Architecture
Prerequisite: COMP204, COMP207
Prerequisite Status: specified
Credits: 4
Lecture Hours: 3.0
Tutorial Hours: 0.0
Practical Hours: 2.0
Source Sheet: Sem_Spread_2025
Source Row: 12","{""academic_structure"": ""Sem_Spread_2025"", ""semester"": ""S5"", ""course_code"": ""COMP206"", ""course_title"": ""Microprocessors and Computer Architecture"", ""basket_code"": ""B3"", ""basket_name"": ""Program CORE"", ""credits"": 4, ""prerequisite"": ""COMP204, COMP207"", ""source_sheet"": ""Sem_Spread_2025"", ""source_row"": 12}"
COURSE_169,COURSE,"Academic Structure: Sem_Spread_2025
Semester: S1
Basket: Program CORE
Basket Code: B3
Course Code: COMP204
Source Course Code: COMP204
Course Title: Digital Design and Computer Organization
Prerequisite: NIL
Prerequisite Status: none
Credits: 4
Lecture Hours: 3.0
Tutorial Hours: 1.0
Practical Hours: 0.0
Source Sheet: Sem_Spread_2025
Source Row: 13","{""academic_structure"": ""Sem_Spread_2025"", ""semester"": ""S1"", ""course_code"": ""COMP204"", ""course_title"": ""Digital Design and Computer Organization"", ""basket_code"": ""B3"", ""basket_name"": ""Program CORE"", ""credits"": 4, ""prerequisite"": ""NIL"", ""source_sheet"": ""Sem_Spread_2025"", ""source_row"": 13}"
COURSE_170,COURSE,"Academic Structure: Sem_Spread_2025
Semester: S2
Basket: Program CORE
Basket Code: B3
Course Code: DATA132
Source Course Code: DATA132
Course Title: Data Visualization and Storytelling
Prerequisite: DATA103
Prerequisite Status: specified
Credits: 3
Lecture Hours: 1.0
Tutorial Hours: 0.0
Practical Hours: 4.0
Source Sheet: Sem_Spread_2025
Source Row: 13","{""academic_structure"": ""Sem_Spread_2025"", ""semester"": ""S2"", ""course_code"": ""DATA132"", ""course_title"": ""Data Visualization and Storytelling"", ""basket_code"": ""B3"", ""basket_name"": ""Program CORE"", ""credits"": 3, ""prerequisite"": ""DATA103"", ""source_sheet"": ""Sem_Spread_2025"", ""source_row"": 13}"
COURSE_171,COURSE,"Academic Structure: Sem_Spread_2025
Semester: S3
Basket: Program CORE
Basket Code: B3
Course Code: COMP202
Source Course Code: COMP202
Course Title: Theoretical Computer Science
Prerequisite: NIL
Prerequisite Status: none
Credits: 4
Lecture Hours: 3.0
Tutorial Hours: 1.0
Practical Hours: 0.0
Source Sheet: Sem_Spread_2025
Source Row: 13","{""academic_structure"": ""Sem_Spread_2025"", ""semester"": ""S3"", ""course_code"": ""COMP202"", ""course_title"": ""Theoretical Computer Science"", ""basket_code"": ""B3"", ""basket_name"": ""Program CORE"", ""credits"": 4, ""prerequisite"": ""NIL"", ""source_sheet"": ""Sem_Spread_2025"", ""source_row"": 13}"
COURSE_172,COURSE,"Academic Structure: Sem_Spread_2025
Semester: S6
Basket: Program CORE
Basket Code: B3
Course Code: COMP208
Source Course Code: COMP208
Course Title: Networks
Prerequisite: NIL
Prerequisite Status: none
Credits: 4
Lecture Hours: 3.0
Tutorial Hours: 0.0
Practical Hours: 2.0
Source Sheet: Sem_Spread_2025
Source Row: 13","{""academic_structure"": ""Sem_Spread_2025"", ""semester"": ""S6"", ""course_code"": ""COMP208"", ""course_title"": ""Networks"", ""basket_code"": ""B3"", ""basket_name"": ""Program CORE"", ""credits"": 4, ""prerequisite"": ""NIL"", ""source_sheet"": ""Sem_Spread_2025"", ""source_row"": 13}"
COURSE_173,COURSE,"Academic Structure: Sem_Spread_2025
Semester: S2
Basket: Program CORE
Basket Code: B3
Course Code: COMP209
Source Course Code: COMP209
Course Title: Databases Management
Prerequisite: NIL
Prerequisite Status: none
Credits: 4
Lecture Hours: 3.0
Tutorial Hours: 0.0
Practical Hours: 2.0
Source Sheet: Sem_Spread_2025
Source Row: 14","{""academic_structure"": ""Sem_Spread_2025"", ""semester"": ""S2"", ""course_code"": ""COMP209"", ""course_title"": ""Databases Management"", ""basket_code"": ""B3"", ""basket_name"": ""Program CORE"", ""credits"": 4, ""prerequisite"": ""NIL"", ""source_sheet"": ""Sem_Spread_2025"", ""source_row"": 14}"
COURSE_174,COURSE,"Academic Structure: Sem_Spread_2025
Semester: S4
Basket: Program CORE
Basket Code: B3
Course Code: COMP301
Source Course Code: COMP301
Course Title: Artificial Intelligence
Prerequisite: NIL
Prerequisite Status: none
Credits: 4
Lecture Hours: 3.0
Tutorial Hours: 0.0
Practical Hours: 2.0
Source Sheet: Sem_Spread_2025
Source Row: 14","{""academic_structure"": ""Sem_Spread_2025"", ""semester"": ""S4"", ""course_code"": ""COMP301"", ""course_title"": ""Artificial Intelligence"", ""basket_code"": ""B3"", ""basket_name"": ""Program CORE"", ""credits"": 4, ""prerequisite"": ""NIL"", ""source_sheet"": ""Sem_Spread_2025"", ""source_row"": 14}"
COURSE_175,COURSE,"Academic Structure: Sem_Spread_2025
Semester: S6
Basket: Program CORE
Basket Code: B3
Course Code: COMP302
Source Course Code: COMP302
Course Title: Internet of Things
Prerequisite: COMP132, COMP201, COMP206, COMP208, COMP301
Prerequisite Status: specified
Credits: 2
Lecture Hours: 0.0
Tutorial Hours: 0.0
Practical Hours: 4.0
Source Sheet: Sem_Spread_2025
Source Row: 14","{""academic_structure"": ""Sem_Spread_2025"", ""semester"": ""S6"", ""course_code"": ""COMP302"", ""course_title"": ""Internet of Things"", ""basket_code"": ""B3"", ""basket_name"": ""Program CORE"", ""credits"": 2, ""prerequisite"": ""COMP132, COMP201, COMP206, COMP208, COMP301"", ""source_sheet"": ""Sem_Spread_2025"", ""source_row"": 14}"
COURSE_176,COURSE,"Academic Structure: Sem_Spread_2025
Semester: S3
Basket: Program CORE
Basket Code: B3
Course Code: COMP203
Source Course Code: COMP203
Course Title: Analysis of Algorithms
Prerequisite: COMP201
Prerequisite Status: specified
Credits: 4
Lecture Hours: 3.0
Tutorial Hours: 0.0
Practical Hours: 2.0
Source Sheet: Sem_Spread_2025
Source Row: 15","{""academic_structure"": ""Sem_Spread_2025"", ""semester"": ""S3"", ""course_code"": ""COMP203"", ""course_title"": ""Analysis of Algorithms"", ""basket_code"": ""B3"", ""basket_name"": ""Program CORE"", ""credits"": 4, ""prerequisite"": ""COMP201"", ""source_sheet"": ""Sem_Spread_2025"", ""source_row"": 15}"
COURSE_177,COURSE,"Academic Structure: Sem_Spread_2025
Semester: S4
Basket: Program CORE
Basket Code: B3
Course Code: COMP205
Source Course Code: COMP205
Course Title: Object Oriented Programming
Prerequisite: NIL
Prerequisite Status: none
Credits: 3
Lecture Hours: 2.0
Tutorial Hours: 0.0
Practical Hours: 2.0
Source Sheet: Sem_Spread_2025
Source Row: 15","{""academic_structure"": ""Sem_Spread_2025"", ""semester"": ""S4"", ""course_code"": ""COMP205"", ""course_title"": ""Object Oriented Programming"", ""basket_code"": ""B3"", ""basket_name"": ""Program CORE"", ""credits"": 3, ""prerequisite"": ""NIL"", ""source_sheet"": ""Sem_Spread_2025"", ""source_row"": 15}"
COURSE_178,COURSE,"Academic Structure: Sem_Spread_2025
Semester: S3
Basket: Program HONORS
Basket Code: B4
Course Code: DATA209
Source Course Code: DATA209
Course Title: Advanced Exploratory Data Analysis
Prerequisite: DATA132, MATH203
Prerequisite Status: specified
Credits: 4
Lecture Hours: 2.0
Tutorial Hours: 0.0
Practical Hours: 4.0
Source Sheet: Sem_Spread_2025
Source Row: 16","{""academic_structure"": ""Sem_Spread_2025"", ""semester"": ""S3"", ""course_code"": ""DATA209"", ""course_title"": ""Advanced Exploratory Data Analysis"", ""basket_code"": ""B4"", ""basket_name"": ""Program HONORS"", ""credits"": 4, ""prerequisite"": ""DATA132, MATH203"", ""source_sheet"": ""Sem_Spread_2025"", ""source_row"": 16}"
COURSE_179,COURSE,"Academic Structure: Sem_Spread_2025
Semester: S4
Basket: Program HONORS
Basket Code: B4
Course Code: MATH301
Source Course Code: MATH301
Course Title: Optimization Techniques for Data Science
Prerequisite: MATH201
Prerequisite Status: specified
Credits: 4
Lecture Hours: 3.0
Tutorial Hours: 1.0
Practical Hours: 0.0
Source Sheet: Sem_Spread_2025
Source Row: 16","{""academic_structure"": ""Sem_Spread_2025"", ""semester"": ""S4"", ""course_code"": ""MATH301"", ""course_title"": ""Optimization Techniques for Data Science"", ""basket_code"": ""B4"", ""basket_name"": ""Program HONORS"", ""credits"": 4, ""prerequisite"": ""MATH201"", ""source_sheet"": ""Sem_Spread_2025"", ""source_row"": 16}"
COURSE_180,COURSE,"Academic Structure: Sem_Spread_2025
Semester: S5
Basket: Program HONORS
Basket Code: B4
Course Code: DATA301
Source Course Code: DATA301
Course Title: Machine Learning
Prerequisite: DATA206, MATH301
Prerequisite Status: specified
Credits: 4
Lecture Hours: 2.0
Tutorial Hours: 0.0
Practical Hours: 4.0
Source Sheet: Sem_Spread_2025
Source Row: 16","{""academic_structure"": ""Sem_Spread_2025"", ""semester"": ""S5"", ""course_code"": ""DATA301"", ""course_title"": ""Machine Learning"", ""basket_code"": ""B4"", ""basket_name"": ""Program HONORS"", ""credits"": 4, ""prerequisite"": ""DATA206, MATH301"", ""source_sheet"": ""Sem_Spread_2025"", ""source_row"": 16}"
COURSE_181,COURSE,"Academic Structure: Sem_Spread_2025
Semester: S6
Basket: Program HONORS
Basket Code: B4
Course Code: DATA302
Source Course Code: DATA302
Course Title: Deep Learning
Prerequisite: DATA301
Prerequisite Status: specified
Credits: 4
Lecture Hours: 2.0
Tutorial Hours: 0.0
Practical Hours: 4.0
Source Sheet: Sem_Spread_2025
Source Row: 16","{""academic_structure"": ""Sem_Spread_2025"", ""semester"": ""S6"", ""course_code"": ""DATA302"", ""course_title"": ""Deep Learning"", ""basket_code"": ""B4"", ""basket_name"": ""Program HONORS"", ""credits"": 4, ""prerequisite"": ""DATA301"", ""source_sheet"": ""Sem_Spread_2025"", ""source_row"": 16}"
COURSE_182,COURSE,"Academic Structure: Sem_Spread_2025
Semester: S7
Basket: Program HONORS
Basket Code: B4
Course Code: DATA403
Source Course Code: DATA403
Course Title: Natural Language Processing
Prerequisite: DATA302
Prerequisite Status: specified
Credits: 4
Lecture Hours: 2.0
Tutorial Hours: 0.0
Practical Hours: 4.0
Source Sheet: Sem_Spread_2025
Source Row: 16","{""academic_structure"": ""Sem_Spread_2025"", ""semester"": ""S7"", ""course_code"": ""DATA403"", ""course_title"": ""Natural Language Processing"", ""basket_code"": ""B4"", ""basket_name"": ""Program HONORS"", ""credits"": 4, ""prerequisite"": ""DATA302"", ""source_sheet"": ""Sem_Spread_2025"", ""source_row"": 16}"
COURSE_183,COURSE,"Academic Structure: Sem_Spread_2025
Semester: S5
Basket: Specialization Tracks
Basket Code: B5
Course Code: MATH401/COMP401
Source Course Code: MATH401/ COMP401
Course Title: SPT-Course #1-Probabilistic Graph Models LTP: 3-0-2/Web Framework LTP: 2-0-4
Prerequisite: NIL/NIL
Prerequisite Status: specified
Credits: 4
Lecture Hours: nan
Tutorial Hours: nan
Practical Hours: nan
Source Sheet: Sem_Spread_2025
Source Row: 18","{""academic_structure"": ""Sem_Spread_2025"", ""semester"": ""S5"", ""course_code"": ""MATH401/COMP401"", ""course_title"": ""SPT-Course #1-Probabilistic Graph Models LTP: 3-0-2/Web Framework LTP: 2-0-4"", ""basket_code"": ""B5"", ""basket_name"": ""Specialization Tracks"", ""credits"": 4, ""prerequisite"": ""NIL/NIL"", ""source_sheet"": ""Sem_Spread_2025"", ""source_row"": 18}"
COURSE_184,COURSE,"Academic Structure: Sem_Spread_2025
Semester: S6
Basket: Specialization Tracks
Basket Code: B5
Course Code: DATA404/DATA406
Source Course Code: DATA404/ DATA406
Course Title: SPT-Course #2-Multi Modal Learning/Big Data Framework
Prerequisite: DATA302/NIL
Prerequisite Status: specified
Credits: 4
Lecture Hours: 2.0
Tutorial Hours: 0.0
Practical Hours: 4.0
Source Sheet: Sem_Spread_2025
Source Row: 18","{""academic_structure"": ""Sem_Spread_2025"", ""semester"": ""S6"", ""course_code"": ""DATA404/DATA406"", ""course_title"": ""SPT-Course #2-Multi Modal Learning/Big Data Framework"", ""basket_code"": ""B5"", ""basket_name"": ""Specialization Tracks"", ""credits"": 4, ""prerequisite"": ""DATA302/NIL"", ""source_sheet"": ""Sem_Spread_2025"", ""source_row"": 18}"
COURSE_185,COURSE,"Academic Structure: Sem_Spread_2025
Semester: S7
Basket: Specialization Tracks
Basket Code: B5
Course Code: TBA/COMP405
Source Course Code: TBA/COMP405
Course Title: SPT-Course #3 (Image Processing and Computer Vision/Cloud & Cognitive Computing)
Prerequisite: TBA/NIL
Prerequisite Status: unknown
Credits: 4
Lecture Hours: 2.0
Tutorial Hours: 0.0
Practical Hours: 4.0
Source Sheet: Sem_Spread_2025
Source Row: 18","{""academic_structure"": ""Sem_Spread_2025"", ""semester"": ""S7"", ""course_code"": ""TBA/COMP405"", ""course_title"": ""SPT-Course #3 (Image Processing and Computer Vision/Cloud & Cognitive Computing)"", ""basket_code"": ""B5"", ""basket_name"": ""Specialization Tracks"", ""credits"": 4, ""prerequisite"": ""TBA/NIL"", ""source_sheet"": ""Sem_Spread_2025"", ""source_row"": 18}"
COURSE_186,COURSE,"Academic Structure: Sem_Spread_2025
Semester: S7
Basket: Specialization Tracks
Basket Code: B5
Course Code: DATA408/COMP402
Source Course Code: DATA408/ COMP402
Course Title: SPT-Course #4 (Advanced Topics in Deep Learning LTP: 3-0-2/ Software Architecture and Deployments LTP: 2-0-4)
Prerequisite: DATA302/ COMP205, COMP401
Prerequisite Status: specified
Credits: 4
Lecture Hours: 2.0
Tutorial Hours: 0.0
Practical Hours: 4.0
Source Sheet: Sem_Spread_2025
Source Row: 19","{""academic_structure"": ""Sem_Spread_2025"", ""semester"": ""S7"", ""course_code"": ""DATA408/COMP402"", ""course_title"": ""SPT-Course #4 (Advanced Topics in Deep Learning LTP: 3-0-2/ Software Architecture and Deployments LTP: 2-0-4)"", ""basket_code"": ""B5"", ""basket_name"": ""Specialization Tracks"", ""credits"": 4, ""prerequisite"": ""DATA302/ COMP205, COMP401"", ""source_sheet"": ""Sem_Spread_2025"", ""source_row"": 19}"
COURSE_187,COURSE,"Academic Structure: Sem_Spread_2025
Semester: S7
Basket: Specialization Tracks
Basket Code: B5
Course Code: DATA405
Source Course Code: DATA405
Course Title: SPT-Course #5 Reinforcement Learning/Reinforcement Learning
Prerequisite: MATH202, MATH204
Prerequisite Status: specified
Credits: 4
Lecture Hours: 2.0
Tutorial Hours: 0.0
Practical Hours: 4.0
Source Sheet: Sem_Spread_2025
Source Row: 20","{""academic_structure"": ""Sem_Spread_2025"", ""semester"": ""S7"", ""course_code"": ""DATA405"", ""course_title"": ""SPT-Course #5 Reinforcement Learning/Reinforcement Learning"", ""basket_code"": ""B5"", ""basket_name"": ""Specialization Tracks"", ""credits"": 4, ""prerequisite"": ""MATH202, MATH204"", ""source_sheet"": ""Sem_Spread_2025"", ""source_row"": 20}"
COURSE_188,COURSE,"Academic Structure: Sem_Spread_2025
Semester: S1
Basket: Open/Minor
Basket Code: B6
Course Code: MGMT101
Source Course Code: MGMT101
Course Title: Essentials of Business Management
Prerequisite: Nil
Prerequisite Status: none
Credits: 2
Lecture Hours: 1.0
Tutorial Hours: 1.0
Practical Hours: 0.0
Source Sheet: Sem_Spread_2025
Source Row: 21","{""academic_structure"": ""Sem_Spread_2025"", ""semester"": ""S1"", ""course_code"": ""MGMT101"", ""course_title"": ""Essentials of Business Management"", ""basket_code"": ""B6"", ""basket_name"": ""Open/Minor"", ""credits"": 2, ""prerequisite"": ""Nil"", ""source_sheet"": ""Sem_Spread_2025"", ""source_row"": 21}"
COURSE_189,COURSE,"Academic Structure: Sem_Spread_2025
Semester: S7
Basket: Open/Minor
Basket Code: B6
Course Code: DATA802
Source Course Code: DATA802
Course Title: Inter-Desciplinary Project
Prerequisite: NIL
Prerequisite Status: none
Credits: 4
Lecture Hours: 0.0
Tutorial Hours: 0.0
Practical Hours: 0.0
Source Sheet: Sem_Spread_2025
Source Row: 21","{""academic_structure"": ""Sem_Spread_2025"", ""semester"": ""S7"", ""course_code"": ""DATA802"", ""course_title"": ""Inter-Desciplinary Project"", ""basket_code"": ""B6"", ""basket_name"": ""Open/Minor"", ""credits"": 4, ""prerequisite"": ""NIL"", ""source_sheet"": ""Sem_Spread_2025"", ""source_row"": 21}"
COURSE_190,COURSE,"Academic Structure: Sem_Spread_2025
Semester: S1
Basket: Open/Minor
Basket Code: B6
Course Code: PSCY102/ECON105
Source Course Code: PSCY102 / ECON105
Course Title: Introduction to Psychology/Principles of Economics
Prerequisite: NIL
Prerequisite Status: none
Credits: 2
Lecture Hours: 1.0
Tutorial Hours: 0.0
Practical Hours: 2.0
Source Sheet: Sem_Spread_2025
Source Row: 22","{""academic_structure"": ""Sem_Spread_2025"", ""semester"": ""S1"", ""course_code"": ""PSCY102/ECON105"", ""course_title"": ""Introduction to Psychology/Principles of Economics"", ""basket_code"": ""B6"", ""basket_name"": ""Open/Minor"", ""credits"": 2, ""prerequisite"": ""NIL"", ""source_sheet"": ""Sem_Spread_2025"", ""source_row"": 22}"
COURSE_191,COURSE,"Academic Structure: Sem_Spread_2025
Semester: S5
Basket: Internship/ Capstone Project
Basket Code: B7
Course Code: DATA801
Source Course Code: DATA801
Course Title: Summer Training/Internship
Prerequisite: NIL
Prerequisite Status: none
Credits: 2
Lecture Hours: 0.0
Tutorial Hours: 0.0
Practical Hours: 0.0
Source Sheet: Sem_Spread_2025
Source Row: 23","{""academic_structure"": ""Sem_Spread_2025"", ""semester"": ""S5"", ""course_code"": ""DATA801"", ""course_title"": ""Summer Training/Internship"", ""basket_code"": ""B7"", ""basket_name"": ""Internship/ Capstone Project"", ""credits"": 2, ""prerequisite"": ""NIL"", ""source_sheet"": ""Sem_Spread_2025"", ""source_row"": 23}"
COURSE_192,COURSE,"Academic Structure: Sem_Spread_2025
Semester: S8
Basket: Internship/ Capstone Project
Basket Code: B7
Course Code: DATA803
Source Course Code: DATA803
Course Title: Capstone Project/ Industrial Internship
Prerequisite: NIL
Prerequisite Status: none
Credits: 12
Lecture Hours: 0.0
Tutorial Hours: 0.0
Practical Hours: 0.0
Source Sheet: Sem_Spread_2025
Source Row: 23","{""academic_structure"": ""Sem_Spread_2025"", ""semester"": ""S8"", ""course_code"": ""DATA803"", ""course_title"": ""Capstone Project/ Industrial Internship"", ""basket_code"": ""B7"", ""basket_name"": ""Internship/ Capstone Project"", ""credits"": 12, ""prerequisite"": ""NIL"", ""source_sheet"": ""Sem_Spread_2025"", ""source_row"": 23}"
COURSE_193,COURSE,"Academic Structure: Sem_Spread_DS_2026
Semester: S1
Basket: Univ Core
Basket Code: B1
Course Code: UCOR107
Source Course Code: UCOR107
Course Title: Communication Skills
Prerequisite: Nil
Prerequisite Status: none
Credits: 3
Lecture Hours: 2.0
Tutorial Hours: 0.0
Practical Hours: 2.0
Source Sheet: Sem_Spread_DS_2026
Source Row: 3","{""academic_structure"": ""Sem_Spread_DS_2026"", ""semester"": ""S1"", ""course_code"": ""UCOR107"", ""course_title"": ""Communication Skills"", ""basket_code"": ""B1"", ""basket_name"": ""Univ Core"", ""credits"": 3, ""prerequisite"": ""Nil"", ""source_sheet"": ""Sem_Spread_DS_2026"", ""source_row"": 3}"
COURSE_194,COURSE,"Academic Structure: Sem_Spread_DS_2026
Semester: S2
Basket: Univ Core
Basket Code: B1
Course Code: UCOR111
Source Course Code: UCOR111
Course Title: Environmental Studies and Sustainability
Prerequisite: NIL
Prerequisite Status: none
Credits: 2
Lecture Hours: 0.0
Tutorial Hours: 0.0
Practical Hours: 0.0
Source Sheet: Sem_Spread_DS_2026
Source Row: 3","{""academic_structure"": ""Sem_Spread_DS_2026"", ""semester"": ""S2"", ""course_code"": ""UCOR111"", ""course_title"": ""Environmental Studies and Sustainability"", ""basket_code"": ""B1"", ""basket_name"": ""Univ Core"", ""credits"": 2, ""prerequisite"": ""NIL"", ""source_sheet"": ""Sem_Spread_DS_2026"", ""source_row"": 3}"
COURSE_195,COURSE,"Academic Structure: Sem_Spread_DS_2026
Semester: S4
Basket: Univ Core
Basket Code: B1
Course Code: UCOR205
Source Course Code: UCOR205
Course Title: Socio-Cultural Perspectives on Indian Life
Prerequisite: Nil
Prerequisite Status: none
Credits: 3
Lecture Hours: 2.0
Tutorial Hours: 1.0
Practical Hours: 0.0
Source Sheet: Sem_Spread_DS_2026
Source Row: 3","{""academic_structure"": ""Sem_Spread_DS_2026"", ""semester"": ""S4"", ""course_code"": ""UCOR205"", ""course_title"": ""Socio-Cultural Perspectives on Indian Life"", ""basket_code"": ""B1"", ""basket_name"": ""Univ Core"", ""credits"": 3, ""prerequisite"": ""Nil"", ""source_sheet"": ""Sem_Spread_DS_2026"", ""source_row"": 3}"
COURSE_196,COURSE,"Academic Structure: Sem_Spread_DS_2026
Semester: S5
Basket: Univ Core
Basket Code: B1
Course Code: UCOR310
Source Course Code: UCOR310
Course Title: Critical Thinking
Prerequisite: NIL
Prerequisite Status: none
Credits: 3
Lecture Hours: 2.0
Tutorial Hours: 1.0
Practical Hours: 0.0
Source Sheet: Sem_Spread_DS_2026
Source Row: 3","{""academic_structure"": ""Sem_Spread_DS_2026"", ""semester"": ""S5"", ""course_code"": ""UCOR310"", ""course_title"": ""Critical Thinking"", ""basket_code"": ""B1"", ""basket_name"": ""Univ Core"", ""credits"": 3, ""prerequisite"": ""NIL"", ""source_sheet"": ""Sem_Spread_DS_2026"", ""source_row"": 3}"
COURSE_197,COURSE,"Academic Structure: Sem_Spread_DS_2026
Semester: S1
Basket: Univ Core
Basket Code: B1
Course Code: UCOR106
Source Course Code: UCOR106
Course Title: Learning to Learn
Prerequisite: NIL
Prerequisite Status: none
Credits: 2
Lecture Hours: 1.0
Tutorial Hours: 0.0
Practical Hours: 2.0
Source Sheet: Sem_Spread_DS_2026
Source Row: 4","{""academic_structure"": ""Sem_Spread_DS_2026"", ""semester"": ""S1"", ""course_code"": ""UCOR106"", ""course_title"": ""Learning to Learn"", ""basket_code"": ""B1"", ""basket_name"": ""Univ Core"", ""credits"": 2, ""prerequisite"": ""NIL"", ""source_sheet"": ""Sem_Spread_DS_2026"", ""source_row"": 4}"
COURSE_198,COURSE,"Academic Structure: Sem_Spread_DS_2026
Semester: S2
Basket: Univ Core
Basket Code: B1
Course Code: LAWS101
Source Course Code: LAWS101
Course Title: Fundamentals of Indian Constitution and Human Rights
Prerequisite: NIL
Prerequisite Status: none
Credits: 2
Lecture Hours: 1.0
Tutorial Hours: 1.0
Practical Hours: 0.0
Source Sheet: Sem_Spread_DS_2026
Source Row: 4","{""academic_structure"": ""Sem_Spread_DS_2026"", ""semester"": ""S2"", ""course_code"": ""LAWS101"", ""course_title"": ""Fundamentals of Indian Constitution and Human Rights"", ""basket_code"": ""B1"", ""basket_name"": ""Univ Core"", ""credits"": 2, ""prerequisite"": ""NIL"", ""source_sheet"": ""Sem_Spread_DS_2026"", ""source_row"": 4}"
COURSE_199,COURSE,"Academic Structure: Sem_Spread_DS_2026
Semester: S5
Basket: Univ Core
Basket Code: B1
Course Code: UCOR104
Source Course Code: UCOR104
Course Title: Problem Solving with Design Thinking
Prerequisite: NIL
Prerequisite Status: none
Credits: 2
Lecture Hours: 1.0
Tutorial Hours: 0.0
Practical Hours: 2.0
Source Sheet: Sem_Spread_DS_2026
Source Row: 4","{""academic_structure"": ""Sem_Spread_DS_2026"", ""semester"": ""S5"", ""course_code"": ""UCOR104"", ""course_title"": ""Problem Solving with Design Thinking"", ""basket_code"": ""B1"", ""basket_name"": ""Univ Core"", ""credits"": 2, ""prerequisite"": ""NIL"", ""source_sheet"": ""Sem_Spread_DS_2026"", ""source_row"": 4}"
COURSE_200,COURSE,"Academic Structure: Sem_Spread_DS_2026
Semester: S2
Basket: Univ Core
Basket Code: B1
Course Code: UCOR701
Source Course Code: UCOR701
Course Title: Community Engagement & Service Experience
Prerequisite: NIL
Prerequisite Status: none
Credits: 1
Lecture Hours: 0.0
Tutorial Hours: 0.0
Practical Hours: 0.0
Source Sheet: Sem_Spread_DS_2026
Source Row: 5","{""academic_structure"": ""Sem_Spread_DS_2026"", ""semester"": ""S2"", ""course_code"": ""UCOR701"", ""course_title"": ""Community Engagement & Service Experience"", ""basket_code"": ""B1"", ""basket_name"": ""Univ Core"", ""credits"": 1, ""prerequisite"": ""NIL"", ""source_sheet"": ""Sem_Spread_DS_2026"", ""source_row"": 5}"
COURSE_201,COURSE,"Academic Structure: Sem_Spread_DS_2026
Semester: S1
Basket: Foundation
Basket Code: B2
Course Code: MATH208
Source Course Code: MATH208
Course Title: Multivariate Calculus
Prerequisite: Nil
Prerequisite Status: none
Credits: 4
Lecture Hours: 3.0
Tutorial Hours: 1.0
Practical Hours: 0.0
Source Sheet: Sem_Spread_DS_2026
Source Row: 7","{""academic_structure"": ""Sem_Spread_DS_2026"", ""semester"": ""S1"", ""course_code"": ""MATH208"", ""course_title"": ""Multivariate Calculus"", ""basket_code"": ""B2"", ""basket_name"": ""Foundation"", ""credits"": 4, ""prerequisite"": ""Nil"", ""source_sheet"": ""Sem_Spread_DS_2026"", ""source_row"": 7}"
COURSE_202,COURSE,"Academic Structure: Sem_Spread_DS_2026
Semester: S2
Basket: Foundation
Basket Code: B2
Course Code: MATH203
Source Course Code: MATH203
Course Title: Probability and Statistics
Prerequisite: NIL
Prerequisite Status: none
Credits: 4
Lecture Hours: 3.0
Tutorial Hours: 1.0
Practical Hours: 0.0
Source Sheet: Sem_Spread_DS_2026
Source Row: 7","{""academic_structure"": ""Sem_Spread_DS_2026"", ""semester"": ""S2"", ""course_code"": ""MATH203"", ""course_title"": ""Probability and Statistics"", ""basket_code"": ""B2"", ""basket_name"": ""Foundation"", ""credits"": 4, ""prerequisite"": ""NIL"", ""source_sheet"": ""Sem_Spread_DS_2026"", ""source_row"": 7}"
COURSE_203,COURSE,"Academic Structure: Sem_Spread_DS_2026
Semester: S3
Basket: Foundation
Basket Code: B2
Course Code: MATH209
Source Course Code: MATH209
Course Title: Linear Algebra
Prerequisite: NIL
Prerequisite Status: none
Credits: 4
Lecture Hours: 3.0
Tutorial Hours: 1.0
Practical Hours: 0.0
Source Sheet: Sem_Spread_DS_2026
Source Row: 7","{""academic_structure"": ""Sem_Spread_DS_2026"", ""semester"": ""S3"", ""course_code"": ""MATH209"", ""course_title"": ""Linear Algebra"", ""basket_code"": ""B2"", ""basket_name"": ""Foundation"", ""credits"": 4, ""prerequisite"": ""NIL"", ""source_sheet"": ""Sem_Spread_DS_2026"", ""source_row"": 7}"
COURSE_204,COURSE,"Academic Structure: Sem_Spread_DS_2026
Semester: S6
Basket: Foundation
Basket Code: B2
Course Code: TBA
Source Course Code: TBA
Course Title: Language
Prerequisite: NIL
Prerequisite Status: none
Credits: 2
Lecture Hours: 0.0
Tutorial Hours: 0.0
Practical Hours: 0.0
Source Sheet: Sem_Spread_DS_2026
Source Row: 7","{""academic_structure"": ""Sem_Spread_DS_2026"", ""semester"": ""S6"", ""course_code"": ""TBA"", ""course_title"": ""Language"", ""basket_code"": ""B2"", ""basket_name"": ""Foundation"", ""credits"": 2, ""prerequisite"": ""NIL"", ""source_sheet"": ""Sem_Spread_DS_2026"", ""source_row"": 7}"
COURSE_205,COURSE,"Academic Structure: Sem_Spread_DS_2026
Semester: S2
Basket: Foundation
Basket Code: B2
Course Code: MTSC211
Source Course Code: MTSC211
Course Title: Sustainable Smart Materials
Prerequisite: MTSC111
Prerequisite Status: specified
Credits: 3
Lecture Hours: 2.0
Tutorial Hours: 0.0
Practical Hours: 2.0
Source Sheet: Sem_Spread_DS_2026
Source Row: 8","{""academic_structure"": ""Sem_Spread_DS_2026"", ""semester"": ""S2"", ""course_code"": ""MTSC211"", ""course_title"": ""Sustainable Smart Materials"", ""basket_code"": ""B2"", ""basket_name"": ""Foundation"", ""credits"": 3, ""prerequisite"": ""MTSC111"", ""source_sheet"": ""Sem_Spread_DS_2026"", ""source_row"": 8}"
COURSE_206,COURSE,"Academic Structure: Sem_Spread_DS_2026
Semester: S4
Basket: Foundation
Basket Code: B2
Course Code: MATH210
Source Course Code: MATH210
Course Title: Advanced Statistical Analysis and Research Methods
Prerequisite: MATH203
Prerequisite Status: specified
Credits: 3
Lecture Hours: 1.0
Tutorial Hours: 0.0
Practical Hours: 4.0
Source Sheet: Sem_Spread_DS_2026
Source Row: 8","{""academic_structure"": ""Sem_Spread_DS_2026"", ""semester"": ""S4"", ""course_code"": ""MATH210"", ""course_title"": ""Advanced Statistical Analysis and Research Methods"", ""basket_code"": ""B2"", ""basket_name"": ""Foundation"", ""credits"": 3, ""prerequisite"": ""MATH203"", ""source_sheet"": ""Sem_Spread_DS_2026"", ""source_row"": 8}"
COURSE_207,COURSE,"Academic Structure: Sem_Spread_DS_2026
Semester: S1
Basket: Foundation
Basket Code: B2
Course Code: MTSC111
Source Course Code: MTSC111
Course Title: Materials for Smart Devices
Prerequisite: Nil
Prerequisite Status: none
Credits: 3
Lecture Hours: 2.0
Tutorial Hours: 0.0
Practical Hours: 2.0
Source Sheet: Sem_Spread_DS_2026
Source Row: 9","{""academic_structure"": ""Sem_Spread_DS_2026"", ""semester"": ""S1"", ""course_code"": ""MTSC111"", ""course_title"": ""Materials for Smart Devices"", ""basket_code"": ""B2"", ""basket_name"": ""Foundation"", ""credits"": 3, ""prerequisite"": ""Nil"", ""source_sheet"": ""Sem_Spread_DS_2026"", ""source_row"": 9}"
COURSE_208,COURSE,"Academic Structure: Sem_Spread_DS_2026
Semester: S2
Basket: Foundation
Basket Code: B2
Course Code: COMP133
Source Course Code: COMP133
Course Title: Design Workshop
Prerequisite: Nil
Prerequisite Status: none
Credits: 3
Lecture Hours: 1.0
Tutorial Hours: 0.0
Practical Hours: 4.0
Source Sheet: Sem_Spread_DS_2026
Source Row: 9","{""academic_structure"": ""Sem_Spread_DS_2026"", ""semester"": ""S2"", ""course_code"": ""COMP133"", ""course_title"": ""Design Workshop"", ""basket_code"": ""B2"", ""basket_name"": ""Foundation"", ""credits"": 3, ""prerequisite"": ""Nil"", ""source_sheet"": ""Sem_Spread_DS_2026"", ""source_row"": 9}"
COURSE_209,COURSE,"Academic Structure: Sem_Spread_DS_2026
Semester: S1
Basket: Foundation
Basket Code: B2
Course Code: DATA103
Source Course Code: DATA103
Course Title: Programming in Python
Prerequisite: Nil
Prerequisite Status: none
Credits: 3
Lecture Hours: 1.0
Tutorial Hours: 0.0
Practical Hours: 4.0
Source Sheet: Sem_Spread_DS_2026
Source Row: 12","{""academic_structure"": ""Sem_Spread_DS_2026"", ""semester"": ""S1"", ""course_code"": ""DATA103"", ""course_title"": ""Programming in Python"", ""basket_code"": ""B2"", ""basket_name"": ""Foundation"", ""credits"": 3, ""prerequisite"": ""Nil"", ""source_sheet"": ""Sem_Spread_DS_2026"", ""source_row"": 12}"
COURSE_210,COURSE,"Academic Structure: Sem_Spread_DS_2026
Semester: S2
Basket: Foundation
Basket Code: B2
Course Code: COMP201
Source Course Code: COMP201
Course Title: Data Structures
Prerequisite: NIL
Prerequisite Status: none
Credits: 4
Lecture Hours: 3.0
Tutorial Hours: 0.0
Practical Hours: 2.0
Source Sheet: Sem_Spread_DS_2026
Source Row: 12","{""academic_structure"": ""Sem_Spread_DS_2026"", ""semester"": ""S2"", ""course_code"": ""COMP201"", ""course_title"": ""Data Structures"", ""basket_code"": ""B2"", ""basket_name"": ""Foundation"", ""credits"": 4, ""prerequisite"": ""NIL"", ""source_sheet"": ""Sem_Spread_DS_2026"", ""source_row"": 12}"
COURSE_211,COURSE,"Academic Structure: Sem_Spread_DS_2026
Semester: S3
Basket: Foundation
Basket Code: B2
Course Code: COMP202
Source Course Code: COMP202
Course Title: Theoretical Computer Science
Prerequisite: NIL
Prerequisite Status: none
Credits: 4
Lecture Hours: 3.0
Tutorial Hours: 1.0
Practical Hours: 0.0
Source Sheet: Sem_Spread_DS_2026
Source Row: 12","{""academic_structure"": ""Sem_Spread_DS_2026"", ""semester"": ""S3"", ""course_code"": ""COMP202"", ""course_title"": ""Theoretical Computer Science"", ""basket_code"": ""B2"", ""basket_name"": ""Foundation"", ""credits"": 4, ""prerequisite"": ""NIL"", ""source_sheet"": ""Sem_Spread_DS_2026"", ""source_row"": 12}"
COURSE_212,COURSE,"Academic Structure: Sem_Spread_DS_2026
Semester: S4
Basket: Foundation
Basket Code: B2
Course Code: COMP211
Source Course Code: COMP211
Course Title: Operating Systems
Prerequisite: Nil
Prerequisite Status: none
Credits: 4
Lecture Hours: 3.0
Tutorial Hours: 0.0
Practical Hours: 2.0
Source Sheet: Sem_Spread_DS_2026
Source Row: 12","{""academic_structure"": ""Sem_Spread_DS_2026"", ""semester"": ""S4"", ""course_code"": ""COMP211"", ""course_title"": ""Operating Systems"", ""basket_code"": ""B2"", ""basket_name"": ""Foundation"", ""credits"": 4, ""prerequisite"": ""Nil"", ""source_sheet"": ""Sem_Spread_DS_2026"", ""source_row"": 12}"
COURSE_213,COURSE,"Academic Structure: Sem_Spread_DS_2026
Semester: S5
Basket: Foundation
Basket Code: B2
Course Code: COMP206
Source Course Code: COMP206
Course Title: Microprocessors and Computer Architecture
Prerequisite: COMP204, COMP207
Prerequisite Status: specified
Credits: 4
Lecture Hours: 3.0
Tutorial Hours: 0.0
Practical Hours: 2.0
Source Sheet: Sem_Spread_DS_2026
Source Row: 12","{""academic_structure"": ""Sem_Spread_DS_2026"", ""semester"": ""S5"", ""course_code"": ""COMP206"", ""course_title"": ""Microprocessors and Computer Architecture"", ""basket_code"": ""B2"", ""basket_name"": ""Foundation"", ""credits"": 4, ""prerequisite"": ""COMP204, COMP207"", ""source_sheet"": ""Sem_Spread_DS_2026"", ""source_row"": 12}"
COURSE_214,COURSE,"Academic Structure: Sem_Spread_DS_2026
Semester: S1
Basket: Foundation
Basket Code: B2
Course Code: COMP204
Source Course Code: COMP204
Course Title: Digital Design and Computer Organization
Prerequisite: NIL
Prerequisite Status: none
Credits: 4
Lecture Hours: 3.0
Tutorial Hours: 1.0
Practical Hours: 0.0
Source Sheet: Sem_Spread_DS_2026
Source Row: 13","{""academic_structure"": ""Sem_Spread_DS_2026"", ""semester"": ""S1"", ""course_code"": ""COMP204"", ""course_title"": ""Digital Design and Computer Organization"", ""basket_code"": ""B2"", ""basket_name"": ""Foundation"", ""credits"": 4, ""prerequisite"": ""NIL"", ""source_sheet"": ""Sem_Spread_DS_2026"", ""source_row"": 13}"
COURSE_215,COURSE,"Academic Structure: Sem_Spread_DS_2026
Semester: S2
Basket: Foundation
Basket Code: B2
Course Code: DATA132
Source Course Code: DATA132
Course Title: Data Visualization and Storytelling
Prerequisite: DATA103
Prerequisite Status: specified
Credits: 3
Lecture Hours: 1.0
Tutorial Hours: 0.0
Practical Hours: 4.0
Source Sheet: Sem_Spread_DS_2026
Source Row: 13","{""academic_structure"": ""Sem_Spread_DS_2026"", ""semester"": ""S2"", ""course_code"": ""DATA132"", ""course_title"": ""Data Visualization and Storytelling"", ""basket_code"": ""B2"", ""basket_name"": ""Foundation"", ""credits"": 3, ""prerequisite"": ""DATA103"", ""source_sheet"": ""Sem_Spread_DS_2026"", ""source_row"": 13}"
COURSE_216,COURSE,"Academic Structure: Sem_Spread_DS_2026
Semester: S3
Basket: Foundation
Basket Code: B2
Course Code: COMP203
Source Course Code: COMP203
Course Title: Analysis of Algorithms
Prerequisite: COMP201
Prerequisite Status: specified
Credits: 4
Lecture Hours: 3.0
Tutorial Hours: 0.0
Practical Hours: 2.0
Source Sheet: Sem_Spread_DS_2026
Source Row: 13","{""academic_structure"": ""Sem_Spread_DS_2026"", ""semester"": ""S3"", ""course_code"": ""COMP203"", ""course_title"": ""Analysis of Algorithms"", ""basket_code"": ""B2"", ""basket_name"": ""Foundation"", ""credits"": 4, ""prerequisite"": ""COMP201"", ""source_sheet"": ""Sem_Spread_DS_2026"", ""source_row"": 13}"
COURSE_217,COURSE,"Academic Structure: Sem_Spread_DS_2026
Semester: S6
Basket: Foundation
Basket Code: B2
Course Code: COMP208
Source Course Code: COMP208
Course Title: Networks
Prerequisite: Nil
Prerequisite Status: none
Credits: 4
Lecture Hours: 3.0
Tutorial Hours: 0.0
Practical Hours: 2.0
Source Sheet: Sem_Spread_DS_2026
Source Row: 13","{""academic_structure"": ""Sem_Spread_DS_2026"", ""semester"": ""S6"", ""course_code"": ""COMP208"", ""course_title"": ""Networks"", ""basket_code"": ""B2"", ""basket_name"": ""Foundation"", ""credits"": 4, ""prerequisite"": ""Nil"", ""source_sheet"": ""Sem_Spread_DS_2026"", ""source_row"": 13}"
COURSE_218,COURSE,"Academic Structure: Sem_Spread_DS_2026
Semester: S2
Basket: Foundation
Basket Code: B2
Course Code: COMP209
Source Course Code: COMP209
Course Title: Databases Management
Prerequisite: NIL
Prerequisite Status: none
Credits: 4
Lecture Hours: 3.0
Tutorial Hours: 0.0
Practical Hours: 2.0
Source Sheet: Sem_Spread_DS_2026
Source Row: 14","{""academic_structure"": ""Sem_Spread_DS_2026"", ""semester"": ""S2"", ""course_code"": ""COMP209"", ""course_title"": ""Databases Management"", ""basket_code"": ""B2"", ""basket_name"": ""Foundation"", ""credits"": 4, ""prerequisite"": ""NIL"", ""source_sheet"": ""Sem_Spread_DS_2026"", ""source_row"": 14}"
COURSE_219,COURSE,"Academic Structure: Sem_Spread_DS_2026
Semester: S4
Basket: Foundation
Basket Code: B2
Course Code: COMP301
Source Course Code: COMP301
Course Title: Artificial Intelligence
Prerequisite: NIL
Prerequisite Status: none
Credits: 4
Lecture Hours: 3.0
Tutorial Hours: 0.0
Practical Hours: 2.0
Source Sheet: Sem_Spread_DS_2026
Source Row: 14","{""academic_structure"": ""Sem_Spread_DS_2026"", ""semester"": ""S4"", ""course_code"": ""COMP301"", ""course_title"": ""Artificial Intelligence"", ""basket_code"": ""B2"", ""basket_name"": ""Foundation"", ""credits"": 4, ""prerequisite"": ""NIL"", ""source_sheet"": ""Sem_Spread_DS_2026"", ""source_row"": 14}"
COURSE_220,COURSE,"Academic Structure: Sem_Spread_DS_2026
Semester: S6
Basket: Foundation
Basket Code: B2
Course Code: COMP302
Source Course Code: COMP302
Course Title: Internet of Things
Prerequisite: COMP132, COMP201, COMP206, COMP208, COMP301
Prerequisite Status: specified
Credits: 2
Lecture Hours: 0.0
Tutorial Hours: 0.0
Practical Hours: 4.0
Source Sheet: Sem_Spread_DS_2026
Source Row: 14","{""academic_structure"": ""Sem_Spread_DS_2026"", ""semester"": ""S6"", ""course_code"": ""COMP302"", ""course_title"": ""Internet of Things"", ""basket_code"": ""B2"", ""basket_name"": ""Foundation"", ""credits"": 2, ""prerequisite"": ""COMP132, COMP201, COMP206, COMP208, COMP301"", ""source_sheet"": ""Sem_Spread_DS_2026"", ""source_row"": 14}"
COURSE_221,COURSE,"Academic Structure: Sem_Spread_DS_2026
Semester: S7
Basket: Foundation
Basket Code: B2
Course Code: TBA
Source Course Code: TBA
Course Title: Compiler Design
Prerequisite: Nil
Prerequisite Status: none
Credits: 3
Lecture Hours: 3.0
Tutorial Hours: 0.0
Practical Hours: 0.0
Source Sheet: Sem_Spread_DS_2026
Source Row: 14","{""academic_structure"": ""Sem_Spread_DS_2026"", ""semester"": ""S7"", ""course_code"": ""TBA"", ""course_title"": ""Compiler Design"", ""basket_code"": ""B2"", ""basket_name"": ""Foundation"", ""credits"": 3, ""prerequisite"": ""Nil"", ""source_sheet"": ""Sem_Spread_DS_2026"", ""source_row"": 14}"
COURSE_222,COURSE,"Academic Structure: Sem_Spread_DS_2026
Semester: S4
Basket: Foundation
Basket Code: B2
Course Code: COMP205
Source Course Code: COMP205
Course Title: Object Oriented Programming
Prerequisite: NIL
Prerequisite Status: none
Credits: 3
Lecture Hours: 2.0
Tutorial Hours: 0.0
Practical Hours: 2.0
Source Sheet: Sem_Spread_DS_2026
Source Row: 15","{""academic_structure"": ""Sem_Spread_DS_2026"", ""semester"": ""S4"", ""course_code"": ""COMP205"", ""course_title"": ""Object Oriented Programming"", ""basket_code"": ""B2"", ""basket_name"": ""Foundation"", ""credits"": 3, ""prerequisite"": ""NIL"", ""source_sheet"": ""Sem_Spread_DS_2026"", ""source_row"": 15}"
COURSE_223,COURSE,"Academic Structure: Sem_Spread_DS_2026
Semester: S3
Basket: Program HONORS
Basket Code: B4
Course Code: DATA209
Source Course Code: DATA209
Course Title: Advanced Exploratory Data Analysis
Prerequisite: DATA132, MATH203
Prerequisite Status: specified
Credits: 4
Lecture Hours: 2.0
Tutorial Hours: 0.0
Practical Hours: 4.0
Source Sheet: Sem_Spread_DS_2026
Source Row: 16","{""academic_structure"": ""Sem_Spread_DS_2026"", ""semester"": ""S3"", ""course_code"": ""DATA209"", ""course_title"": ""Advanced Exploratory Data Analysis"", ""basket_code"": ""B4"", ""basket_name"": ""Program HONORS"", ""credits"": 4, ""prerequisite"": ""DATA132, MATH203"", ""source_sheet"": ""Sem_Spread_DS_2026"", ""source_row"": 16}"
COURSE_224,COURSE,"Academic Structure: Sem_Spread_DS_2026
Semester: S4
Basket: Program HONORS
Basket Code: B4
Course Code: MATH301
Source Course Code: MATH301
Course Title: Optimization Techniques for Data Science
Prerequisite: MATH201
Prerequisite Status: specified
Credits: 4
Lecture Hours: 3.0
Tutorial Hours: 1.0
Practical Hours: 0.0
Source Sheet: Sem_Spread_DS_2026
Source Row: 16","{""academic_structure"": ""Sem_Spread_DS_2026"", ""semester"": ""S4"", ""course_code"": ""MATH301"", ""course_title"": ""Optimization Techniques for Data Science"", ""basket_code"": ""B4"", ""basket_name"": ""Program HONORS"", ""credits"": 4, ""prerequisite"": ""MATH201"", ""source_sheet"": ""Sem_Spread_DS_2026"", ""source_row"": 16}"
COURSE_225,COURSE,"Academic Structure: Sem_Spread_DS_2026
Semester: S5
Basket: Program HONORS
Basket Code: B4
Course Code: DATA301
Source Course Code: DATA301
Course Title: Machine Learning
Prerequisite: DATA206, MATH301
Prerequisite Status: specified
Credits: 4
Lecture Hours: 2.0
Tutorial Hours: 0.0
Practical Hours: 4.0
Source Sheet: Sem_Spread_DS_2026
Source Row: 16","{""academic_structure"": ""Sem_Spread_DS_2026"", ""semester"": ""S5"", ""course_code"": ""DATA301"", ""course_title"": ""Machine Learning"", ""basket_code"": ""B4"", ""basket_name"": ""Program HONORS"", ""credits"": 4, ""prerequisite"": ""DATA206, MATH301"", ""source_sheet"": ""Sem_Spread_DS_2026"", ""source_row"": 16}"
COURSE_226,COURSE,"Academic Structure: Sem_Spread_DS_2026
Semester: S6
Basket: Program HONORS
Basket Code: B4
Course Code: DATA302
Source Course Code: DATA302
Course Title: Deep Learning
Prerequisite: DATA301
Prerequisite Status: specified
Credits: 4
Lecture Hours: 2.0
Tutorial Hours: 0.0
Practical Hours: 4.0
Source Sheet: Sem_Spread_DS_2026
Source Row: 16","{""academic_structure"": ""Sem_Spread_DS_2026"", ""semester"": ""S6"", ""course_code"": ""DATA302"", ""course_title"": ""Deep Learning"", ""basket_code"": ""B4"", ""basket_name"": ""Program HONORS"", ""credits"": 4, ""prerequisite"": ""DATA301"", ""source_sheet"": ""Sem_Spread_DS_2026"", ""source_row"": 16}"
COURSE_227,COURSE,"Academic Structure: Sem_Spread_DS_2026
Semester: S7
Basket: Program HONORS
Basket Code: B4
Course Code: DATA403
Source Course Code: DATA403
Course Title: Natural Language Processing
Prerequisite: DATA302
Prerequisite Status: specified
Credits: 4
Lecture Hours: 2.0
Tutorial Hours: 0.0
Practical Hours: 4.0
Source Sheet: Sem_Spread_DS_2026
Source Row: 16","{""academic_structure"": ""Sem_Spread_DS_2026"", ""semester"": ""S7"", ""course_code"": ""DATA403"", ""course_title"": ""Natural Language Processing"", ""basket_code"": ""B4"", ""basket_name"": ""Program HONORS"", ""credits"": 4, ""prerequisite"": ""DATA302"", ""source_sheet"": ""Sem_Spread_DS_2026"", ""source_row"": 16}"
COURSE_228,COURSE,"Academic Structure: Sem_Spread_DS_2026
Semester: S1
Basket: Open/Minor
Basket Code: B6
Course Code: MGMT101
Source Course Code: MGMT101
Course Title: Essentials of Business Management
Prerequisite: Nil
Prerequisite Status: none
Credits: 2
Lecture Hours: 1.0
Tutorial Hours: 1.0
Practical Hours: 0.0
Source Sheet: Sem_Spread_DS_2026
Source Row: 21","{""academic_structure"": ""Sem_Spread_DS_2026"", ""semester"": ""S1"", ""course_code"": ""MGMT101"", ""course_title"": ""Essentials of Business Management"", ""basket_code"": ""B6"", ""basket_name"": ""Open/Minor"", ""credits"": 2, ""prerequisite"": ""Nil"", ""source_sheet"": ""Sem_Spread_DS_2026"", ""source_row"": 21}"
COURSE_229,COURSE,"Academic Structure: Sem_Spread_DS_2026
Semester: S7
Basket: Open/Minor
Basket Code: B6
Course Code: DATA802
Source Course Code: DATA802
Course Title: Inter-Desciplinary Project
Prerequisite: NIL
Prerequisite Status: none
Credits: 4
Lecture Hours: 0.0
Tutorial Hours: 0.0
Practical Hours: 0.0
Source Sheet: Sem_Spread_DS_2026
Source Row: 21","{""academic_structure"": ""Sem_Spread_DS_2026"", ""semester"": ""S7"", ""course_code"": ""DATA802"", ""course_title"": ""Inter-Desciplinary Project"", ""basket_code"": ""B6"", ""basket_name"": ""Open/Minor"", ""credits"": 4, ""prerequisite"": ""NIL"", ""source_sheet"": ""Sem_Spread_DS_2026"", ""source_row"": 21}"
COURSE_230,COURSE,"Academic Structure: Sem_Spread_DS_2026
Semester: S1
Basket: Open/Minor
Basket Code: B6
Course Code: PSYC105/ECON106
Source Course Code: PSYC105 / ECON106
Course Title: Introduction to Psychology/Principles of Economics
Prerequisite: NIL
Prerequisite Status: none
Credits: 2
Lecture Hours: 1.0
Tutorial Hours: 1.0
Practical Hours: 0.0
Source Sheet: Sem_Spread_DS_2026
Source Row: 22","{""academic_structure"": ""Sem_Spread_DS_2026"", ""semester"": ""S1"", ""course_code"": ""PSYC105/ECON106"", ""course_title"": ""Introduction to Psychology/Principles of Economics"", ""basket_code"": ""B6"", ""basket_name"": ""Open/Minor"", ""credits"": 2, ""prerequisite"": ""NIL"", ""source_sheet"": ""Sem_Spread_DS_2026"", ""source_row"": 22}"
COURSE_231,COURSE,"Academic Structure: Sem_Spread_DS_2026
Semester: S5
Basket: Internship/ Capstone Project
Basket Code: B7
Course Code: DATA801
Source Course Code: DATA801
Course Title: Summer Training/Internship
Prerequisite: NIL
Prerequisite Status: none
Credits: 2
Lecture Hours: 0.0
Tutorial Hours: 0.0
Practical Hours: 0.0
Source Sheet: Sem_Spread_DS_2026
Source Row: 23","{""academic_structure"": ""Sem_Spread_DS_2026"", ""semester"": ""S5"", ""course_code"": ""DATA801"", ""course_title"": ""Summer Training/Internship"", ""basket_code"": ""B7"", ""basket_name"": ""Internship/ Capstone Project"", ""credits"": 2, ""prerequisite"": ""NIL"", ""source_sheet"": ""Sem_Spread_DS_2026"", ""source_row"": 23}"
COURSE_232,COURSE,"Academic Structure: Sem_Spread_DS_2026
Semester: S8
Basket: Internship/ Capstone Project
Basket Code: B7
Course Code: DATA803
Source Course Code: DATA803
Course Title: Capstone Project/ Industrial Internship
Prerequisite: NIL
Prerequisite Status: none
Credits: 12
Lecture Hours: 0.0
Tutorial Hours: 0.0
Practical Hours: 0.0
Source Sheet: Sem_Spread_DS_2026
Source Row: 23","{""academic_structure"": ""Sem_Spread_DS_2026"", ""semester"": ""S8"", ""course_code"": ""DATA803"", ""course_title"": ""Capstone Project/ Industrial Internship"", ""basket_code"": ""B7"", ""basket_name"": ""Internship/ Capstone Project"", ""credits"": 12, ""prerequisite"": ""NIL"", ""source_sheet"": ""Sem_Spread_DS_2026"", ""source_row"": 23}"
DEGREE_REQUIREMENT_1,DEGREE_REQUIREMENT,"Academic Structure: Struct_2024
Component: University Core
Required Credits: 18
Source Sheet: Struct_2024
Source Row: 3","{""academic_structure"": ""Struct_2024"", ""component"": ""University Core"", ""required_credits"": 18, ""source_row"": 3}"
DEGREE_REQUIREMENT_2,DEGREE_REQUIREMENT,"Academic Structure: Struct_2024
Component: Foundation
Required Credits: 34
Source Sheet: Struct_2024
Source Row: 4","{""academic_structure"": ""Struct_2024"", ""component"": ""Foundation"", ""required_credits"": 34, ""source_row"": 4}"
DEGREE_REQUIREMENT_3,DEGREE_REQUIREMENT,"Academic Structure: Struct_2024
Component: Program Core
Required Credits: 46
Source Sheet: Struct_2024
Source Row: 5","{""academic_structure"": ""Struct_2024"", ""component"": ""Program Core"", ""required_credits"": 46, ""source_row"": 5}"
DEGREE_REQUIREMENT_4,DEGREE_REQUIREMENT,"Academic Structure: Struct_2024
Component: Program Honors
Required Credits: 20
Source Sheet: Struct_2024
Source Row: 6","{""academic_structure"": ""Struct_2024"", ""component"": ""Program Honors"", ""required_credits"": 20, ""source_row"": 6}"
DEGREE_REQUIREMENT_5,DEGREE_REQUIREMENT,"Academic Structure: Struct_2024
Component: Specialization Tracks
Required Credits: 20
Source Sheet: Struct_2024
Source Row: 7","{""academic_structure"": ""Struct_2024"", ""component"": ""Specialization Tracks"", ""required_credits"": 20, ""source_row"": 7}"
DEGREE_REQUIREMENT_6,DEGREE_REQUIREMENT,"Academic Structure: Struct_2024
Component: Minor/Open
Required Credits: 24
Source Sheet: Struct_2024
Source Row: 8","{""academic_structure"": ""Struct_2024"", ""component"": ""Minor/Open"", ""required_credits"": 24, ""source_row"": 8}"
DEGREE_REQUIREMENT_7,DEGREE_REQUIREMENT,"Academic Structure: Struct_2024
Component: Internship/Capstone Project
Required Credits: 18
Source Sheet: Struct_2024
Source Row: 9","{""academic_structure"": ""Struct_2024"", ""component"": ""Internship/Capstone Project"", ""required_credits"": 18, ""source_row"": 9}"
DEGREE_REQUIREMENT_8,DEGREE_REQUIREMENT,"Academic Structure: Struct_2024
Component: Total Credits
Required Credits: 180
Source Sheet: Struct_2024
Source Row: 10","{""academic_structure"": ""Struct_2024"", ""component"": ""Total Credits"", ""required_credits"": 180, ""source_row"": 10}"
DEGREE_REQUIREMENT_9,DEGREE_REQUIREMENT,"Academic Structure: Struct_2025
Component: University Core
Required Credits: 24
Source Sheet: Struct_2025
Source Row: 3","{""academic_structure"": ""Struct_2025"", ""component"": ""University Core"", ""required_credits"": 24, ""source_row"": 3}"
DEGREE_REQUIREMENT_10,DEGREE_REQUIREMENT,"Academic Structure: Struct_2025
Component: Foundation
Required Credits: 24
Source Sheet: Struct_2025
Source Row: 4","{""academic_structure"": ""Struct_2025"", ""component"": ""Foundation"", ""required_credits"": 24, ""source_row"": 4}"
DEGREE_REQUIREMENT_11,DEGREE_REQUIREMENT,"Academic Structure: Struct_2025
Component: Program Core
Required Credits: 46
Source Sheet: Struct_2025
Source Row: 5","{""academic_structure"": ""Struct_2025"", ""component"": ""Program Core"", ""required_credits"": 46, ""source_row"": 5}"
DEGREE_REQUIREMENT_12,DEGREE_REQUIREMENT,"Academic Structure: Struct_2025
Component: Program Honors
Required Credits: 20
Source Sheet: Struct_2025
Source Row: 6","{""academic_structure"": ""Struct_2025"", ""component"": ""Program Honors"", ""required_credits"": 20, ""source_row"": 6}"
DEGREE_REQUIREMENT_13,DEGREE_REQUIREMENT,"Academic Structure: Struct_2025
Component: Specialization Tracks
Required Credits: 20
Source Sheet: Struct_2025
Source Row: 7","{""academic_structure"": ""Struct_2025"", ""component"": ""Specialization Tracks"", ""required_credits"": 20, ""source_row"": 7}"
DEGREE_REQUIREMENT_14,DEGREE_REQUIREMENT,"Academic Structure: Struct_2025
Component: Minor/Open
Required Credits: 32
Source Sheet: Struct_2025
Source Row: 8","{""academic_structure"": ""Struct_2025"", ""component"": ""Minor/Open"", ""required_credits"": 32, ""source_row"": 8}"
DEGREE_REQUIREMENT_15,DEGREE_REQUIREMENT,"Academic Structure: Struct_2025
Component: Internship/Capstone Project
Required Credits: 14
Source Sheet: Struct_2025
Source Row: 9","{""academic_structure"": ""Struct_2025"", ""component"": ""Internship/Capstone Project"", ""required_credits"": 14, ""source_row"": 9}"
DEGREE_REQUIREMENT_16,DEGREE_REQUIREMENT,"Academic Structure: Struct_2025
Component: Total Credits
Required Credits: 180
Source Sheet: Struct_2025
Source Row: 10","{""academic_structure"": ""Struct_2025"", ""component"": ""Total Credits"", ""required_credits"": 180, ""source_row"": 10}"
DEGREE_REQUIREMENT_17,DEGREE_REQUIREMENT,"Academic Structure: Struct_2026_DS
Component: University Core
Required Credits: 18
Source Sheet: Struct_2026_DS
Source Row: 3","{""academic_structure"": ""Struct_2026_DS"", ""component"": ""University Core"", ""required_credits"": 18, ""source_row"": 3}"
DEGREE_REQUIREMENT_18,DEGREE_REQUIREMENT,"Academic Structure: Struct_2026_DS
Component: Foundation
Required Credits: 26
Source Sheet: Struct_2026_DS
Source Row: 4","{""academic_structure"": ""Struct_2026_DS"", ""component"": ""Foundation"", ""required_credits"": 26, ""source_row"": 4}"
DEGREE_REQUIREMENT_19,DEGREE_REQUIREMENT,"Academic Structure: Struct_2026_DS
Component: Program Core
Required Credits: 50
Source Sheet: Struct_2026_DS
Source Row: 5","{""academic_structure"": ""Struct_2026_DS"", ""component"": ""Program Core"", ""required_credits"": 50, ""source_row"": 5}"
DEGREE_REQUIREMENT_20,DEGREE_REQUIREMENT,"Academic Structure: Struct_2026_DS
Component: Program Honors
Required Credits: 20
Source Sheet: Struct_2026_DS
Source Row: 6","{""academic_structure"": ""Struct_2026_DS"", ""component"": ""Program Honors"", ""required_credits"": 20, ""source_row"": 6}"
DEGREE_REQUIREMENT_21,DEGREE_REQUIREMENT,"Academic Structure: Struct_2026_DS
Component: Electives
Required Credits: 20
Source Sheet: Struct_2026_DS
Source Row: 7","{""academic_structure"": ""Struct_2026_DS"", ""component"": ""Electives"", ""required_credits"": 20, ""source_row"": 7}"
DEGREE_REQUIREMENT_22,DEGREE_REQUIREMENT,"Academic Structure: Struct_2026_DS
Component: Minor/Open
Required Credits: 32
Source Sheet: Struct_2026_DS
Source Row: 8","{""academic_structure"": ""Struct_2026_DS"", ""component"": ""Minor/Open"", ""required_credits"": 32, ""source_row"": 8}"
DEGREE_REQUIREMENT_23,DEGREE_REQUIREMENT,"Academic Structure: Struct_2026_DS
Component: Internship/Capstone Project
Required Credits: 14
Source Sheet: Struct_2026_DS
Source Row: 9","{""academic_structure"": ""Struct_2026_DS"", ""component"": ""Internship/Capstone Project"", ""required_credits"": 14, ""source_row"": 9}"
DEGREE_REQUIREMENT_24,DEGREE_REQUIREMENT,"Academic Structure: Struct_2026_DS
Component: Total Credits
Required Credits: 180
Source Sheet: Struct_2026_DS
Source Row: 10","{""academic_structure"": ""Struct_2026_DS"", ""component"": ""Total Credits"", ""required_credits"": 180, ""source_row"": 10}"
STRUCTURE_COURSE_1,PROGRAMME_STRUCTURE_COURSE,"Academic Structure: Struct_2022
Category: University CORE - Courses
Course Title: Communication skills
Credits: 2.0
Source Sheet: Struct_2022
Source Row: 3","{""academic_structure"": ""Struct_2022"", ""structure_category"": ""University CORE - Courses"", ""course_title"": ""Communication skills"", ""credits"": 2.0, ""source_sheet"": ""Struct_2022"", ""source_row"": 3}"
STRUCTURE_COURSE_2,PROGRAMME_STRUCTURE_COURSE,"Academic Structure: Struct_2022
Category: University CORE - Courses
Course Title: Problem Solving with Design Thinking
Credits: 2.0
Source Sheet: Struct_2022
Source Row: 4","{""academic_structure"": ""Struct_2022"", ""structure_category"": ""University CORE - Courses"", ""course_title"": ""Problem Solving with Design Thinking"", ""credits"": 2.0, ""source_sheet"": ""Struct_2022"", ""source_row"": 4}"
STRUCTURE_COURSE_3,PROGRAMME_STRUCTURE_COURSE,"Academic Structure: Struct_2022
Category: University CORE - Courses
Course Title: Introduction to Writing
Credits: 2.0
Source Sheet: Struct_2022
Source Row: 5","{""academic_structure"": ""Struct_2022"", ""structure_category"": ""University CORE - Courses"", ""course_title"": ""Introduction to Writing"", ""credits"": 2.0, ""source_sheet"": ""Struct_2022"", ""source_row"": 5}"
STRUCTURE_COURSE_4,PROGRAMME_STRUCTURE_COURSE,"Academic Structure: Struct_2022
Category: University CORE - Courses
Course Title: Socio Cultural Perspectives on Indian Life-SPIL
Credits: 3.0
Source Sheet: Struct_2022
Source Row: 6","{""academic_structure"": ""Struct_2022"", ""structure_category"": ""University CORE - Courses"", ""course_title"": ""Socio Cultural Perspectives on Indian Life-SPIL"", ""credits"": 3.0, ""source_sheet"": ""Struct_2022"", ""source_row"": 6}"
STRUCTURE_COURSE_5,PROGRAMME_STRUCTURE_COURSE,"Academic Structure: Struct_2022
Category: University CORE - Courses
Course Title: Leadership and Teamwork Skills
Credits: 2.0
Source Sheet: Struct_2022
Source Row: 7","{""academic_structure"": ""Struct_2022"", ""structure_category"": ""University CORE - Courses"", ""course_title"": ""Leadership and Teamwork Skills"", ""credits"": 2.0, ""source_sheet"": ""Struct_2022"", ""source_row"": 7}"
STRUCTURE_COURSE_6,PROGRAMME_STRUCTURE_COURSE,"Academic Structure: Struct_2022
Category: University CORE - Courses
Course Title: Learning to Learn
Credits: 2.0
Source Sheet: Struct_2022
Source Row: 8","{""academic_structure"": ""Struct_2022"", ""structure_category"": ""University CORE - Courses"", ""course_title"": ""Learning to Learn"", ""credits"": 2.0, ""source_sheet"": ""Struct_2022"", ""source_row"": 8}"
STRUCTURE_COURSE_7,PROGRAMME_STRUCTURE_COURSE,"Academic Structure: Struct_2022
Category: University CORE - Courses
Course Title: Critical Thinking
Credits: 2.0
Source Sheet: Struct_2022
Source Row: 9","{""academic_structure"": ""Struct_2022"", ""structure_category"": ""University CORE - Courses"", ""course_title"": ""Critical Thinking"", ""credits"": 2.0, ""source_sheet"": ""Struct_2022"", ""source_row"": 9}"
STRUCTURE_COURSE_8,PROGRAMME_STRUCTURE_COURSE,"Academic Structure: Struct_2022
Category: University CORE - Courses
Course Title: Introduction to Epistemology
Credits: 2.0
Source Sheet: Struct_2022
Source Row: 10","{""academic_structure"": ""Struct_2022"", ""structure_category"": ""University CORE - Courses"", ""course_title"": ""Introduction to Epistemology"", ""credits"": 2.0, ""source_sheet"": ""Struct_2022"", ""source_row"": 10}"
STRUCTURE_COURSE_9,PROGRAMME_STRUCTURE_COURSE,"Academic Structure: Struct_2022
Category: University CORE - Courses
Course Title: Community Engagement and Service Experience
Credits: 1.0
Source Sheet: Struct_2022
Source Row: 11","{""academic_structure"": ""Struct_2022"", ""structure_category"": ""University CORE - Courses"", ""course_title"": ""Community Engagement and Service Experience"", ""credits"": 1.0, ""source_sheet"": ""Struct_2022"", ""source_row"": 11}"
STRUCTURE_COURSE_10,PROGRAMME_STRUCTURE_COURSE,"Academic Structure: Struct_2022
Category: Foundation Courses
Course Title: Academic Writing
Credits: 3.0
Source Sheet: Struct_2022
Source Row: 2","{""academic_structure"": ""Struct_2022"", ""structure_category"": ""Foundation Courses"", ""course_title"": ""Academic Writing"", ""credits"": 3.0, ""source_sheet"": ""Struct_2022"", ""source_row"": 2}"
STRUCTURE_COURSE_11,PROGRAMME_STRUCTURE_COURSE,"Academic Structure: Struct_2022
Category: Foundation Courses
Course Title: Human Values in work and Life
Credits: 2.0
Source Sheet: Struct_2022
Source Row: 3","{""academic_structure"": ""Struct_2022"", ""structure_category"": ""Foundation Courses"", ""course_title"": ""Human Values in work and Life"", ""credits"": 2.0, ""source_sheet"": ""Struct_2022"", ""source_row"": 3}"
STRUCTURE_COURSE_12,PROGRAMME_STRUCTURE_COURSE,"Academic Structure: Struct_2022
Category: Foundation Courses
Course Title: Sustainable Cities and Communities
Credits: 3.0
Source Sheet: Struct_2022
Source Row: 4","{""academic_structure"": ""Struct_2022"", ""structure_category"": ""Foundation Courses"", ""course_title"": ""Sustainable Cities and Communities"", ""credits"": 3.0, ""source_sheet"": ""Struct_2022"", ""source_row"": 4}"
STRUCTURE_COURSE_13,PROGRAMME_STRUCTURE_COURSE,"Academic Structure: Struct_2022
Category: Foundation Courses
Course Title: Materials for Smart devices
Credits: 3.0
Source Sheet: Struct_2022
Source Row: 5","{""academic_structure"": ""Struct_2022"", ""structure_category"": ""Foundation Courses"", ""course_title"": ""Materials for Smart devices"", ""credits"": 3.0, ""source_sheet"": ""Struct_2022"", ""source_row"": 5}"
STRUCTURE_COURSE_14,PROGRAMME_STRUCTURE_COURSE,"Academic Structure: Struct_2022
Category: Foundation Courses
Course Title: Sustainable Smart Materials
Credits: 3.0
Source Sheet: Struct_2022
Source Row: 6","{""academic_structure"": ""Struct_2022"", ""structure_category"": ""Foundation Courses"", ""course_title"": ""Sustainable Smart Materials"", ""credits"": 3.0, ""source_sheet"": ""Struct_2022"", ""source_row"": 6}"
STRUCTURE_COURSE_15,PROGRAMME_STRUCTURE_COURSE,"Academic Structure: Struct_2022
Category: Foundation Courses
Course Title: Introduction to Psychology/Introduction to Economics
Credits: 3.0
Source Sheet: Struct_2022
Source Row: 7","{""academic_structure"": ""Struct_2022"", ""structure_category"": ""Foundation Courses"", ""course_title"": ""Introduction to Psychology/Introduction to Economics"", ""credits"": 3.0, ""source_sheet"": ""Struct_2022"", ""source_row"": 7}"
STRUCTURE_COURSE_16,PROGRAMME_STRUCTURE_COURSE,"Academic Structure: Struct_2022
Category: Foundation Courses
Course Title: Design Workshop
Credits: 2.0
Source Sheet: Struct_2022
Source Row: 8","{""academic_structure"": ""Struct_2022"", ""structure_category"": ""Foundation Courses"", ""course_title"": ""Design Workshop"", ""credits"": 2.0, ""source_sheet"": ""Struct_2022"", ""source_row"": 8}"
STRUCTURE_COURSE_17,PROGRAMME_STRUCTURE_COURSE,"Academic Structure: Struct_2022
Category: Foundation Courses
Course Title: Calculus
Credits: 3.0
Source Sheet: Struct_2022
Source Row: 9","{""academic_structure"": ""Struct_2022"", ""structure_category"": ""Foundation Courses"", ""course_title"": ""Calculus"", ""credits"": 3.0, ""source_sheet"": ""Struct_2022"", ""source_row"": 9}"
STRUCTURE_COURSE_18,PROGRAMME_STRUCTURE_COURSE,"Academic Structure: Struct_2022
Category: Foundation Courses
Course Title: Probability Theory
Credits: 3.0
Source Sheet: Struct_2022
Source Row: 10","{""academic_structure"": ""Struct_2022"", ""structure_category"": ""Foundation Courses"", ""course_title"": ""Probability Theory"", ""credits"": 3.0, ""source_sheet"": ""Struct_2022"", ""source_row"": 10}"
STRUCTURE_COURSE_19,PROGRAMME_STRUCTURE_COURSE,"Academic Structure: Struct_2022
Category: Foundation Courses
Course Title: Linear Algebra
Credits: 3.0
Source Sheet: Struct_2022
Source Row: 11","{""academic_structure"": ""Struct_2022"", ""structure_category"": ""Foundation Courses"", ""course_title"": ""Linear Algebra"", ""credits"": 3.0, ""source_sheet"": ""Struct_2022"", ""source_row"": 11}"
STRUCTURE_COURSE_20,PROGRAMME_STRUCTURE_COURSE,"Academic Structure: Struct_2022
Category: Foundation Courses
Course Title: Visualizing Data for Story Telling
Credits: 2.0
Source Sheet: Struct_2022
Source Row: 12","{""academic_structure"": ""Struct_2022"", ""structure_category"": ""Foundation Courses"", ""course_title"": ""Visualizing Data for Story Telling"", ""credits"": 2.0, ""source_sheet"": ""Struct_2022"", ""source_row"": 12}"
STRUCTURE_COURSE_21,PROGRAMME_STRUCTURE_COURSE,"Academic Structure: Struct_2022
Category: Foundation Courses
Course Title: Language
Credits: 3.0
Source Sheet: Struct_2022
Source Row: 13","{""academic_structure"": ""Struct_2022"", ""structure_category"": ""Foundation Courses"", ""course_title"": ""Language"", ""credits"": 3.0, ""source_sheet"": ""Struct_2022"", ""source_row"": 13}"
STRUCTURE_COURSE_22,PROGRAMME_STRUCTURE_COURSE,"Academic Structure: Struct_2022
Category: Foundation Courses
Course Title: Foundation Seminar
Credits: 1.0
Source Sheet: Struct_2022
Source Row: 14","{""academic_structure"": ""Struct_2022"", ""structure_category"": ""Foundation Courses"", ""course_title"": ""Foundation Seminar"", ""credits"": 1.0, ""source_sheet"": ""Struct_2022"", ""source_row"": 14}"
STRUCTURE_COURSE_23,PROGRAMME_STRUCTURE_COURSE,"Academic Structure: Struct_2022
Category: Program Core - Courses
Course Title: Computational Thinking
Credits: 3.0
Source Sheet: Struct_2022
Source Row: 3","{""academic_structure"": ""Struct_2022"", ""structure_category"": ""Program Core - Courses"", ""course_title"": ""Computational Thinking"", ""credits"": 3.0, ""source_sheet"": ""Struct_2022"", ""source_row"": 3}"
STRUCTURE_COURSE_24,PROGRAMME_STRUCTURE_COURSE,"Academic Structure: Struct_2022
Category: Program Core - Courses
Course Title: Data Structures
Credits: 4.0
Source Sheet: Struct_2022
Source Row: 4","{""academic_structure"": ""Struct_2022"", ""structure_category"": ""Program Core - Courses"", ""course_title"": ""Data Structures"", ""credits"": 4.0, ""source_sheet"": ""Struct_2022"", ""source_row"": 4}"
STRUCTURE_COURSE_25,PROGRAMME_STRUCTURE_COURSE,"Academic Structure: Struct_2022
Category: Program Core - Courses
Course Title: Theoretical Computer Science
Credits: 4.0
Source Sheet: Struct_2022
Source Row: 5","{""academic_structure"": ""Struct_2022"", ""structure_category"": ""Program Core - Courses"", ""course_title"": ""Theoretical Computer Science"", ""credits"": 4.0, ""source_sheet"": ""Struct_2022"", ""source_row"": 5}"
STRUCTURE_COURSE_26,PROGRAMME_STRUCTURE_COURSE,"Academic Structure: Struct_2022
Category: Program Core - Courses
Course Title: Analysis of Algorithms
Credits: 4.0
Source Sheet: Struct_2022
Source Row: 6","{""academic_structure"": ""Struct_2022"", ""structure_category"": ""Program Core - Courses"", ""course_title"": ""Analysis of Algorithms"", ""credits"": 4.0, ""source_sheet"": ""Struct_2022"", ""source_row"": 6}"
STRUCTURE_COURSE_27,PROGRAMME_STRUCTURE_COURSE,"Academic Structure: Struct_2022
Category: Program Core - Courses
Course Title: Digital Design and Computer Organization
Credits: 4.0
Source Sheet: Struct_2022
Source Row: 7","{""academic_structure"": ""Struct_2022"", ""structure_category"": ""Program Core - Courses"", ""course_title"": ""Digital Design and Computer Organization"", ""credits"": 4.0, ""source_sheet"": ""Struct_2022"", ""source_row"": 7}"
STRUCTURE_COURSE_28,PROGRAMME_STRUCTURE_COURSE,"Academic Structure: Struct_2022
Category: Program Core - Courses
Course Title: Object Oriented Programming
Credits: 3.0
Source Sheet: Struct_2022
Source Row: 8","{""academic_structure"": ""Struct_2022"", ""structure_category"": ""Program Core - Courses"", ""course_title"": ""Object Oriented Programming"", ""credits"": 3.0, ""source_sheet"": ""Struct_2022"", ""source_row"": 8}"
STRUCTURE_COURSE_29,PROGRAMME_STRUCTURE_COURSE,"Academic Structure: Struct_2022
Category: Program Core - Courses
Course Title: Microprocessors and Computer Architecture
Credits: 4.0
Source Sheet: Struct_2022
Source Row: 9","{""academic_structure"": ""Struct_2022"", ""structure_category"": ""Program Core - Courses"", ""course_title"": ""Microprocessors and Computer Architecture"", ""credits"": 4.0, ""source_sheet"": ""Struct_2022"", ""source_row"": 9}"
STRUCTURE_COURSE_30,PROGRAMME_STRUCTURE_COURSE,"Academic Structure: Struct_2022
Category: Program Core - Courses
Course Title: Operating Systems
Credits: 3.0
Source Sheet: Struct_2022
Source Row: 10","{""academic_structure"": ""Struct_2022"", ""structure_category"": ""Program Core - Courses"", ""course_title"": ""Operating Systems"", ""credits"": 3.0, ""source_sheet"": ""Struct_2022"", ""source_row"": 10}"
STRUCTURE_COURSE_31,PROGRAMME_STRUCTURE_COURSE,"Academic Structure: Struct_2022
Category: Program Core - Courses
Course Title: Networks
Credits: 4.0
Source Sheet: Struct_2022
Source Row: 11","{""academic_structure"": ""Struct_2022"", ""structure_category"": ""Program Core - Courses"", ""course_title"": ""Networks"", ""credits"": 4.0, ""source_sheet"": ""Struct_2022"", ""source_row"": 11}"
STRUCTURE_COURSE_32,PROGRAMME_STRUCTURE_COURSE,"Academic Structure: Struct_2022
Category: Program Core - Courses
Course Title: Databases Management
Credits: 4.0
Source Sheet: Struct_2022
Source Row: 12","{""academic_structure"": ""Struct_2022"", ""structure_category"": ""Program Core - Courses"", ""course_title"": ""Databases Management"", ""credits"": 4.0, ""source_sheet"": ""Struct_2022"", ""source_row"": 12}"
STRUCTURE_COURSE_33,PROGRAMME_STRUCTURE_COURSE,"Academic Structure: Struct_2022
Category: Program Core - Courses
Course Title: Statistics with R
Credits: 3.0
Source Sheet: Struct_2022
Source Row: 13","{""academic_structure"": ""Struct_2022"", ""structure_category"": ""Program Core - Courses"", ""course_title"": ""Statistics with R"", ""credits"": 3.0, ""source_sheet"": ""Struct_2022"", ""source_row"": 13}"
STRUCTURE_COURSE_34,PROGRAMME_STRUCTURE_COURSE,"Academic Structure: Struct_2022
Category: Program Core - Courses
Course Title: Artificial Intelligence
Credits: 4.0
Source Sheet: Struct_2022
Source Row: 14","{""academic_structure"": ""Struct_2022"", ""structure_category"": ""Program Core - Courses"", ""course_title"": ""Artificial Intelligence"", ""credits"": 4.0, ""source_sheet"": ""Struct_2022"", ""source_row"": 14}"
STRUCTURE_COURSE_35,PROGRAMME_STRUCTURE_COURSE,"Academic Structure: Struct_2022
Category: Program Core - Courses
Course Title: Internet of Things
Credits: 2.0
Source Sheet: Struct_2022
Source Row: 15","{""academic_structure"": ""Struct_2022"", ""structure_category"": ""Program Core - Courses"", ""course_title"": ""Internet of Things"", ""credits"": 2.0, ""source_sheet"": ""Struct_2022"", ""source_row"": 15}"
STRUCTURE_COURSE_36,PROGRAMME_STRUCTURE_COURSE,"Academic Structure: Struct_2022
Category: Program Hons - Courses
Course Title: Foundations to Data Science
Credits: 3.0
Source Sheet: Struct_2022
Source Row: 3","{""academic_structure"": ""Struct_2022"", ""structure_category"": ""Program Hons - Courses"", ""course_title"": ""Foundations to Data Science"", ""credits"": 3.0, ""source_sheet"": ""Struct_2022"", ""source_row"": 3}"
STRUCTURE_COURSE_37,PROGRAMME_STRUCTURE_COURSE,"Academic Structure: Struct_2022
Category: Program Hons - Courses
Course Title: Exploratory Data Analysis
Credits: 3.0
Source Sheet: Struct_2022
Source Row: 4","{""academic_structure"": ""Struct_2022"", ""structure_category"": ""Program Hons - Courses"", ""course_title"": ""Exploratory Data Analysis"", ""credits"": 3.0, ""source_sheet"": ""Struct_2022"", ""source_row"": 4}"
STRUCTURE_COURSE_38,PROGRAMME_STRUCTURE_COURSE,"Academic Structure: Struct_2022
Category: Program Hons - Courses
Course Title: Human Centric AI
Credits: 2.0
Source Sheet: Struct_2022
Source Row: 5","{""academic_structure"": ""Struct_2022"", ""structure_category"": ""Program Hons - Courses"", ""course_title"": ""Human Centric AI"", ""credits"": 2.0, ""source_sheet"": ""Struct_2022"", ""source_row"": 5}"
STRUCTURE_COURSE_39,PROGRAMME_STRUCTURE_COURSE,"Academic Structure: Struct_2022
Category: Program Hons - Courses
Course Title: Machine Learning
Credits: 4.0
Source Sheet: Struct_2022
Source Row: 6","{""academic_structure"": ""Struct_2022"", ""structure_category"": ""Program Hons - Courses"", ""course_title"": ""Machine Learning"", ""credits"": 4.0, ""source_sheet"": ""Struct_2022"", ""source_row"": 6}"
STRUCTURE_COURSE_40,PROGRAMME_STRUCTURE_COURSE,"Academic Structure: Struct_2022
Category: Program Hons - Courses
Course Title: Optimization Techniques for Data Science
Credits: 4.0
Source Sheet: Struct_2022
Source Row: 7","{""academic_structure"": ""Struct_2022"", ""structure_category"": ""Program Hons - Courses"", ""course_title"": ""Optimization Techniques for Data Science"", ""credits"": 4.0, ""source_sheet"": ""Struct_2022"", ""source_row"": 7}"
STRUCTURE_COURSE_41,PROGRAMME_STRUCTURE_COURSE,"Academic Structure: Struct_2022
Category: Program Hons - Courses
Course Title: Deep Learning
Credits: 4.0
Source Sheet: Struct_2022
Source Row: 8","{""academic_structure"": ""Struct_2022"", ""structure_category"": ""Program Hons - Courses"", ""course_title"": ""Deep Learning"", ""credits"": 4.0, ""source_sheet"": ""Struct_2022"", ""source_row"": 8}"
STRUCTURE_COURSE_42,PROGRAMME_STRUCTURE_COURSE,"Academic Structure: Struct_2022
Category: Hons Sp Track #1 - Applied Deep Learning - Courses
Course Title: Probabilistic Graph Models
Credits: 4.0
Source Sheet: Struct_2022
Source Row: 2","{""academic_structure"": ""Struct_2022"", ""structure_category"": ""Hons Sp Track #1 - Applied Deep Learning - Courses"", ""course_title"": ""Probabilistic Graph Models"", ""credits"": 4.0, ""source_sheet"": ""Struct_2022"", ""source_row"": 2}"
STRUCTURE_COURSE_43,PROGRAMME_STRUCTURE_COURSE,"Academic Structure: Struct_2022
Category: Hons Sp Track #1 - Applied Deep Learning - Courses
Course Title: Advanced Visualization and Storytelling
Credits: 4.0
Source Sheet: Struct_2022
Source Row: 3","{""academic_structure"": ""Struct_2022"", ""structure_category"": ""Hons Sp Track #1 - Applied Deep Learning - Courses"", ""course_title"": ""Advanced Visualization and Storytelling"", ""credits"": 4.0, ""source_sheet"": ""Struct_2022"", ""source_row"": 3}"
STRUCTURE_COURSE_44,PROGRAMME_STRUCTURE_COURSE,"Academic Structure: Struct_2022
Category: Hons Sp Track #1 - Applied Deep Learning - Courses
Course Title: Natural Language Processing
Credits: 4.0
Source Sheet: Struct_2022
Source Row: 4","{""academic_structure"": ""Struct_2022"", ""structure_category"": ""Hons Sp Track #1 - Applied Deep Learning - Courses"", ""course_title"": ""Natural Language Processing"", ""credits"": 4.0, ""source_sheet"": ""Struct_2022"", ""source_row"": 4}"
STRUCTURE_COURSE_45,PROGRAMME_STRUCTURE_COURSE,"Academic Structure: Struct_2022
Category: Hons Sp Track #1 - Applied Deep Learning - Courses
Course Title: Multi Modal Learning
Credits: 4.0
Source Sheet: Struct_2022
Source Row: 5","{""academic_structure"": ""Struct_2022"", ""structure_category"": ""Hons Sp Track #1 - Applied Deep Learning - Courses"", ""course_title"": ""Multi Modal Learning"", ""credits"": 4.0, ""source_sheet"": ""Struct_2022"", ""source_row"": 5}"
STRUCTURE_COURSE_46,PROGRAMME_STRUCTURE_COURSE,"Academic Structure: Struct_2022
Category: Hons Sp Track #1 - Applied Deep Learning - Courses
Course Title: Reinforcement Learning
Credits: 4.0
Source Sheet: Struct_2022
Source Row: 6","{""academic_structure"": ""Struct_2022"", ""structure_category"": ""Hons Sp Track #1 - Applied Deep Learning - Courses"", ""course_title"": ""Reinforcement Learning"", ""credits"": 4.0, ""source_sheet"": ""Struct_2022"", ""source_row"": 6}"
STRUCTURE_COURSE_47,PROGRAMME_STRUCTURE_COURSE,"Academic Structure: Struct_2022
Category: Hons Sp Track #2 - Full Stack Development - Courses
Course Title: Web Framework
Credits: 4.0
Source Sheet: Struct_2022
Source Row: 2","{""academic_structure"": ""Struct_2022"", ""structure_category"": ""Hons Sp Track #2 - Full Stack Development - Courses"", ""course_title"": ""Web Framework"", ""credits"": 4.0, ""source_sheet"": ""Struct_2022"", ""source_row"": 2}"
STRUCTURE_COURSE_48,PROGRAMME_STRUCTURE_COURSE,"Academic Structure: Struct_2022
Category: Hons Sp Track #2 - Full Stack Development - Courses
Course Title: Big Data Framework
Credits: 4.0
Source Sheet: Struct_2022
Source Row: 3","{""academic_structure"": ""Struct_2022"", ""structure_category"": ""Hons Sp Track #2 - Full Stack Development - Courses"", ""course_title"": ""Big Data Framework"", ""credits"": 4.0, ""source_sheet"": ""Struct_2022"", ""source_row"": 3}"
STRUCTURE_COURSE_49,PROGRAMME_STRUCTURE_COURSE,"Academic Structure: Struct_2022
Category: Hons Sp Track #2 - Full Stack Development - Courses
Course Title: Software Architecture and Deployments
Credits: 4.0
Source Sheet: Struct_2022
Source Row: 4","{""academic_structure"": ""Struct_2022"", ""structure_category"": ""Hons Sp Track #2 - Full Stack Development - Courses"", ""course_title"": ""Software Architecture and Deployments"", ""credits"": 4.0, ""source_sheet"": ""Struct_2022"", ""source_row"": 4}"
STRUCTURE_COURSE_50,PROGRAMME_STRUCTURE_COURSE,"Academic Structure: Struct_2022
Category: Hons Sp Track #2 - Full Stack Development - Courses
Course Title: Cloud Computing
Credits: 4.0
Source Sheet: Struct_2022
Source Row: 5","{""academic_structure"": ""Struct_2022"", ""structure_category"": ""Hons Sp Track #2 - Full Stack Development - Courses"", ""course_title"": ""Cloud Computing"", ""credits"": 4.0, ""source_sheet"": ""Struct_2022"", ""source_row"": 5}"
STRUCTURE_COURSE_51,PROGRAMME_STRUCTURE_COURSE,"Academic Structure: Struct_2022
Category: Hons Sp Track #2 - Full Stack Development - Courses
Course Title: Cognitive Computing
Credits: 4.0
Source Sheet: Struct_2022
Source Row: 6","{""academic_structure"": ""Struct_2022"", ""structure_category"": ""Hons Sp Track #2 - Full Stack Development - Courses"", ""course_title"": ""Cognitive Computing"", ""credits"": 4.0, ""source_sheet"": ""Struct_2022"", ""source_row"": 6}"
STRUCTURE_COURSE_52,PROGRAMME_STRUCTURE_COURSE,"Academic Structure: Struct_2023
Category: University CORE - Courses
Course Title: Communication skills
Credits: 2.0
Source Sheet: Struct_2023
Source Row: 3","{""academic_structure"": ""Struct_2023"", ""structure_category"": ""University CORE - Courses"", ""course_title"": ""Communication skills"", ""credits"": 2.0, ""source_sheet"": ""Struct_2023"", ""source_row"": 3}"
STRUCTURE_COURSE_53,PROGRAMME_STRUCTURE_COURSE,"Academic Structure: Struct_2023
Category: University CORE - Courses
Course Title: Problem Solving with Design Thinking
Credits: 2.0
Source Sheet: Struct_2023
Source Row: 4","{""academic_structure"": ""Struct_2023"", ""structure_category"": ""University CORE - Courses"", ""course_title"": ""Problem Solving with Design Thinking"", ""credits"": 2.0, ""source_sheet"": ""Struct_2023"", ""source_row"": 4}"
STRUCTURE_COURSE_54,PROGRAMME_STRUCTURE_COURSE,"Academic Structure: Struct_2023
Category: University CORE - Courses
Course Title: Introduction to Writing
Credits: 2.0
Source Sheet: Struct_2023
Source Row: 5","{""academic_structure"": ""Struct_2023"", ""structure_category"": ""University CORE - Courses"", ""course_title"": ""Introduction to Writing"", ""credits"": 2.0, ""source_sheet"": ""Struct_2023"", ""source_row"": 5}"
STRUCTURE_COURSE_55,PROGRAMME_STRUCTURE_COURSE,"Academic Structure: Struct_2023
Category: University CORE - Courses
Course Title: Socio Cultural Perspectives on Indian Life-SPIL
Credits: 3.0
Source Sheet: Struct_2023
Source Row: 6","{""academic_structure"": ""Struct_2023"", ""structure_category"": ""University CORE - Courses"", ""course_title"": ""Socio Cultural Perspectives on Indian Life-SPIL"", ""credits"": 3.0, ""source_sheet"": ""Struct_2023"", ""source_row"": 6}"
STRUCTURE_COURSE_56,PROGRAMME_STRUCTURE_COURSE,"Academic Structure: Struct_2023
Category: University CORE - Courses
Course Title: Leadership and Teamwork Skills
Credits: 2.0
Source Sheet: Struct_2023
Source Row: 7","{""academic_structure"": ""Struct_2023"", ""structure_category"": ""University CORE - Courses"", ""course_title"": ""Leadership and Teamwork Skills"", ""credits"": 2.0, ""source_sheet"": ""Struct_2023"", ""source_row"": 7}"
STRUCTURE_COURSE_57,PROGRAMME_STRUCTURE_COURSE,"Academic Structure: Struct_2023
Category: University CORE - Courses
Course Title: Learning to Learn
Credits: 2.0
Source Sheet: Struct_2023
Source Row: 8","{""academic_structure"": ""Struct_2023"", ""structure_category"": ""University CORE - Courses"", ""course_title"": ""Learning to Learn"", ""credits"": 2.0, ""source_sheet"": ""Struct_2023"", ""source_row"": 8}"
STRUCTURE_COURSE_58,PROGRAMME_STRUCTURE_COURSE,"Academic Structure: Struct_2023
Category: University CORE - Courses
Course Title: Critical Thinking
Credits: 2.0
Source Sheet: Struct_2023
Source Row: 9","{""academic_structure"": ""Struct_2023"", ""structure_category"": ""University CORE - Courses"", ""course_title"": ""Critical Thinking"", ""credits"": 2.0, ""source_sheet"": ""Struct_2023"", ""source_row"": 9}"
STRUCTURE_COURSE_59,PROGRAMME_STRUCTURE_COURSE,"Academic Structure: Struct_2023
Category: University CORE - Courses
Course Title: Introduction to Epistemology
Credits: 2.0
Source Sheet: Struct_2023
Source Row: 10","{""academic_structure"": ""Struct_2023"", ""structure_category"": ""University CORE - Courses"", ""course_title"": ""Introduction to Epistemology"", ""credits"": 2.0, ""source_sheet"": ""Struct_2023"", ""source_row"": 10}"
STRUCTURE_COURSE_60,PROGRAMME_STRUCTURE_COURSE,"Academic Structure: Struct_2023
Category: University CORE - Courses
Course Title: Community Engagement and Service Experience
Credits: 1.0
Source Sheet: Struct_2023
Source Row: 11","{""academic_structure"": ""Struct_2023"", ""structure_category"": ""University CORE - Courses"", ""course_title"": ""Community Engagement and Service Experience"", ""credits"": 1.0, ""source_sheet"": ""Struct_2023"", ""source_row"": 11}"
STRUCTURE_COURSE_61,PROGRAMME_STRUCTURE_COURSE,"Academic Structure: Struct_2023
Category: University CORE - Courses
Course Title: 2023 DS
Credits: nan
Source Sheet: Struct_2023
Source Row: 14","{""academic_structure"": ""Struct_2023"", ""structure_category"": ""University CORE - Courses"", ""course_title"": ""2023 DS"", ""credits"": NaN, ""source_sheet"": ""Struct_2023"", ""source_row"": 14}"
STRUCTURE_COURSE_62,PROGRAMME_STRUCTURE_COURSE,"Academic Structure: Struct_2023
Category: Foundation Courses
Course Title: Academic Writing
Credits: 3.0
Source Sheet: Struct_2023
Source Row: 2","{""academic_structure"": ""Struct_2023"", ""structure_category"": ""Foundation Courses"", ""course_title"": ""Academic Writing"", ""credits"": 3.0, ""source_sheet"": ""Struct_2023"", ""source_row"": 2}"
STRUCTURE_COURSE_63,PROGRAMME_STRUCTURE_COURSE,"Academic Structure: Struct_2023
Category: Foundation Courses
Course Title: Human Values in work and Life
Credits: 2.0
Source Sheet: Struct_2023
Source Row: 3","{""academic_structure"": ""Struct_2023"", ""structure_category"": ""Foundation Courses"", ""course_title"": ""Human Values in work and Life"", ""credits"": 2.0, ""source_sheet"": ""Struct_2023"", ""source_row"": 3}"
STRUCTURE_COURSE_64,PROGRAMME_STRUCTURE_COURSE,"Academic Structure: Struct_2023
Category: Foundation Courses
Course Title: Sustainable Cities and Communities
Credits: 3.0
Source Sheet: Struct_2023
Source Row: 4","{""academic_structure"": ""Struct_2023"", ""structure_category"": ""Foundation Courses"", ""course_title"": ""Sustainable Cities and Communities"", ""credits"": 3.0, ""source_sheet"": ""Struct_2023"", ""source_row"": 4}"
STRUCTURE_COURSE_65,PROGRAMME_STRUCTURE_COURSE,"Academic Structure: Struct_2023
Category: Foundation Courses
Course Title: Materials for Smart devices
Credits: 3.0
Source Sheet: Struct_2023
Source Row: 5","{""academic_structure"": ""Struct_2023"", ""structure_category"": ""Foundation Courses"", ""course_title"": ""Materials for Smart devices"", ""credits"": 3.0, ""source_sheet"": ""Struct_2023"", ""source_row"": 5}"
STRUCTURE_COURSE_66,PROGRAMME_STRUCTURE_COURSE,"Academic Structure: Struct_2023
Category: Foundation Courses
Course Title: Sustainable Smart Materials
Credits: 3.0
Source Sheet: Struct_2023
Source Row: 6","{""academic_structure"": ""Struct_2023"", ""structure_category"": ""Foundation Courses"", ""course_title"": ""Sustainable Smart Materials"", ""credits"": 3.0, ""source_sheet"": ""Struct_2023"", ""source_row"": 6}"
STRUCTURE_COURSE_67,PROGRAMME_STRUCTURE_COURSE,"Academic Structure: Struct_2023
Category: Foundation Courses
Course Title: Introduction to Psychology/Introduction to Economics
Credits: 3.0
Source Sheet: Struct_2023
Source Row: 7","{""academic_structure"": ""Struct_2023"", ""structure_category"": ""Foundation Courses"", ""course_title"": ""Introduction to Psychology/Introduction to Economics"", ""credits"": 3.0, ""source_sheet"": ""Struct_2023"", ""source_row"": 7}"
STRUCTURE_COURSE_68,PROGRAMME_STRUCTURE_COURSE,"Academic Structure: Struct_2023
Category: Foundation Courses
Course Title: Design Workshop
Credits: 2.0
Source Sheet: Struct_2023
Source Row: 8","{""academic_structure"": ""Struct_2023"", ""structure_category"": ""Foundation Courses"", ""course_title"": ""Design Workshop"", ""credits"": 2.0, ""source_sheet"": ""Struct_2023"", ""source_row"": 8}"
STRUCTURE_COURSE_69,PROGRAMME_STRUCTURE_COURSE,"Academic Structure: Struct_2023
Category: Foundation Courses
Course Title: Calculus
Credits: 3.0
Source Sheet: Struct_2023
Source Row: 9","{""academic_structure"": ""Struct_2023"", ""structure_category"": ""Foundation Courses"", ""course_title"": ""Calculus"", ""credits"": 3.0, ""source_sheet"": ""Struct_2023"", ""source_row"": 9}"
STRUCTURE_COURSE_70,PROGRAMME_STRUCTURE_COURSE,"Academic Structure: Struct_2023
Category: Foundation Courses
Course Title: Probability Theory
Credits: 3.0
Source Sheet: Struct_2023
Source Row: 10","{""academic_structure"": ""Struct_2023"", ""structure_category"": ""Foundation Courses"", ""course_title"": ""Probability Theory"", ""credits"": 3.0, ""source_sheet"": ""Struct_2023"", ""source_row"": 10}"
STRUCTURE_COURSE_71,PROGRAMME_STRUCTURE_COURSE,"Academic Structure: Struct_2023
Category: Foundation Courses
Course Title: Linear Algebra
Credits: 3.0
Source Sheet: Struct_2023
Source Row: 11","{""academic_structure"": ""Struct_2023"", ""structure_category"": ""Foundation Courses"", ""course_title"": ""Linear Algebra"", ""credits"": 3.0, ""source_sheet"": ""Struct_2023"", ""source_row"": 11}"
STRUCTURE_COURSE_72,PROGRAMME_STRUCTURE_COURSE,"Academic Structure: Struct_2023
Category: Foundation Courses
Course Title: Visualizing Data for Story Telling
Credits: 2.0
Source Sheet: Struct_2023
Source Row: 12","{""academic_structure"": ""Struct_2023"", ""structure_category"": ""Foundation Courses"", ""course_title"": ""Visualizing Data for Story Telling"", ""credits"": 2.0, ""source_sheet"": ""Struct_2023"", ""source_row"": 12}"
STRUCTURE_COURSE_73,PROGRAMME_STRUCTURE_COURSE,"Academic Structure: Struct_2023
Category: Foundation Courses
Course Title: Language
Credits: 3.0
Source Sheet: Struct_2023
Source Row: 13","{""academic_structure"": ""Struct_2023"", ""structure_category"": ""Foundation Courses"", ""course_title"": ""Language"", ""credits"": 3.0, ""source_sheet"": ""Struct_2023"", ""source_row"": 13}"
STRUCTURE_COURSE_74,PROGRAMME_STRUCTURE_COURSE,"Academic Structure: Struct_2023
Category: Foundation Courses
Course Title: Foundation Seminar
Credits: 1.0
Source Sheet: Struct_2023
Source Row: 14","{""academic_structure"": ""Struct_2023"", ""structure_category"": ""Foundation Courses"", ""course_title"": ""Foundation Seminar"", ""credits"": 1.0, ""source_sheet"": ""Struct_2023"", ""source_row"": 14}"
STRUCTURE_COURSE_75,PROGRAMME_STRUCTURE_COURSE,"Academic Structure: Struct_2023
Category: Program Core - Courses
Course Title: Research Methodology
Credits: 3.0
Source Sheet: Struct_2023
Source Row: 3","{""academic_structure"": ""Struct_2023"", ""structure_category"": ""Program Core - Courses"", ""course_title"": ""Research Methodology"", ""credits"": 3.0, ""source_sheet"": ""Struct_2023"", ""source_row"": 3}"
STRUCTURE_COURSE_76,PROGRAMME_STRUCTURE_COURSE,"Academic Structure: Struct_2023
Category: Program Core - Courses
Course Title: Data Structures
Credits: 4.0
Source Sheet: Struct_2023
Source Row: 4","{""academic_structure"": ""Struct_2023"", ""structure_category"": ""Program Core - Courses"", ""course_title"": ""Data Structures"", ""credits"": 4.0, ""source_sheet"": ""Struct_2023"", ""source_row"": 4}"
STRUCTURE_COURSE_77,PROGRAMME_STRUCTURE_COURSE,"Academic Structure: Struct_2023
Category: Program Core - Courses
Course Title: Theoretical Computer Science
Credits: 4.0
Source Sheet: Struct_2023
Source Row: 5","{""academic_structure"": ""Struct_2023"", ""structure_category"": ""Program Core - Courses"", ""course_title"": ""Theoretical Computer Science"", ""credits"": 4.0, ""source_sheet"": ""Struct_2023"", ""source_row"": 5}"
STRUCTURE_COURSE_78,PROGRAMME_STRUCTURE_COURSE,"Academic Structure: Struct_2023
Category: Program Core - Courses
Course Title: Analysis of Algorithms
Credits: 4.0
Source Sheet: Struct_2023
Source Row: 6","{""academic_structure"": ""Struct_2023"", ""structure_category"": ""Program Core - Courses"", ""course_title"": ""Analysis of Algorithms"", ""credits"": 4.0, ""source_sheet"": ""Struct_2023"", ""source_row"": 6}"
STRUCTURE_COURSE_79,PROGRAMME_STRUCTURE_COURSE,"Academic Structure: Struct_2023
Category: Program Core - Courses
Course Title: Digital Design and Computer Organization
Credits: 4.0
Source Sheet: Struct_2023
Source Row: 7","{""academic_structure"": ""Struct_2023"", ""structure_category"": ""Program Core - Courses"", ""course_title"": ""Digital Design and Computer Organization"", ""credits"": 4.0, ""source_sheet"": ""Struct_2023"", ""source_row"": 7}"
STRUCTURE_COURSE_80,PROGRAMME_STRUCTURE_COURSE,"Academic Structure: Struct_2023
Category: Program Core - Courses
Course Title: Object Oriented Programming
Credits: 3.0
Source Sheet: Struct_2023
Source Row: 8","{""academic_structure"": ""Struct_2023"", ""structure_category"": ""Program Core - Courses"", ""course_title"": ""Object Oriented Programming"", ""credits"": 3.0, ""source_sheet"": ""Struct_2023"", ""source_row"": 8}"
STRUCTURE_COURSE_81,PROGRAMME_STRUCTURE_COURSE,"Academic Structure: Struct_2023
Category: Program Core - Courses
Course Title: Microprocessors and Computer Architecture
Credits: 4.0
Source Sheet: Struct_2023
Source Row: 9","{""academic_structure"": ""Struct_2023"", ""structure_category"": ""Program Core - Courses"", ""course_title"": ""Microprocessors and Computer Architecture"", ""credits"": 4.0, ""source_sheet"": ""Struct_2023"", ""source_row"": 9}"
STRUCTURE_COURSE_82,PROGRAMME_STRUCTURE_COURSE,"Academic Structure: Struct_2023
Category: Program Core - Courses
Course Title: Operating Systems
Credits: 3.0
Source Sheet: Struct_2023
Source Row: 10","{""academic_structure"": ""Struct_2023"", ""structure_category"": ""Program Core - Courses"", ""course_title"": ""Operating Systems"", ""credits"": 3.0, ""source_sheet"": ""Struct_2023"", ""source_row"": 10}"
STRUCTURE_COURSE_83,PROGRAMME_STRUCTURE_COURSE,"Academic Structure: Struct_2023
Category: Program Core - Courses
Course Title: Networks
Credits: 4.0
Source Sheet: Struct_2023
Source Row: 11","{""academic_structure"": ""Struct_2023"", ""structure_category"": ""Program Core - Courses"", ""course_title"": ""Networks"", ""credits"": 4.0, ""source_sheet"": ""Struct_2023"", ""source_row"": 11}"
STRUCTURE_COURSE_84,PROGRAMME_STRUCTURE_COURSE,"Academic Structure: Struct_2023
Category: Program Core - Courses
Course Title: Databases Management
Credits: 4.0
Source Sheet: Struct_2023
Source Row: 12","{""academic_structure"": ""Struct_2023"", ""structure_category"": ""Program Core - Courses"", ""course_title"": ""Databases Management"", ""credits"": 4.0, ""source_sheet"": ""Struct_2023"", ""source_row"": 12}"
STRUCTURE_COURSE_85,PROGRAMME_STRUCTURE_COURSE,"Academic Structure: Struct_2023
Category: Program Core - Courses
Course Title: Statistics with R
Credits: 3.0
Source Sheet: Struct_2023
Source Row: 13","{""academic_structure"": ""Struct_2023"", ""structure_category"": ""Program Core - Courses"", ""course_title"": ""Statistics with R"", ""credits"": 3.0, ""source_sheet"": ""Struct_2023"", ""source_row"": 13}"
STRUCTURE_COURSE_86,PROGRAMME_STRUCTURE_COURSE,"Academic Structure: Struct_2023
Category: Program Core - Courses
Course Title: Artificial Intelligence
Credits: 4.0
Source Sheet: Struct_2023
Source Row: 14","{""academic_structure"": ""Struct_2023"", ""structure_category"": ""Program Core - Courses"", ""course_title"": ""Artificial Intelligence"", ""credits"": 4.0, ""source_sheet"": ""Struct_2023"", ""source_row"": 14}"
STRUCTURE_COURSE_87,PROGRAMME_STRUCTURE_COURSE,"Academic Structure: Struct_2023
Category: Program Core - Courses
Course Title: Internet of Things
Credits: 2.0
Source Sheet: Struct_2023
Source Row: 15","{""academic_structure"": ""Struct_2023"", ""structure_category"": ""Program Core - Courses"", ""course_title"": ""Internet of Things"", ""credits"": 2.0, ""source_sheet"": ""Struct_2023"", ""source_row"": 15}"
STRUCTURE_COURSE_88,PROGRAMME_STRUCTURE_COURSE,"Academic Structure: Struct_2023
Category: Program Hons - Courses
Course Title: Foundations to Data Science
Credits: 3.0
Source Sheet: Struct_2023
Source Row: 3","{""academic_structure"": ""Struct_2023"", ""structure_category"": ""Program Hons - Courses"", ""course_title"": ""Foundations to Data Science"", ""credits"": 3.0, ""source_sheet"": ""Struct_2023"", ""source_row"": 3}"
STRUCTURE_COURSE_89,PROGRAMME_STRUCTURE_COURSE,"Academic Structure: Struct_2023
Category: Program Hons - Courses
Course Title: Exploratory Data Analysis
Credits: 3.0
Source Sheet: Struct_2023
Source Row: 4","{""academic_structure"": ""Struct_2023"", ""structure_category"": ""Program Hons - Courses"", ""course_title"": ""Exploratory Data Analysis"", ""credits"": 3.0, ""source_sheet"": ""Struct_2023"", ""source_row"": 4}"
STRUCTURE_COURSE_90,PROGRAMME_STRUCTURE_COURSE,"Academic Structure: Struct_2023
Category: Program Hons - Courses
Course Title: MLOps & Model Deployment
Credits: 2.0
Source Sheet: Struct_2023
Source Row: 5","{""academic_structure"": ""Struct_2023"", ""structure_category"": ""Program Hons - Courses"", ""course_title"": ""MLOps & Model Deployment"", ""credits"": 2.0, ""source_sheet"": ""Struct_2023"", ""source_row"": 5}"
STRUCTURE_COURSE_91,PROGRAMME_STRUCTURE_COURSE,"Academic Structure: Struct_2023
Category: Program Hons - Courses
Course Title: Machine Learning
Credits: 4.0
Source Sheet: Struct_2023
Source Row: 6","{""academic_structure"": ""Struct_2023"", ""structure_category"": ""Program Hons - Courses"", ""course_title"": ""Machine Learning"", ""credits"": 4.0, ""source_sheet"": ""Struct_2023"", ""source_row"": 6}"
STRUCTURE_COURSE_92,PROGRAMME_STRUCTURE_COURSE,"Academic Structure: Struct_2023
Category: Program Hons - Courses
Course Title: Optimization Techniques for Data Science
Credits: 4.0
Source Sheet: Struct_2023
Source Row: 7","{""academic_structure"": ""Struct_2023"", ""structure_category"": ""Program Hons - Courses"", ""course_title"": ""Optimization Techniques for Data Science"", ""credits"": 4.0, ""source_sheet"": ""Struct_2023"", ""source_row"": 7}"
STRUCTURE_COURSE_93,PROGRAMME_STRUCTURE_COURSE,"Academic Structure: Struct_2023
Category: Program Hons - Courses
Course Title: Deep Learning
Credits: 4.0
Source Sheet: Struct_2023
Source Row: 8","{""academic_structure"": ""Struct_2023"", ""structure_category"": ""Program Hons - Courses"", ""course_title"": ""Deep Learning"", ""credits"": 4.0, ""source_sheet"": ""Struct_2023"", ""source_row"": 8}"
STRUCTURE_COURSE_94,PROGRAMME_STRUCTURE_COURSE,"Academic Structure: Struct_2023
Category: Hons Sp Track #1 - Applied Deep Learning - Courses
Course Title: Probabilistic Graph Models
Credits: 4.0
Source Sheet: Struct_2023
Source Row: 2","{""academic_structure"": ""Struct_2023"", ""structure_category"": ""Hons Sp Track #1 - Applied Deep Learning - Courses"", ""course_title"": ""Probabilistic Graph Models"", ""credits"": 4.0, ""source_sheet"": ""Struct_2023"", ""source_row"": 2}"
STRUCTURE_COURSE_95,PROGRAMME_STRUCTURE_COURSE,"Academic Structure: Struct_2023
Category: Hons Sp Track #1 - Applied Deep Learning - Courses
Course Title: Advanced Topics in Deep Learning
Credits: 4.0
Source Sheet: Struct_2023
Source Row: 3","{""academic_structure"": ""Struct_2023"", ""structure_category"": ""Hons Sp Track #1 - Applied Deep Learning - Courses"", ""course_title"": ""Advanced Topics in Deep Learning"", ""credits"": 4.0, ""source_sheet"": ""Struct_2023"", ""source_row"": 3}"
STRUCTURE_COURSE_96,PROGRAMME_STRUCTURE_COURSE,"Academic Structure: Struct_2023
Category: Hons Sp Track #1 - Applied Deep Learning - Courses
Course Title: Natural Language Processing
Credits: 4.0
Source Sheet: Struct_2023
Source Row: 4","{""academic_structure"": ""Struct_2023"", ""structure_category"": ""Hons Sp Track #1 - Applied Deep Learning - Courses"", ""course_title"": ""Natural Language Processing"", ""credits"": 4.0, ""source_sheet"": ""Struct_2023"", ""source_row"": 4}"
STRUCTURE_COURSE_97,PROGRAMME_STRUCTURE_COURSE,"Academic Structure: Struct_2023
Category: Hons Sp Track #1 - Applied Deep Learning - Courses
Course Title: Multi Modal Learning
Credits: 4.0
Source Sheet: Struct_2023
Source Row: 5","{""academic_structure"": ""Struct_2023"", ""structure_category"": ""Hons Sp Track #1 - Applied Deep Learning - Courses"", ""course_title"": ""Multi Modal Learning"", ""credits"": 4.0, ""source_sheet"": ""Struct_2023"", ""source_row"": 5}"
STRUCTURE_COURSE_98,PROGRAMME_STRUCTURE_COURSE,"Academic Structure: Struct_2023
Category: Hons Sp Track #1 - Applied Deep Learning - Courses
Course Title: Reinforcement Learning
Credits: 4.0
Source Sheet: Struct_2023
Source Row: 6","{""academic_structure"": ""Struct_2023"", ""structure_category"": ""Hons Sp Track #1 - Applied Deep Learning - Courses"", ""course_title"": ""Reinforcement Learning"", ""credits"": 4.0, ""source_sheet"": ""Struct_2023"", ""source_row"": 6}"
STRUCTURE_COURSE_99,PROGRAMME_STRUCTURE_COURSE,"Academic Structure: Struct_2023
Category: Hons Sp Track #2 - Full Stack Development - Courses
Course Title: Web Framework
Credits: 4.0
Source Sheet: Struct_2023
Source Row: 2","{""academic_structure"": ""Struct_2023"", ""structure_category"": ""Hons Sp Track #2 - Full Stack Development - Courses"", ""course_title"": ""Web Framework"", ""credits"": 4.0, ""source_sheet"": ""Struct_2023"", ""source_row"": 2}"
STRUCTURE_COURSE_100,PROGRAMME_STRUCTURE_COURSE,"Academic Structure: Struct_2023
Category: Hons Sp Track #2 - Full Stack Development - Courses
Course Title: Big Data Framework
Credits: 4.0
Source Sheet: Struct_2023
Source Row: 3","{""academic_structure"": ""Struct_2023"", ""structure_category"": ""Hons Sp Track #2 - Full Stack Development - Courses"", ""course_title"": ""Big Data Framework"", ""credits"": 4.0, ""source_sheet"": ""Struct_2023"", ""source_row"": 3}"
STRUCTURE_COURSE_101,PROGRAMME_STRUCTURE_COURSE,"Academic Structure: Struct_2023
Category: Hons Sp Track #2 - Full Stack Development - Courses
Course Title: Software Architecture and Deployments
Credits: 4.0
Source Sheet: Struct_2023
Source Row: 4","{""academic_structure"": ""Struct_2023"", ""structure_category"": ""Hons Sp Track #2 - Full Stack Development - Courses"", ""course_title"": ""Software Architecture and Deployments"", ""credits"": 4.0, ""source_sheet"": ""Struct_2023"", ""source_row"": 4}"
STRUCTURE_COURSE_102,PROGRAMME_STRUCTURE_COURSE,"Academic Structure: Struct_2023
Category: Hons Sp Track #2 - Full Stack Development - Courses
Course Title: Cloud &Cognitive Computing
Credits: 4.0
Source Sheet: Struct_2023
Source Row: 5","{""academic_structure"": ""Struct_2023"", ""structure_category"": ""Hons Sp Track #2 - Full Stack Development - Courses"", ""course_title"": ""Cloud &Cognitive Computing"", ""credits"": 4.0, ""source_sheet"": ""Struct_2023"", ""source_row"": 5}"
STRUCTURE_COURSE_103,PROGRAMME_STRUCTURE_COURSE,"Academic Structure: Struct_2023
Category: Hons Sp Track #2 - Full Stack Development - Courses
Course Title: Natural Language Processing
Credits: 4.0
Source Sheet: Struct_2023
Source Row: 6","{""academic_structure"": ""Struct_2023"", ""structure_category"": ""Hons Sp Track #2 - Full Stack Development - Courses"", ""course_title"": ""Natural Language Processing"", ""credits"": 4.0, ""source_sheet"": ""Struct_2023"", ""source_row"": 6}"
STRUCTURE_COURSE_104,PROGRAMME_STRUCTURE_COURSE,"Academic Structure: Struct_2024
Category: University CORE - Courses
Course Title: Communication and Leadership skills
Credits: 3.0
Source Sheet: Struct_2024
Source Row: 3","{""academic_structure"": ""Struct_2024"", ""structure_category"": ""University CORE - Courses"", ""course_title"": ""Communication and Leadership skills"", ""credits"": 3.0, ""source_sheet"": ""Struct_2024"", ""source_row"": 3}"
STRUCTURE_COURSE_105,PROGRAMME_STRUCTURE_COURSE,"Academic Structure: Struct_2024
Category: University CORE - Courses
Course Title: Introduction to Writing
Credits: 2.0
Source Sheet: Struct_2024
Source Row: 4","{""academic_structure"": ""Struct_2024"", ""structure_category"": ""University CORE - Courses"", ""course_title"": ""Introduction to Writing"", ""credits"": 2.0, ""source_sheet"": ""Struct_2024"", ""source_row"": 4}"
STRUCTURE_COURSE_106,PROGRAMME_STRUCTURE_COURSE,"Academic Structure: Struct_2024
Category: University CORE - Courses
Course Title: Learning to Learn
Credits: 2.0
Source Sheet: Struct_2024
Source Row: 5","{""academic_structure"": ""Struct_2024"", ""structure_category"": ""University CORE - Courses"", ""course_title"": ""Learning to Learn"", ""credits"": 2.0, ""source_sheet"": ""Struct_2024"", ""source_row"": 5}"
STRUCTURE_COURSE_107,PROGRAMME_STRUCTURE_COURSE,"Academic Structure: Struct_2024
Category: University CORE - Courses
Course Title: Fundamentals of Indian Constitution and Human Rights
Credits: 2.0
Source Sheet: Struct_2024
Source Row: 6","{""academic_structure"": ""Struct_2024"", ""structure_category"": ""University CORE - Courses"", ""course_title"": ""Fundamentals of Indian Constitution and Human Rights"", ""credits"": 2.0, ""source_sheet"": ""Struct_2024"", ""source_row"": 6}"
STRUCTURE_COURSE_108,PROGRAMME_STRUCTURE_COURSE,"Academic Structure: Struct_2024
Category: University CORE - Courses
Course Title: Critical Thinking
Credits: 3.0
Source Sheet: Struct_2024
Source Row: 7","{""academic_structure"": ""Struct_2024"", ""structure_category"": ""University CORE - Courses"", ""course_title"": ""Critical Thinking"", ""credits"": 3.0, ""source_sheet"": ""Struct_2024"", ""source_row"": 7}"
STRUCTURE_COURSE_109,PROGRAMME_STRUCTURE_COURSE,"Academic Structure: Struct_2024
Category: University CORE - Courses
Course Title: Problem Solving with Design Thinking
Credits: 2.0
Source Sheet: Struct_2024
Source Row: 8","{""academic_structure"": ""Struct_2024"", ""structure_category"": ""University CORE - Courses"", ""course_title"": ""Problem Solving with Design Thinking"", ""credits"": 2.0, ""source_sheet"": ""Struct_2024"", ""source_row"": 8}"
STRUCTURE_COURSE_110,PROGRAMME_STRUCTURE_COURSE,"Academic Structure: Struct_2024
Category: University CORE - Courses
Course Title: Socio Cultural Perspectives on Indian Life-SPIL
Credits: 3.0
Source Sheet: Struct_2024
Source Row: 9","{""academic_structure"": ""Struct_2024"", ""structure_category"": ""University CORE - Courses"", ""course_title"": ""Socio Cultural Perspectives on Indian Life-SPIL"", ""credits"": 3.0, ""source_sheet"": ""Struct_2024"", ""source_row"": 9}"
STRUCTURE_COURSE_111,PROGRAMME_STRUCTURE_COURSE,"Academic Structure: Struct_2024
Category: University CORE - Courses
Course Title: Community Engagement and Service Experience
Credits: 1.0
Source Sheet: Struct_2024
Source Row: 10","{""academic_structure"": ""Struct_2024"", ""structure_category"": ""University CORE - Courses"", ""course_title"": ""Community Engagement and Service Experience"", ""credits"": 1.0, ""source_sheet"": ""Struct_2024"", ""source_row"": 10}"
STRUCTURE_COURSE_112,PROGRAMME_STRUCTURE_COURSE,"Academic Structure: Struct_2024
Category: University CORE - Courses
Course Title: Foundation Courses
Credits: nan
Source Sheet: Struct_2024
Source Row: 14","{""academic_structure"": ""Struct_2024"", ""structure_category"": ""University CORE - Courses"", ""course_title"": ""Foundation Courses"", ""credits"": NaN, ""source_sheet"": ""Struct_2024"", ""source_row"": 14}"
STRUCTURE_COURSE_113,PROGRAMME_STRUCTURE_COURSE,"Academic Structure: Struct_2024
Category: University CORE - Courses
Course Title: Academic Writing
Credits: 2.0
Source Sheet: Struct_2024
Source Row: 15","{""academic_structure"": ""Struct_2024"", ""structure_category"": ""University CORE - Courses"", ""course_title"": ""Academic Writing"", ""credits"": 2.0, ""source_sheet"": ""Struct_2024"", ""source_row"": 15}"
STRUCTURE_COURSE_114,PROGRAMME_STRUCTURE_COURSE,"Academic Structure: Struct_2024
Category: University CORE - Courses
Course Title: Introduction to Psychology/Introduction to Economics
Credits: 3.0
Source Sheet: Struct_2024
Source Row: 16","{""academic_structure"": ""Struct_2024"", ""structure_category"": ""University CORE - Courses"", ""course_title"": ""Introduction to Psychology/Introduction to Economics"", ""credits"": 3.0, ""source_sheet"": ""Struct_2024"", ""source_row"": 16}"
STRUCTURE_COURSE_115,PROGRAMME_STRUCTURE_COURSE,"Academic Structure: Struct_2024
Category: University CORE - Courses
Course Title: Human Values in work and Life
Credits: 2.0
Source Sheet: Struct_2024
Source Row: 17","{""academic_structure"": ""Struct_2024"", ""structure_category"": ""University CORE - Courses"", ""course_title"": ""Human Values in work and Life"", ""credits"": 2.0, ""source_sheet"": ""Struct_2024"", ""source_row"": 17}"
STRUCTURE_COURSE_116,PROGRAMME_STRUCTURE_COURSE,"Academic Structure: Struct_2024
Category: University CORE - Courses
Course Title: Language
Credits: 3.0
Source Sheet: Struct_2024
Source Row: 18","{""academic_structure"": ""Struct_2024"", ""structure_category"": ""University CORE - Courses"", ""course_title"": ""Language"", ""credits"": 3.0, ""source_sheet"": ""Struct_2024"", ""source_row"": 18}"
STRUCTURE_COURSE_117,PROGRAMME_STRUCTURE_COURSE,"Academic Structure: Struct_2024
Category: University CORE - Courses
Course Title: Sustainable Cities and Communities
Credits: 3.0
Source Sheet: Struct_2024
Source Row: 19","{""academic_structure"": ""Struct_2024"", ""structure_category"": ""University CORE - Courses"", ""course_title"": ""Sustainable Cities and Communities"", ""credits"": 3.0, ""source_sheet"": ""Struct_2024"", ""source_row"": 19}"
STRUCTURE_COURSE_118,PROGRAMME_STRUCTURE_COURSE,"Academic Structure: Struct_2024
Category: University CORE - Courses
Course Title: Materials for Smart devices
Credits: 3.0
Source Sheet: Struct_2024
Source Row: 20","{""academic_structure"": ""Struct_2024"", ""structure_category"": ""University CORE - Courses"", ""course_title"": ""Materials for Smart devices"", ""credits"": 3.0, ""source_sheet"": ""Struct_2024"", ""source_row"": 20}"
STRUCTURE_COURSE_119,PROGRAMME_STRUCTURE_COURSE,"Academic Structure: Struct_2024
Category: University CORE - Courses
Course Title: Sustainable Smart Materials
Credits: 3.0
Source Sheet: Struct_2024
Source Row: 21","{""academic_structure"": ""Struct_2024"", ""structure_category"": ""University CORE - Courses"", ""course_title"": ""Sustainable Smart Materials"", ""credits"": 3.0, ""source_sheet"": ""Struct_2024"", ""source_row"": 21}"
STRUCTURE_COURSE_120,PROGRAMME_STRUCTURE_COURSE,"Academic Structure: Struct_2024
Category: University CORE - Courses
Course Title: Design Workshop
Credits: 2.0
Source Sheet: Struct_2024
Source Row: 22","{""academic_structure"": ""Struct_2024"", ""structure_category"": ""University CORE - Courses"", ""course_title"": ""Design Workshop"", ""credits"": 2.0, ""source_sheet"": ""Struct_2024"", ""source_row"": 22}"
STRUCTURE_COURSE_121,PROGRAMME_STRUCTURE_COURSE,"Academic Structure: Struct_2024
Category: University CORE - Courses
Course Title: Calculus
Credits: 3.0
Source Sheet: Struct_2024
Source Row: 23","{""academic_structure"": ""Struct_2024"", ""structure_category"": ""University CORE - Courses"", ""course_title"": ""Calculus"", ""credits"": 3.0, ""source_sheet"": ""Struct_2024"", ""source_row"": 23}"
STRUCTURE_COURSE_122,PROGRAMME_STRUCTURE_COURSE,"Academic Structure: Struct_2024
Category: University CORE - Courses
Course Title: Probability and Statistics
Credits: 4.0
Source Sheet: Struct_2024
Source Row: 24","{""academic_structure"": ""Struct_2024"", ""structure_category"": ""University CORE - Courses"", ""course_title"": ""Probability and Statistics"", ""credits"": 4.0, ""source_sheet"": ""Struct_2024"", ""source_row"": 24}"
STRUCTURE_COURSE_123,PROGRAMME_STRUCTURE_COURSE,"Academic Structure: Struct_2024
Category: University CORE - Courses
Course Title: Linear Algebra
Credits: 3.0
Source Sheet: Struct_2024
Source Row: 25","{""academic_structure"": ""Struct_2024"", ""structure_category"": ""University CORE - Courses"", ""course_title"": ""Linear Algebra"", ""credits"": 3.0, ""source_sheet"": ""Struct_2024"", ""source_row"": 25}"
STRUCTURE_COURSE_124,PROGRAMME_STRUCTURE_COURSE,"Academic Structure: Struct_2024
Category: University CORE - Courses
Course Title: Cloud Computing
Credits: 3.0
Source Sheet: Struct_2024
Source Row: 26","{""academic_structure"": ""Struct_2024"", ""structure_category"": ""University CORE - Courses"", ""course_title"": ""Cloud Computing"", ""credits"": 3.0, ""source_sheet"": ""Struct_2024"", ""source_row"": 26}"
STRUCTURE_COURSE_125,PROGRAMME_STRUCTURE_COURSE,"Academic Structure: Struct_2024
Category: Program Core - Courses
Course Title: Data Structures
Credits: 4.0
Source Sheet: Struct_2024
Source Row: 3","{""academic_structure"": ""Struct_2024"", ""structure_category"": ""Program Core - Courses"", ""course_title"": ""Data Structures"", ""credits"": 4.0, ""source_sheet"": ""Struct_2024"", ""source_row"": 3}"
STRUCTURE_COURSE_126,PROGRAMME_STRUCTURE_COURSE,"Academic Structure: Struct_2024
Category: Program Core - Courses
Course Title: Theoretical Computer Science
Credits: 4.0
Source Sheet: Struct_2024
Source Row: 4","{""academic_structure"": ""Struct_2024"", ""structure_category"": ""Program Core - Courses"", ""course_title"": ""Theoretical Computer Science"", ""credits"": 4.0, ""source_sheet"": ""Struct_2024"", ""source_row"": 4}"
STRUCTURE_COURSE_127,PROGRAMME_STRUCTURE_COURSE,"Academic Structure: Struct_2024
Category: Program Core - Courses
Course Title: Analysis of Algorithms
Credits: 4.0
Source Sheet: Struct_2024
Source Row: 5","{""academic_structure"": ""Struct_2024"", ""structure_category"": ""Program Core - Courses"", ""course_title"": ""Analysis of Algorithms"", ""credits"": 4.0, ""source_sheet"": ""Struct_2024"", ""source_row"": 5}"
STRUCTURE_COURSE_128,PROGRAMME_STRUCTURE_COURSE,"Academic Structure: Struct_2024
Category: Program Core - Courses
Course Title: Digital Design and Computer Organization
Credits: 4.0
Source Sheet: Struct_2024
Source Row: 6","{""academic_structure"": ""Struct_2024"", ""structure_category"": ""Program Core - Courses"", ""course_title"": ""Digital Design and Computer Organization"", ""credits"": 4.0, ""source_sheet"": ""Struct_2024"", ""source_row"": 6}"
STRUCTURE_COURSE_129,PROGRAMME_STRUCTURE_COURSE,"Academic Structure: Struct_2024
Category: Program Core - Courses
Course Title: Object Oriented Programming
Credits: 3.0
Source Sheet: Struct_2024
Source Row: 7","{""academic_structure"": ""Struct_2024"", ""structure_category"": ""Program Core - Courses"", ""course_title"": ""Object Oriented Programming"", ""credits"": 3.0, ""source_sheet"": ""Struct_2024"", ""source_row"": 7}"
STRUCTURE_COURSE_130,PROGRAMME_STRUCTURE_COURSE,"Academic Structure: Struct_2024
Category: Program Core - Courses
Course Title: Microprocessors and Computer Architecture
Credits: 4.0
Source Sheet: Struct_2024
Source Row: 8","{""academic_structure"": ""Struct_2024"", ""structure_category"": ""Program Core - Courses"", ""course_title"": ""Microprocessors and Computer Architecture"", ""credits"": 4.0, ""source_sheet"": ""Struct_2024"", ""source_row"": 8}"
STRUCTURE_COURSE_131,PROGRAMME_STRUCTURE_COURSE,"Academic Structure: Struct_2024
Category: Program Core - Courses
Course Title: Operating Systems
Credits: 3.0
Source Sheet: Struct_2024
Source Row: 9","{""academic_structure"": ""Struct_2024"", ""structure_category"": ""Program Core - Courses"", ""course_title"": ""Operating Systems"", ""credits"": 3.0, ""source_sheet"": ""Struct_2024"", ""source_row"": 9}"
STRUCTURE_COURSE_132,PROGRAMME_STRUCTURE_COURSE,"Academic Structure: Struct_2024
Category: Program Core - Courses
Course Title: Networks
Credits: 4.0
Source Sheet: Struct_2024
Source Row: 10","{""academic_structure"": ""Struct_2024"", ""structure_category"": ""Program Core - Courses"", ""course_title"": ""Networks"", ""credits"": 4.0, ""source_sheet"": ""Struct_2024"", ""source_row"": 10}"
STRUCTURE_COURSE_133,PROGRAMME_STRUCTURE_COURSE,"Academic Structure: Struct_2024
Category: Program Core - Courses
Course Title: Databases Management
Credits: 4.0
Source Sheet: Struct_2024
Source Row: 11","{""academic_structure"": ""Struct_2024"", ""structure_category"": ""Program Core - Courses"", ""course_title"": ""Databases Management"", ""credits"": 4.0, ""source_sheet"": ""Struct_2024"", ""source_row"": 11}"
STRUCTURE_COURSE_134,PROGRAMME_STRUCTURE_COURSE,"Academic Structure: Struct_2024
Category: Program Core - Courses
Course Title: Programming in Python
Credits: 3.0
Source Sheet: Struct_2024
Source Row: 12","{""academic_structure"": ""Struct_2024"", ""structure_category"": ""Program Core - Courses"", ""course_title"": ""Programming in Python"", ""credits"": 3.0, ""source_sheet"": ""Struct_2024"", ""source_row"": 12}"
STRUCTURE_COURSE_135,PROGRAMME_STRUCTURE_COURSE,"Academic Structure: Struct_2024
Category: Program Core - Courses
Course Title: Data Visuatlization and Storytelling
Credits: 3.0
Source Sheet: Struct_2024
Source Row: 13","{""academic_structure"": ""Struct_2024"", ""structure_category"": ""Program Core - Courses"", ""course_title"": ""Data Visuatlization and Storytelling"", ""credits"": 3.0, ""source_sheet"": ""Struct_2024"", ""source_row"": 13}"
STRUCTURE_COURSE_136,PROGRAMME_STRUCTURE_COURSE,"Academic Structure: Struct_2024
Category: Program Core - Courses
Course Title: Artificial Intelligence
Credits: 4.0
Source Sheet: Struct_2024
Source Row: 14","{""academic_structure"": ""Struct_2024"", ""structure_category"": ""Program Core - Courses"", ""course_title"": ""Artificial Intelligence"", ""credits"": 4.0, ""source_sheet"": ""Struct_2024"", ""source_row"": 14}"
STRUCTURE_COURSE_137,PROGRAMME_STRUCTURE_COURSE,"Academic Structure: Struct_2024
Category: Program Core - Courses
Course Title: Internet of Things
Credits: 2.0
Source Sheet: Struct_2024
Source Row: 15","{""academic_structure"": ""Struct_2024"", ""structure_category"": ""Program Core - Courses"", ""course_title"": ""Internet of Things"", ""credits"": 2.0, ""source_sheet"": ""Struct_2024"", ""source_row"": 15}"
STRUCTURE_COURSE_138,PROGRAMME_STRUCTURE_COURSE,"Academic Structure: Struct_2024
Category: Program Core - Courses
Course Title: Program Hons - Courses
Credits: nan
Source Sheet: Struct_2024
Source Row: 18","{""academic_structure"": ""Struct_2024"", ""structure_category"": ""Program Core - Courses"", ""course_title"": ""Program Hons - Courses"", ""credits"": NaN, ""source_sheet"": ""Struct_2024"", ""source_row"": 18}"
STRUCTURE_COURSE_139,PROGRAMME_STRUCTURE_COURSE,"Academic Structure: Struct_2024
Category: Program Core - Courses
Course Title: Advanced Statistical Analysis and Research Methods with R
Credits: 2.0
Source Sheet: Struct_2024
Source Row: 19","{""academic_structure"": ""Struct_2024"", ""structure_category"": ""Program Core - Courses"", ""course_title"": ""Advanced Statistical Analysis and Research Methods with R"", ""credits"": 2.0, ""source_sheet"": ""Struct_2024"", ""source_row"": 19}"
STRUCTURE_COURSE_140,PROGRAMME_STRUCTURE_COURSE,"Academic Structure: Struct_2024
Category: Program Core - Courses
Course Title: Foundations to Data Science
Credits: 3.0
Source Sheet: Struct_2024
Source Row: 20","{""academic_structure"": ""Struct_2024"", ""structure_category"": ""Program Core - Courses"", ""course_title"": ""Foundations to Data Science"", ""credits"": 3.0, ""source_sheet"": ""Struct_2024"", ""source_row"": 20}"
STRUCTURE_COURSE_141,PROGRAMME_STRUCTURE_COURSE,"Academic Structure: Struct_2024
Category: Program Core - Courses
Course Title: Exploratory Data Analysis
Credits: 3.0
Source Sheet: Struct_2024
Source Row: 21","{""academic_structure"": ""Struct_2024"", ""structure_category"": ""Program Core - Courses"", ""course_title"": ""Exploratory Data Analysis"", ""credits"": 3.0, ""source_sheet"": ""Struct_2024"", ""source_row"": 21}"
STRUCTURE_COURSE_142,PROGRAMME_STRUCTURE_COURSE,"Academic Structure: Struct_2024
Category: Program Core - Courses
Course Title: Optimization Techniques for Data Science
Credits: 4.0
Source Sheet: Struct_2024
Source Row: 22","{""academic_structure"": ""Struct_2024"", ""structure_category"": ""Program Core - Courses"", ""course_title"": ""Optimization Techniques for Data Science"", ""credits"": 4.0, ""source_sheet"": ""Struct_2024"", ""source_row"": 22}"
STRUCTURE_COURSE_143,PROGRAMME_STRUCTURE_COURSE,"Academic Structure: Struct_2024
Category: Program Core - Courses
Course Title: Machine Learning
Credits: 4.0
Source Sheet: Struct_2024
Source Row: 23","{""academic_structure"": ""Struct_2024"", ""structure_category"": ""Program Core - Courses"", ""course_title"": ""Machine Learning"", ""credits"": 4.0, ""source_sheet"": ""Struct_2024"", ""source_row"": 23}"
STRUCTURE_COURSE_144,PROGRAMME_STRUCTURE_COURSE,"Academic Structure: Struct_2024
Category: Program Core - Courses
Course Title: Deep Learning
Credits: 4.0
Source Sheet: Struct_2024
Source Row: 24","{""academic_structure"": ""Struct_2024"", ""structure_category"": ""Program Core - Courses"", ""course_title"": ""Deep Learning"", ""credits"": 4.0, ""source_sheet"": ""Struct_2024"", ""source_row"": 24}"
STRUCTURE_COURSE_145,PROGRAMME_STRUCTURE_COURSE,"Academic Structure: Struct_2024
Category: Hons Sp Track #1 - Applied Deep Learning - Courses
Course Title: Probabilistic Graph Models
Credits: 4.0
Source Sheet: Struct_2024
Source Row: 3","{""academic_structure"": ""Struct_2024"", ""structure_category"": ""Hons Sp Track #1 - Applied Deep Learning - Courses"", ""course_title"": ""Probabilistic Graph Models"", ""credits"": 4.0, ""source_sheet"": ""Struct_2024"", ""source_row"": 3}"
STRUCTURE_COURSE_146,PROGRAMME_STRUCTURE_COURSE,"Academic Structure: Struct_2024
Category: Hons Sp Track #1 - Applied Deep Learning - Courses
Course Title: Natural Language Processing
Credits: 4.0
Source Sheet: Struct_2024
Source Row: 4","{""academic_structure"": ""Struct_2024"", ""structure_category"": ""Hons Sp Track #1 - Applied Deep Learning - Courses"", ""course_title"": ""Natural Language Processing"", ""credits"": 4.0, ""source_sheet"": ""Struct_2024"", ""source_row"": 4}"
STRUCTURE_COURSE_147,PROGRAMME_STRUCTURE_COURSE,"Academic Structure: Struct_2024
Category: Hons Sp Track #1 - Applied Deep Learning - Courses
Course Title: Multi Modal Learning
Credits: 4.0
Source Sheet: Struct_2024
Source Row: 5","{""academic_structure"": ""Struct_2024"", ""structure_category"": ""Hons Sp Track #1 - Applied Deep Learning - Courses"", ""course_title"": ""Multi Modal Learning"", ""credits"": 4.0, ""source_sheet"": ""Struct_2024"", ""source_row"": 5}"
STRUCTURE_COURSE_148,PROGRAMME_STRUCTURE_COURSE,"Academic Structure: Struct_2024
Category: Hons Sp Track #1 - Applied Deep Learning - Courses
Course Title: Reinforcement Learning
Credits: 4.0
Source Sheet: Struct_2024
Source Row: 6","{""academic_structure"": ""Struct_2024"", ""structure_category"": ""Hons Sp Track #1 - Applied Deep Learning - Courses"", ""course_title"": ""Reinforcement Learning"", ""credits"": 4.0, ""source_sheet"": ""Struct_2024"", ""source_row"": 6}"
STRUCTURE_COURSE_149,PROGRAMME_STRUCTURE_COURSE,"Academic Structure: Struct_2024
Category: Hons Sp Track #1 - Applied Deep Learning - Courses
Course Title: Advanced Topics in Deep Learning
Credits: 4.0
Source Sheet: Struct_2024
Source Row: 7","{""academic_structure"": ""Struct_2024"", ""structure_category"": ""Hons Sp Track #1 - Applied Deep Learning - Courses"", ""course_title"": ""Advanced Topics in Deep Learning"", ""credits"": 4.0, ""source_sheet"": ""Struct_2024"", ""source_row"": 7}"
STRUCTURE_COURSE_150,PROGRAMME_STRUCTURE_COURSE,"Academic Structure: Struct_2024
Category: Hons Sp Track #1 - Applied Deep Learning - Courses
Course Title: Hons Sp Track #2 - Full Stack Development - Courses
Credits: nan
Source Sheet: Struct_2024
Source Row: 10","{""academic_structure"": ""Struct_2024"", ""structure_category"": ""Hons Sp Track #1 - Applied Deep Learning - Courses"", ""course_title"": ""Hons Sp Track #2 - Full Stack Development - Courses"", ""credits"": NaN, ""source_sheet"": ""Struct_2024"", ""source_row"": 10}"
STRUCTURE_COURSE_151,PROGRAMME_STRUCTURE_COURSE,"Academic Structure: Struct_2024
Category: Hons Sp Track #1 - Applied Deep Learning - Courses
Course Title: Web Framework
Credits: 4.0
Source Sheet: Struct_2024
Source Row: 11","{""academic_structure"": ""Struct_2024"", ""structure_category"": ""Hons Sp Track #1 - Applied Deep Learning - Courses"", ""course_title"": ""Web Framework"", ""credits"": 4.0, ""source_sheet"": ""Struct_2024"", ""source_row"": 11}"
STRUCTURE_COURSE_152,PROGRAMME_STRUCTURE_COURSE,"Academic Structure: Struct_2024
Category: Hons Sp Track #1 - Applied Deep Learning - Courses
Course Title: Big Data Framework
Credits: 4.0
Source Sheet: Struct_2024
Source Row: 12","{""academic_structure"": ""Struct_2024"", ""structure_category"": ""Hons Sp Track #1 - Applied Deep Learning - Courses"", ""course_title"": ""Big Data Framework"", ""credits"": 4.0, ""source_sheet"": ""Struct_2024"", ""source_row"": 12}"
STRUCTURE_COURSE_153,PROGRAMME_STRUCTURE_COURSE,"Academic Structure: Struct_2024
Category: Hons Sp Track #1 - Applied Deep Learning - Courses
Course Title: Software Architecture and Deployments
Credits: 4.0
Source Sheet: Struct_2024
Source Row: 13","{""academic_structure"": ""Struct_2024"", ""structure_category"": ""Hons Sp Track #1 - Applied Deep Learning - Courses"", ""course_title"": ""Software Architecture and Deployments"", ""credits"": 4.0, ""source_sheet"": ""Struct_2024"", ""source_row"": 13}"
STRUCTURE_COURSE_154,PROGRAMME_STRUCTURE_COURSE,"Academic Structure: Struct_2024
Category: Hons Sp Track #1 - Applied Deep Learning - Courses
Course Title: Reinforcement Learning
Credits: 4.0
Source Sheet: Struct_2024
Source Row: 14","{""academic_structure"": ""Struct_2024"", ""structure_category"": ""Hons Sp Track #1 - Applied Deep Learning - Courses"", ""course_title"": ""Reinforcement Learning"", ""credits"": 4.0, ""source_sheet"": ""Struct_2024"", ""source_row"": 14}"
STRUCTURE_COURSE_155,PROGRAMME_STRUCTURE_COURSE,"Academic Structure: Struct_2024
Category: Hons Sp Track #1 - Applied Deep Learning - Courses
Course Title: Natural Language Processing
Credits: 4.0
Source Sheet: Struct_2024
Source Row: 15","{""academic_structure"": ""Struct_2024"", ""structure_category"": ""Hons Sp Track #1 - Applied Deep Learning - Courses"", ""course_title"": ""Natural Language Processing"", ""credits"": 4.0, ""source_sheet"": ""Struct_2024"", ""source_row"": 15}"
STRUCTURE_COURSE_156,PROGRAMME_STRUCTURE_COURSE,"Academic Structure: Struct_2024
Category: Hons Sp Track #1 - Applied Deep Learning - Courses
Course Title: Internship and Capstone Project- Courses
Credits: nan
Source Sheet: Struct_2024
Source Row: 18","{""academic_structure"": ""Struct_2024"", ""structure_category"": ""Hons Sp Track #1 - Applied Deep Learning - Courses"", ""course_title"": ""Internship and Capstone Project- Courses"", ""credits"": NaN, ""source_sheet"": ""Struct_2024"", ""source_row"": 18}"
STRUCTURE_COURSE_157,PROGRAMME_STRUCTURE_COURSE,"Academic Structure: Struct_2024
Category: Hons Sp Track #1 - Applied Deep Learning - Courses
Course Title: Summe Training/Internship
Credits: 2.0
Source Sheet: Struct_2024
Source Row: 20","{""academic_structure"": ""Struct_2024"", ""structure_category"": ""Hons Sp Track #1 - Applied Deep Learning - Courses"", ""course_title"": ""Summe Training/Internship"", ""credits"": 2.0, ""source_sheet"": ""Struct_2024"", ""source_row"": 20}"
STRUCTURE_COURSE_158,PROGRAMME_STRUCTURE_COURSE,"Academic Structure: Struct_2024
Category: Hons Sp Track #1 - Applied Deep Learning - Courses
Course Title: Interdisciplinary Project
Credits: 4.0
Source Sheet: Struct_2024
Source Row: 21","{""academic_structure"": ""Struct_2024"", ""structure_category"": ""Hons Sp Track #1 - Applied Deep Learning - Courses"", ""course_title"": ""Interdisciplinary Project"", ""credits"": 4.0, ""source_sheet"": ""Struct_2024"", ""source_row"": 21}"
STRUCTURE_COURSE_159,PROGRAMME_STRUCTURE_COURSE,"Academic Structure: Struct_2024
Category: Hons Sp Track #1 - Applied Deep Learning - Courses
Course Title: Capstone Project/Industrial Internship
Credits: 12.0
Source Sheet: Struct_2024
Source Row: 22","{""academic_structure"": ""Struct_2024"", ""structure_category"": ""Hons Sp Track #1 - Applied Deep Learning - Courses"", ""course_title"": ""Capstone Project/Industrial Internship"", ""credits"": 12.0, ""source_sheet"": ""Struct_2024"", ""source_row"": 22}"
STRUCTURE_COURSE_160,PROGRAMME_STRUCTURE_COURSE,"Academic Structure: Struct_2025
Category: University CORE - Courses
Course Title: Communication Skills
Credits: 2.0
Source Sheet: Struct_2025
Source Row: 3","{""academic_structure"": ""Struct_2025"", ""structure_category"": ""University CORE - Courses"", ""course_title"": ""Communication Skills"", ""credits"": 2.0, ""source_sheet"": ""Struct_2025"", ""source_row"": 3}"
STRUCTURE_COURSE_161,PROGRAMME_STRUCTURE_COURSE,"Academic Structure: Struct_2025
Category: University CORE - Courses
Course Title: Human Values in work and Life
Credits: 2.0
Source Sheet: Struct_2025
Source Row: 4","{""academic_structure"": ""Struct_2025"", ""structure_category"": ""University CORE - Courses"", ""course_title"": ""Human Values in work and Life"", ""credits"": 2.0, ""source_sheet"": ""Struct_2025"", ""source_row"": 4}"
STRUCTURE_COURSE_162,PROGRAMME_STRUCTURE_COURSE,"Academic Structure: Struct_2025
Category: University CORE - Courses
Course Title: Learning to Learn
Credits: 2.0
Source Sheet: Struct_2025
Source Row: 5","{""academic_structure"": ""Struct_2025"", ""structure_category"": ""University CORE - Courses"", ""course_title"": ""Learning to Learn"", ""credits"": 2.0, ""source_sheet"": ""Struct_2025"", ""source_row"": 5}"
STRUCTURE_COURSE_163,PROGRAMME_STRUCTURE_COURSE,"Academic Structure: Struct_2025
Category: University CORE - Courses
Course Title: Environmental Studies and Sustainability
Credits: 2.0
Source Sheet: Struct_2025
Source Row: 6","{""academic_structure"": ""Struct_2025"", ""structure_category"": ""University CORE - Courses"", ""course_title"": ""Environmental Studies and Sustainability"", ""credits"": 2.0, ""source_sheet"": ""Struct_2025"", ""source_row"": 6}"
STRUCTURE_COURSE_164,PROGRAMME_STRUCTURE_COURSE,"Academic Structure: Struct_2025
Category: University CORE - Courses
Course Title: Fundamentals of Indian Constitution and Human Rights
Credits: 2.0
Source Sheet: Struct_2025
Source Row: 7","{""academic_structure"": ""Struct_2025"", ""structure_category"": ""University CORE - Courses"", ""course_title"": ""Fundamentals of Indian Constitution and Human Rights"", ""credits"": 2.0, ""source_sheet"": ""Struct_2025"", ""source_row"": 7}"
STRUCTURE_COURSE_165,PROGRAMME_STRUCTURE_COURSE,"Academic Structure: Struct_2025
Category: University CORE - Courses
Course Title: Community Engagement and Service Experience
Credits: 1.0
Source Sheet: Struct_2025
Source Row: 8","{""academic_structure"": ""Struct_2025"", ""structure_category"": ""University CORE - Courses"", ""course_title"": ""Community Engagement and Service Experience"", ""credits"": 1.0, ""source_sheet"": ""Struct_2025"", ""source_row"": 8}"
STRUCTURE_COURSE_166,PROGRAMME_STRUCTURE_COURSE,"Academic Structure: Struct_2025
Category: University CORE - Courses
Course Title: Socio-Cultural Perspectives on Indian Life-SPIL
Credits: 3.0
Source Sheet: Struct_2025
Source Row: 9","{""academic_structure"": ""Struct_2025"", ""structure_category"": ""University CORE - Courses"", ""course_title"": ""Socio-Cultural Perspectives on Indian Life-SPIL"", ""credits"": 3.0, ""source_sheet"": ""Struct_2025"", ""source_row"": 9}"
STRUCTURE_COURSE_167,PROGRAMME_STRUCTURE_COURSE,"Academic Structure: Struct_2025
Category: University CORE - Courses
Course Title: Humanistic Leadership Development
Credits: 2.0
Source Sheet: Struct_2025
Source Row: 10","{""academic_structure"": ""Struct_2025"", ""structure_category"": ""University CORE - Courses"", ""course_title"": ""Humanistic Leadership Development"", ""credits"": 2.0, ""source_sheet"": ""Struct_2025"", ""source_row"": 10}"
STRUCTURE_COURSE_168,PROGRAMME_STRUCTURE_COURSE,"Academic Structure: Struct_2025
Category: University CORE - Courses
Course Title: Analytical Academic Writing
Credits: 3.0
Source Sheet: Struct_2025
Source Row: 11","{""academic_structure"": ""Struct_2025"", ""structure_category"": ""University CORE - Courses"", ""course_title"": ""Analytical Academic Writing"", ""credits"": 3.0, ""source_sheet"": ""Struct_2025"", ""source_row"": 11}"
STRUCTURE_COURSE_169,PROGRAMME_STRUCTURE_COURSE,"Academic Structure: Struct_2025
Category: University CORE - Courses
Course Title: Critical Thinking
Credits: 3.0
Source Sheet: Struct_2025
Source Row: 12","{""academic_structure"": ""Struct_2025"", ""structure_category"": ""University CORE - Courses"", ""course_title"": ""Critical Thinking"", ""credits"": 3.0, ""source_sheet"": ""Struct_2025"", ""source_row"": 12}"
STRUCTURE_COURSE_170,PROGRAMME_STRUCTURE_COURSE,"Academic Structure: Struct_2025
Category: University CORE - Courses
Course Title: Problem Solving for Design Thinking
Credits: 2.0
Source Sheet: Struct_2025
Source Row: 13","{""academic_structure"": ""Struct_2025"", ""structure_category"": ""University CORE - Courses"", ""course_title"": ""Problem Solving for Design Thinking"", ""credits"": 2.0, ""source_sheet"": ""Struct_2025"", ""source_row"": 13}"
STRUCTURE_COURSE_171,PROGRAMME_STRUCTURE_COURSE,"Academic Structure: Struct_2025
Category: University CORE - Courses
Course Title: Foundation Courses
Credits: nan
Source Sheet: Struct_2025
Source Row: 16","{""academic_structure"": ""Struct_2025"", ""structure_category"": ""University CORE - Courses"", ""course_title"": ""Foundation Courses"", ""credits"": NaN, ""source_sheet"": ""Struct_2025"", ""source_row"": 16}"
STRUCTURE_COURSE_172,PROGRAMME_STRUCTURE_COURSE,"Academic Structure: Struct_2025
Category: University CORE - Courses
Course Title: Language
Credits: 2.0
Source Sheet: Struct_2025
Source Row: 17","{""academic_structure"": ""Struct_2025"", ""structure_category"": ""University CORE - Courses"", ""course_title"": ""Language"", ""credits"": 2.0, ""source_sheet"": ""Struct_2025"", ""source_row"": 17}"
STRUCTURE_COURSE_173,PROGRAMME_STRUCTURE_COURSE,"Academic Structure: Struct_2025
Category: University CORE - Courses
Course Title: Materials for Smart devices
Credits: 3.0
Source Sheet: Struct_2025
Source Row: 18","{""academic_structure"": ""Struct_2025"", ""structure_category"": ""University CORE - Courses"", ""course_title"": ""Materials for Smart devices"", ""credits"": 3.0, ""source_sheet"": ""Struct_2025"", ""source_row"": 18}"
STRUCTURE_COURSE_174,PROGRAMME_STRUCTURE_COURSE,"Academic Structure: Struct_2025
Category: University CORE - Courses
Course Title: Sustainable Smart Materials
Credits: 3.0
Source Sheet: Struct_2025
Source Row: 19","{""academic_structure"": ""Struct_2025"", ""structure_category"": ""University CORE - Courses"", ""course_title"": ""Sustainable Smart Materials"", ""credits"": 3.0, ""source_sheet"": ""Struct_2025"", ""source_row"": 19}"
STRUCTURE_COURSE_175,PROGRAMME_STRUCTURE_COURSE,"Academic Structure: Struct_2025
Category: University CORE - Courses
Course Title: Design Workshop
Credits: 2.0
Source Sheet: Struct_2025
Source Row: 20","{""academic_structure"": ""Struct_2025"", ""structure_category"": ""University CORE - Courses"", ""course_title"": ""Design Workshop"", ""credits"": 2.0, ""source_sheet"": ""Struct_2025"", ""source_row"": 20}"
STRUCTURE_COURSE_176,PROGRAMME_STRUCTURE_COURSE,"Academic Structure: Struct_2025
Category: University CORE - Courses
Course Title: Multivariate Calculus
Credits: 4.0
Source Sheet: Struct_2025
Source Row: 21","{""academic_structure"": ""Struct_2025"", ""structure_category"": ""University CORE - Courses"", ""course_title"": ""Multivariate Calculus"", ""credits"": 4.0, ""source_sheet"": ""Struct_2025"", ""source_row"": 21}"
STRUCTURE_COURSE_177,PROGRAMME_STRUCTURE_COURSE,"Academic Structure: Struct_2025
Category: University CORE - Courses
Course Title: Probability and Statistics
Credits: 4.0
Source Sheet: Struct_2025
Source Row: 22","{""academic_structure"": ""Struct_2025"", ""structure_category"": ""University CORE - Courses"", ""course_title"": ""Probability and Statistics"", ""credits"": 4.0, ""source_sheet"": ""Struct_2025"", ""source_row"": 22}"
STRUCTURE_COURSE_178,PROGRAMME_STRUCTURE_COURSE,"Academic Structure: Struct_2025
Category: University CORE - Courses
Course Title: Linear Algebra
Credits: 4.0
Source Sheet: Struct_2025
Source Row: 23","{""academic_structure"": ""Struct_2025"", ""structure_category"": ""University CORE - Courses"", ""course_title"": ""Linear Algebra"", ""credits"": 4.0, ""source_sheet"": ""Struct_2025"", ""source_row"": 23}"
STRUCTURE_COURSE_179,PROGRAMME_STRUCTURE_COURSE,"Academic Structure: Struct_2025
Category: University CORE - Courses
Course Title: Advanced Statistical Analysis and Research Methods with R
Credits: 2.0
Source Sheet: Struct_2025
Source Row: 24","{""academic_structure"": ""Struct_2025"", ""structure_category"": ""University CORE - Courses"", ""course_title"": ""Advanced Statistical Analysis and Research Methods with R"", ""credits"": 2.0, ""source_sheet"": ""Struct_2025"", ""source_row"": 24}"
STRUCTURE_COURSE_180,PROGRAMME_STRUCTURE_COURSE,"Academic Structure: Struct_2025
Category: Program Core - Courses
Course Title: Data Structures
Credits: 4.0
Source Sheet: Struct_2025
Source Row: 3","{""academic_structure"": ""Struct_2025"", ""structure_category"": ""Program Core - Courses"", ""course_title"": ""Data Structures"", ""credits"": 4.0, ""source_sheet"": ""Struct_2025"", ""source_row"": 3}"
STRUCTURE_COURSE_181,PROGRAMME_STRUCTURE_COURSE,"Academic Structure: Struct_2025
Category: Program Core - Courses
Course Title: Theoretical Computer Science
Credits: 4.0
Source Sheet: Struct_2025
Source Row: 4","{""academic_structure"": ""Struct_2025"", ""structure_category"": ""Program Core - Courses"", ""course_title"": ""Theoretical Computer Science"", ""credits"": 4.0, ""source_sheet"": ""Struct_2025"", ""source_row"": 4}"
STRUCTURE_COURSE_182,PROGRAMME_STRUCTURE_COURSE,"Academic Structure: Struct_2025
Category: Program Core - Courses
Course Title: Analysis of Algorithms
Credits: 4.0
Source Sheet: Struct_2025
Source Row: 5","{""academic_structure"": ""Struct_2025"", ""structure_category"": ""Program Core - Courses"", ""course_title"": ""Analysis of Algorithms"", ""credits"": 4.0, ""source_sheet"": ""Struct_2025"", ""source_row"": 5}"
STRUCTURE_COURSE_183,PROGRAMME_STRUCTURE_COURSE,"Academic Structure: Struct_2025
Category: Program Core - Courses
Course Title: Digital Design and Computer Organization
Credits: 4.0
Source Sheet: Struct_2025
Source Row: 6","{""academic_structure"": ""Struct_2025"", ""structure_category"": ""Program Core - Courses"", ""course_title"": ""Digital Design and Computer Organization"", ""credits"": 4.0, ""source_sheet"": ""Struct_2025"", ""source_row"": 6}"
STRUCTURE_COURSE_184,PROGRAMME_STRUCTURE_COURSE,"Academic Structure: Struct_2025
Category: Program Core - Courses
Course Title: Object Oriented Programming
Credits: 3.0
Source Sheet: Struct_2025
Source Row: 7","{""academic_structure"": ""Struct_2025"", ""structure_category"": ""Program Core - Courses"", ""course_title"": ""Object Oriented Programming"", ""credits"": 3.0, ""source_sheet"": ""Struct_2025"", ""source_row"": 7}"
STRUCTURE_COURSE_185,PROGRAMME_STRUCTURE_COURSE,"Academic Structure: Struct_2025
Category: Program Core - Courses
Course Title: Microprocessors and Computer Architecture
Credits: 4.0
Source Sheet: Struct_2025
Source Row: 8","{""academic_structure"": ""Struct_2025"", ""structure_category"": ""Program Core - Courses"", ""course_title"": ""Microprocessors and Computer Architecture"", ""credits"": 4.0, ""source_sheet"": ""Struct_2025"", ""source_row"": 8}"
STRUCTURE_COURSE_186,PROGRAMME_STRUCTURE_COURSE,"Academic Structure: Struct_2025
Category: Program Core - Courses
Course Title: Operating Systems
Credits: 3.0
Source Sheet: Struct_2025
Source Row: 9","{""academic_structure"": ""Struct_2025"", ""structure_category"": ""Program Core - Courses"", ""course_title"": ""Operating Systems"", ""credits"": 3.0, ""source_sheet"": ""Struct_2025"", ""source_row"": 9}"
STRUCTURE_COURSE_187,PROGRAMME_STRUCTURE_COURSE,"Academic Structure: Struct_2025
Category: Program Core - Courses
Course Title: Networks
Credits: 4.0
Source Sheet: Struct_2025
Source Row: 10","{""academic_structure"": ""Struct_2025"", ""structure_category"": ""Program Core - Courses"", ""course_title"": ""Networks"", ""credits"": 4.0, ""source_sheet"": ""Struct_2025"", ""source_row"": 10}"
STRUCTURE_COURSE_188,PROGRAMME_STRUCTURE_COURSE,"Academic Structure: Struct_2025
Category: Program Core - Courses
Course Title: Databases Management
Credits: 4.0
Source Sheet: Struct_2025
Source Row: 11","{""academic_structure"": ""Struct_2025"", ""structure_category"": ""Program Core - Courses"", ""course_title"": ""Databases Management"", ""credits"": 4.0, ""source_sheet"": ""Struct_2025"", ""source_row"": 11}"
STRUCTURE_COURSE_189,PROGRAMME_STRUCTURE_COURSE,"Academic Structure: Struct_2025
Category: Program Core - Courses
Course Title: Programming in Python
Credits: 3.0
Source Sheet: Struct_2025
Source Row: 12","{""academic_structure"": ""Struct_2025"", ""structure_category"": ""Program Core - Courses"", ""course_title"": ""Programming in Python"", ""credits"": 3.0, ""source_sheet"": ""Struct_2025"", ""source_row"": 12}"
STRUCTURE_COURSE_190,PROGRAMME_STRUCTURE_COURSE,"Academic Structure: Struct_2025
Category: Program Core - Courses
Course Title: Data Visuatlization and Storytelling
Credits: 3.0
Source Sheet: Struct_2025
Source Row: 13","{""academic_structure"": ""Struct_2025"", ""structure_category"": ""Program Core - Courses"", ""course_title"": ""Data Visuatlization and Storytelling"", ""credits"": 3.0, ""source_sheet"": ""Struct_2025"", ""source_row"": 13}"
STRUCTURE_COURSE_191,PROGRAMME_STRUCTURE_COURSE,"Academic Structure: Struct_2025
Category: Program Core - Courses
Course Title: Artificial Intelligence
Credits: 4.0
Source Sheet: Struct_2025
Source Row: 14","{""academic_structure"": ""Struct_2025"", ""structure_category"": ""Program Core - Courses"", ""course_title"": ""Artificial Intelligence"", ""credits"": 4.0, ""source_sheet"": ""Struct_2025"", ""source_row"": 14}"
STRUCTURE_COURSE_192,PROGRAMME_STRUCTURE_COURSE,"Academic Structure: Struct_2025
Category: Program Core - Courses
Course Title: Internet of Things
Credits: 2.0
Source Sheet: Struct_2025
Source Row: 15","{""academic_structure"": ""Struct_2025"", ""structure_category"": ""Program Core - Courses"", ""course_title"": ""Internet of Things"", ""credits"": 2.0, ""source_sheet"": ""Struct_2025"", ""source_row"": 15}"
STRUCTURE_COURSE_193,PROGRAMME_STRUCTURE_COURSE,"Academic Structure: Struct_2025
Category: Program Core - Courses
Course Title: Program Hons - Courses
Credits: nan
Source Sheet: Struct_2025
Source Row: 18","{""academic_structure"": ""Struct_2025"", ""structure_category"": ""Program Core - Courses"", ""course_title"": ""Program Hons - Courses"", ""credits"": NaN, ""source_sheet"": ""Struct_2025"", ""source_row"": 18}"
STRUCTURE_COURSE_194,PROGRAMME_STRUCTURE_COURSE,"Academic Structure: Struct_2025
Category: Program Core - Courses
Course Title: Advanced Exploratory Data Analysis
Credits: 4.0
Source Sheet: Struct_2025
Source Row: 19","{""academic_structure"": ""Struct_2025"", ""structure_category"": ""Program Core - Courses"", ""course_title"": ""Advanced Exploratory Data Analysis"", ""credits"": 4.0, ""source_sheet"": ""Struct_2025"", ""source_row"": 19}"
STRUCTURE_COURSE_195,PROGRAMME_STRUCTURE_COURSE,"Academic Structure: Struct_2025
Category: Program Core - Courses
Course Title: Optimization Techniques for Data Science
Credits: 4.0
Source Sheet: Struct_2025
Source Row: 20","{""academic_structure"": ""Struct_2025"", ""structure_category"": ""Program Core - Courses"", ""course_title"": ""Optimization Techniques for Data Science"", ""credits"": 4.0, ""source_sheet"": ""Struct_2025"", ""source_row"": 20}"
STRUCTURE_COURSE_196,PROGRAMME_STRUCTURE_COURSE,"Academic Structure: Struct_2025
Category: Program Core - Courses
Course Title: Machine Learning
Credits: 4.0
Source Sheet: Struct_2025
Source Row: 21","{""academic_structure"": ""Struct_2025"", ""structure_category"": ""Program Core - Courses"", ""course_title"": ""Machine Learning"", ""credits"": 4.0, ""source_sheet"": ""Struct_2025"", ""source_row"": 21}"
STRUCTURE_COURSE_197,PROGRAMME_STRUCTURE_COURSE,"Academic Structure: Struct_2025
Category: Program Core - Courses
Course Title: Deep Learning
Credits: 4.0
Source Sheet: Struct_2025
Source Row: 22","{""academic_structure"": ""Struct_2025"", ""structure_category"": ""Program Core - Courses"", ""course_title"": ""Deep Learning"", ""credits"": 4.0, ""source_sheet"": ""Struct_2025"", ""source_row"": 22}"
STRUCTURE_COURSE_198,PROGRAMME_STRUCTURE_COURSE,"Academic Structure: Struct_2025
Category: Program Core - Courses
Course Title: Natural Language Processing
Credits: 4.0
Source Sheet: Struct_2025
Source Row: 23","{""academic_structure"": ""Struct_2025"", ""structure_category"": ""Program Core - Courses"", ""course_title"": ""Natural Language Processing"", ""credits"": 4.0, ""source_sheet"": ""Struct_2025"", ""source_row"": 23}"
STRUCTURE_COURSE_199,PROGRAMME_STRUCTURE_COURSE,"Academic Structure: Struct_2025
Category: Hons Sp Track #1 - Applied Deep Learning - Courses
Course Title: Probabilistic Graph Models
Credits: 4.0
Source Sheet: Struct_2025
Source Row: 3","{""academic_structure"": ""Struct_2025"", ""structure_category"": ""Hons Sp Track #1 - Applied Deep Learning - Courses"", ""course_title"": ""Probabilistic Graph Models"", ""credits"": 4.0, ""source_sheet"": ""Struct_2025"", ""source_row"": 3}"
STRUCTURE_COURSE_200,PROGRAMME_STRUCTURE_COURSE,"Academic Structure: Struct_2025
Category: Hons Sp Track #1 - Applied Deep Learning - Courses
Course Title: Advanced Topics in Deep Learning
Credits: 4.0
Source Sheet: Struct_2025
Source Row: 4","{""academic_structure"": ""Struct_2025"", ""structure_category"": ""Hons Sp Track #1 - Applied Deep Learning - Courses"", ""course_title"": ""Advanced Topics in Deep Learning"", ""credits"": 4.0, ""source_sheet"": ""Struct_2025"", ""source_row"": 4}"
STRUCTURE_COURSE_201,PROGRAMME_STRUCTURE_COURSE,"Academic Structure: Struct_2025
Category: Hons Sp Track #1 - Applied Deep Learning - Courses
Course Title: Image Processing and Computer Vision
Credits: 4.0
Source Sheet: Struct_2025
Source Row: 5","{""academic_structure"": ""Struct_2025"", ""structure_category"": ""Hons Sp Track #1 - Applied Deep Learning - Courses"", ""course_title"": ""Image Processing and Computer Vision"", ""credits"": 4.0, ""source_sheet"": ""Struct_2025"", ""source_row"": 5}"
STRUCTURE_COURSE_202,PROGRAMME_STRUCTURE_COURSE,"Academic Structure: Struct_2025
Category: Hons Sp Track #1 - Applied Deep Learning - Courses
Course Title: Multi Modal Learning
Credits: 4.0
Source Sheet: Struct_2025
Source Row: 6","{""academic_structure"": ""Struct_2025"", ""structure_category"": ""Hons Sp Track #1 - Applied Deep Learning - Courses"", ""course_title"": ""Multi Modal Learning"", ""credits"": 4.0, ""source_sheet"": ""Struct_2025"", ""source_row"": 6}"
STRUCTURE_COURSE_203,PROGRAMME_STRUCTURE_COURSE,"Academic Structure: Struct_2025
Category: Hons Sp Track #1 - Applied Deep Learning - Courses
Course Title: Reinforcement Learning
Credits: 4.0
Source Sheet: Struct_2025
Source Row: 7","{""academic_structure"": ""Struct_2025"", ""structure_category"": ""Hons Sp Track #1 - Applied Deep Learning - Courses"", ""course_title"": ""Reinforcement Learning"", ""credits"": 4.0, ""source_sheet"": ""Struct_2025"", ""source_row"": 7}"
STRUCTURE_COURSE_204,PROGRAMME_STRUCTURE_COURSE,"Academic Structure: Struct_2025
Category: Hons Sp Track #1 - Applied Deep Learning - Courses
Course Title: Hons Sp Track #2 - Full Stack Development - Courses
Credits: nan
Source Sheet: Struct_2025
Source Row: 10","{""academic_structure"": ""Struct_2025"", ""structure_category"": ""Hons Sp Track #1 - Applied Deep Learning - Courses"", ""course_title"": ""Hons Sp Track #2 - Full Stack Development - Courses"", ""credits"": NaN, ""source_sheet"": ""Struct_2025"", ""source_row"": 10}"
STRUCTURE_COURSE_205,PROGRAMME_STRUCTURE_COURSE,"Academic Structure: Struct_2025
Category: Hons Sp Track #1 - Applied Deep Learning - Courses
Course Title: Web Framework
Credits: 4.0
Source Sheet: Struct_2025
Source Row: 11","{""academic_structure"": ""Struct_2025"", ""structure_category"": ""Hons Sp Track #1 - Applied Deep Learning - Courses"", ""course_title"": ""Web Framework"", ""credits"": 4.0, ""source_sheet"": ""Struct_2025"", ""source_row"": 11}"
STRUCTURE_COURSE_206,PROGRAMME_STRUCTURE_COURSE,"Academic Structure: Struct_2025
Category: Hons Sp Track #1 - Applied Deep Learning - Courses
Course Title: Big Data Framework
Credits: 4.0
Source Sheet: Struct_2025
Source Row: 12","{""academic_structure"": ""Struct_2025"", ""structure_category"": ""Hons Sp Track #1 - Applied Deep Learning - Courses"", ""course_title"": ""Big Data Framework"", ""credits"": 4.0, ""source_sheet"": ""Struct_2025"", ""source_row"": 12}"
STRUCTURE_COURSE_207,PROGRAMME_STRUCTURE_COURSE,"Academic Structure: Struct_2025
Category: Hons Sp Track #1 - Applied Deep Learning - Courses
Course Title: Software Architecture and Deployments
Credits: 4.0
Source Sheet: Struct_2025
Source Row: 13","{""academic_structure"": ""Struct_2025"", ""structure_category"": ""Hons Sp Track #1 - Applied Deep Learning - Courses"", ""course_title"": ""Software Architecture and Deployments"", ""credits"": 4.0, ""source_sheet"": ""Struct_2025"", ""source_row"": 13}"
STRUCTURE_COURSE_208,PROGRAMME_STRUCTURE_COURSE,"Academic Structure: Struct_2025
Category: Hons Sp Track #1 - Applied Deep Learning - Courses
Course Title: Cloud & Cognitive Computing
Credits: 4.0
Source Sheet: Struct_2025
Source Row: 14","{""academic_structure"": ""Struct_2025"", ""structure_category"": ""Hons Sp Track #1 - Applied Deep Learning - Courses"", ""course_title"": ""Cloud & Cognitive Computing"", ""credits"": 4.0, ""source_sheet"": ""Struct_2025"", ""source_row"": 14}"
STRUCTURE_COURSE_209,PROGRAMME_STRUCTURE_COURSE,"Academic Structure: Struct_2025
Category: Hons Sp Track #1 - Applied Deep Learning - Courses
Course Title: Reinforcement Learning
Credits: 4.0
Source Sheet: Struct_2025
Source Row: 15","{""academic_structure"": ""Struct_2025"", ""structure_category"": ""Hons Sp Track #1 - Applied Deep Learning - Courses"", ""course_title"": ""Reinforcement Learning"", ""credits"": 4.0, ""source_sheet"": ""Struct_2025"", ""source_row"": 15}"
STRUCTURE_COURSE_210,PROGRAMME_STRUCTURE_COURSE,"Academic Structure: Struct_2025
Category: Hons Sp Track #1 - Applied Deep Learning - Courses
Course Title: Internship and Capstone Project- Courses
Credits: nan
Source Sheet: Struct_2025
Source Row: 18","{""academic_structure"": ""Struct_2025"", ""structure_category"": ""Hons Sp Track #1 - Applied Deep Learning - Courses"", ""course_title"": ""Internship and Capstone Project- Courses"", ""credits"": NaN, ""source_sheet"": ""Struct_2025"", ""source_row"": 18}"
STRUCTURE_COURSE_211,PROGRAMME_STRUCTURE_COURSE,"Academic Structure: Struct_2025
Category: Hons Sp Track #1 - Applied Deep Learning - Courses
Course Title: Summe Training/Internship
Credits: 2.0
Source Sheet: Struct_2025
Source Row: 20","{""academic_structure"": ""Struct_2025"", ""structure_category"": ""Hons Sp Track #1 - Applied Deep Learning - Courses"", ""course_title"": ""Summe Training/Internship"", ""credits"": 2.0, ""source_sheet"": ""Struct_2025"", ""source_row"": 20}"
STRUCTURE_COURSE_212,PROGRAMME_STRUCTURE_COURSE,"Academic Structure: Struct_2025
Category: Hons Sp Track #1 - Applied Deep Learning - Courses
Course Title: Capstone Project/Industrial Internship
Credits: 12.0
Source Sheet: Struct_2025
Source Row: 21","{""academic_structure"": ""Struct_2025"", ""structure_category"": ""Hons Sp Track #1 - Applied Deep Learning - Courses"", ""course_title"": ""Capstone Project/Industrial Internship"", ""credits"": 12.0, ""source_sheet"": ""Struct_2025"", ""source_row"": 21}"
STRUCTURE_COURSE_213,PROGRAMME_STRUCTURE_COURSE,"Academic Structure: Struct_2025
Category: Hons Sp Track #1 - Applied Deep Learning - Courses
Course Title: Essentials of Business Management
Credits: 2.0
Source Sheet: Struct_2025
Source Row: 26","{""academic_structure"": ""Struct_2025"", ""structure_category"": ""Hons Sp Track #1 - Applied Deep Learning - Courses"", ""course_title"": ""Essentials of Business Management"", ""credits"": 2.0, ""source_sheet"": ""Struct_2025"", ""source_row"": 26}"
STRUCTURE_COURSE_214,PROGRAMME_STRUCTURE_COURSE,"Academic Structure: Struct_2025
Category: Hons Sp Track #1 - Applied Deep Learning - Courses
Course Title: Intro to Psychology /Principles of Economics
Credits: 2.0
Source Sheet: Struct_2025
Source Row: 27","{""academic_structure"": ""Struct_2025"", ""structure_category"": ""Hons Sp Track #1 - Applied Deep Learning - Courses"", ""course_title"": ""Intro to Psychology /Principles of Economics"", ""credits"": 2.0, ""source_sheet"": ""Struct_2025"", ""source_row"": 27}"
STRUCTURE_COURSE_215,PROGRAMME_STRUCTURE_COURSE,"Academic Structure: Struct_2025
Category: Hons Sp Track #1 - Applied Deep Learning - Courses
Course Title: 6 Courses of 4 credits each
Credits: 24.0
Source Sheet: Struct_2025
Source Row: 28","{""academic_structure"": ""Struct_2025"", ""structure_category"": ""Hons Sp Track #1 - Applied Deep Learning - Courses"", ""course_title"": ""6 Courses of 4 credits each"", ""credits"": 24.0, ""source_sheet"": ""Struct_2025"", ""source_row"": 28}"
STRUCTURE_COURSE_216,PROGRAMME_STRUCTURE_COURSE,"Academic Structure: Struct_2025
Category: Hons Sp Track #1 - Applied Deep Learning - Courses
Course Title: Interdesciplinary Project
Credits: 4.0
Source Sheet: Struct_2025
Source Row: 29","{""academic_structure"": ""Struct_2025"", ""structure_category"": ""Hons Sp Track #1 - Applied Deep Learning - Courses"", ""course_title"": ""Interdesciplinary Project"", ""credits"": 4.0, ""source_sheet"": ""Struct_2025"", ""source_row"": 29}"
STRUCTURE_COURSE_217,PROGRAMME_STRUCTURE_COURSE,"Academic Structure: Struct_2026_DS
Category: University CORE - Courses
Course Title: Communication Skills
Credits: 3.0
Source Sheet: Struct_2026_DS
Source Row: 3","{""academic_structure"": ""Struct_2026_DS"", ""structure_category"": ""University CORE - Courses"", ""course_title"": ""Communication Skills"", ""credits"": 3.0, ""source_sheet"": ""Struct_2026_DS"", ""source_row"": 3}"
STRUCTURE_COURSE_218,PROGRAMME_STRUCTURE_COURSE,"Academic Structure: Struct_2026_DS
Category: University CORE - Courses
Course Title: Learning to Learn
Credits: 2.0
Source Sheet: Struct_2026_DS
Source Row: 4","{""academic_structure"": ""Struct_2026_DS"", ""structure_category"": ""University CORE - Courses"", ""course_title"": ""Learning to Learn"", ""credits"": 2.0, ""source_sheet"": ""Struct_2026_DS"", ""source_row"": 4}"
STRUCTURE_COURSE_219,PROGRAMME_STRUCTURE_COURSE,"Academic Structure: Struct_2026_DS
Category: University CORE - Courses
Course Title: Environmental Studies and Sustainability
Credits: 2.0
Source Sheet: Struct_2026_DS
Source Row: 5","{""academic_structure"": ""Struct_2026_DS"", ""structure_category"": ""University CORE - Courses"", ""course_title"": ""Environmental Studies and Sustainability"", ""credits"": 2.0, ""source_sheet"": ""Struct_2026_DS"", ""source_row"": 5}"
STRUCTURE_COURSE_220,PROGRAMME_STRUCTURE_COURSE,"Academic Structure: Struct_2026_DS
Category: University CORE - Courses
Course Title: Fundamentals of Indian Constitution and Human Rights
Credits: 2.0
Source Sheet: Struct_2026_DS
Source Row: 6","{""academic_structure"": ""Struct_2026_DS"", ""structure_category"": ""University CORE - Courses"", ""course_title"": ""Fundamentals of Indian Constitution and Human Rights"", ""credits"": 2.0, ""source_sheet"": ""Struct_2026_DS"", ""source_row"": 6}"
STRUCTURE_COURSE_221,PROGRAMME_STRUCTURE_COURSE,"Academic Structure: Struct_2026_DS
Category: University CORE - Courses
Course Title: Community Engagement
Credits: 1.0
Source Sheet: Struct_2026_DS
Source Row: 7","{""academic_structure"": ""Struct_2026_DS"", ""structure_category"": ""University CORE - Courses"", ""course_title"": ""Community Engagement"", ""credits"": 1.0, ""source_sheet"": ""Struct_2026_DS"", ""source_row"": 7}"
STRUCTURE_COURSE_222,PROGRAMME_STRUCTURE_COURSE,"Academic Structure: Struct_2026_DS
Category: University CORE - Courses
Course Title: Socio-Cultural Perspectives on Indian Life-SPIL
Credits: 3.0
Source Sheet: Struct_2026_DS
Source Row: 8","{""academic_structure"": ""Struct_2026_DS"", ""structure_category"": ""University CORE - Courses"", ""course_title"": ""Socio-Cultural Perspectives on Indian Life-SPIL"", ""credits"": 3.0, ""source_sheet"": ""Struct_2026_DS"", ""source_row"": 8}"
STRUCTURE_COURSE_223,PROGRAMME_STRUCTURE_COURSE,"Academic Structure: Struct_2026_DS
Category: University CORE - Courses
Course Title: Critical Thinking
Credits: 3.0
Source Sheet: Struct_2026_DS
Source Row: 9","{""academic_structure"": ""Struct_2026_DS"", ""structure_category"": ""University CORE - Courses"", ""course_title"": ""Critical Thinking"", ""credits"": 3.0, ""source_sheet"": ""Struct_2026_DS"", ""source_row"": 9}"
STRUCTURE_COURSE_224,PROGRAMME_STRUCTURE_COURSE,"Academic Structure: Struct_2026_DS
Category: University CORE - Courses
Course Title: Problem Solving for Design Thinking
Credits: 2.0
Source Sheet: Struct_2026_DS
Source Row: 10","{""academic_structure"": ""Struct_2026_DS"", ""structure_category"": ""University CORE - Courses"", ""course_title"": ""Problem Solving for Design Thinking"", ""credits"": 2.0, ""source_sheet"": ""Struct_2026_DS"", ""source_row"": 10}"
STRUCTURE_COURSE_225,PROGRAMME_STRUCTURE_COURSE,"Academic Structure: Struct_2026_DS
Category: University CORE - Courses
Course Title: Foundation Courses
Credits: nan
Source Sheet: Struct_2026_DS
Source Row: 13","{""academic_structure"": ""Struct_2026_DS"", ""structure_category"": ""University CORE - Courses"", ""course_title"": ""Foundation Courses"", ""credits"": NaN, ""source_sheet"": ""Struct_2026_DS"", ""source_row"": 13}"
STRUCTURE_COURSE_226,PROGRAMME_STRUCTURE_COURSE,"Academic Structure: Struct_2026_DS
Category: University CORE - Courses
Course Title: Language
Credits: 2.0
Source Sheet: Struct_2026_DS
Source Row: 14","{""academic_structure"": ""Struct_2026_DS"", ""structure_category"": ""University CORE - Courses"", ""course_title"": ""Language"", ""credits"": 2.0, ""source_sheet"": ""Struct_2026_DS"", ""source_row"": 14}"
STRUCTURE_COURSE_227,PROGRAMME_STRUCTURE_COURSE,"Academic Structure: Struct_2026_DS
Category: University CORE - Courses
Course Title: Materials for Smart devices
Credits: 3.0
Source Sheet: Struct_2026_DS
Source Row: 15","{""academic_structure"": ""Struct_2026_DS"", ""structure_category"": ""University CORE - Courses"", ""course_title"": ""Materials for Smart devices"", ""credits"": 3.0, ""source_sheet"": ""Struct_2026_DS"", ""source_row"": 15}"
STRUCTURE_COURSE_228,PROGRAMME_STRUCTURE_COURSE,"Academic Structure: Struct_2026_DS
Category: University CORE - Courses
Course Title: Sustainable Smart Materials
Credits: 3.0
Source Sheet: Struct_2026_DS
Source Row: 16","{""academic_structure"": ""Struct_2026_DS"", ""structure_category"": ""University CORE - Courses"", ""course_title"": ""Sustainable Smart Materials"", ""credits"": 3.0, ""source_sheet"": ""Struct_2026_DS"", ""source_row"": 16}"
STRUCTURE_COURSE_229,PROGRAMME_STRUCTURE_COURSE,"Academic Structure: Struct_2026_DS
Category: University CORE - Courses
Course Title: Design Workshop
Credits: 3.0
Source Sheet: Struct_2026_DS
Source Row: 17","{""academic_structure"": ""Struct_2026_DS"", ""structure_category"": ""University CORE - Courses"", ""course_title"": ""Design Workshop"", ""credits"": 3.0, ""source_sheet"": ""Struct_2026_DS"", ""source_row"": 17}"
STRUCTURE_COURSE_230,PROGRAMME_STRUCTURE_COURSE,"Academic Structure: Struct_2026_DS
Category: University CORE - Courses
Course Title: Multivariate Calculus
Credits: 4.0
Source Sheet: Struct_2026_DS
Source Row: 18","{""academic_structure"": ""Struct_2026_DS"", ""structure_category"": ""University CORE - Courses"", ""course_title"": ""Multivariate Calculus"", ""credits"": 4.0, ""source_sheet"": ""Struct_2026_DS"", ""source_row"": 18}"
STRUCTURE_COURSE_231,PROGRAMME_STRUCTURE_COURSE,"Academic Structure: Struct_2026_DS
Category: University CORE - Courses
Course Title: Probability and Statistics
Credits: 4.0
Source Sheet: Struct_2026_DS
Source Row: 19","{""academic_structure"": ""Struct_2026_DS"", ""structure_category"": ""University CORE - Courses"", ""course_title"": ""Probability and Statistics"", ""credits"": 4.0, ""source_sheet"": ""Struct_2026_DS"", ""source_row"": 19}"
STRUCTURE_COURSE_232,PROGRAMME_STRUCTURE_COURSE,"Academic Structure: Struct_2026_DS
Category: University CORE - Courses
Course Title: Linear Algebra
Credits: 4.0
Source Sheet: Struct_2026_DS
Source Row: 20","{""academic_structure"": ""Struct_2026_DS"", ""structure_category"": ""University CORE - Courses"", ""course_title"": ""Linear Algebra"", ""credits"": 4.0, ""source_sheet"": ""Struct_2026_DS"", ""source_row"": 20}"
STRUCTURE_COURSE_233,PROGRAMME_STRUCTURE_COURSE,"Academic Structure: Struct_2026_DS
Category: University CORE - Courses
Course Title: Advanced Statistical Analysis and Research Methods
Credits: 3.0
Source Sheet: Struct_2026_DS
Source Row: 21","{""academic_structure"": ""Struct_2026_DS"", ""structure_category"": ""University CORE - Courses"", ""course_title"": ""Advanced Statistical Analysis and Research Methods"", ""credits"": 3.0, ""source_sheet"": ""Struct_2026_DS"", ""source_row"": 21}"
STRUCTURE_COURSE_234,PROGRAMME_STRUCTURE_COURSE,"Academic Structure: Struct_2026_DS
Category: Program Core - Courses
Course Title: Data Structures
Credits: 4.0
Source Sheet: Struct_2026_DS
Source Row: 3","{""academic_structure"": ""Struct_2026_DS"", ""structure_category"": ""Program Core - Courses"", ""course_title"": ""Data Structures"", ""credits"": 4.0, ""source_sheet"": ""Struct_2026_DS"", ""source_row"": 3}"
STRUCTURE_COURSE_235,PROGRAMME_STRUCTURE_COURSE,"Academic Structure: Struct_2026_DS
Category: Program Core - Courses
Course Title: Theoretical Computer Science
Credits: 4.0
Source Sheet: Struct_2026_DS
Source Row: 4","{""academic_structure"": ""Struct_2026_DS"", ""structure_category"": ""Program Core - Courses"", ""course_title"": ""Theoretical Computer Science"", ""credits"": 4.0, ""source_sheet"": ""Struct_2026_DS"", ""source_row"": 4}"
STRUCTURE_COURSE_236,PROGRAMME_STRUCTURE_COURSE,"Academic Structure: Struct_2026_DS
Category: Program Core - Courses
Course Title: Analysis of Algorithms
Credits: 4.0
Source Sheet: Struct_2026_DS
Source Row: 5","{""academic_structure"": ""Struct_2026_DS"", ""structure_category"": ""Program Core - Courses"", ""course_title"": ""Analysis of Algorithms"", ""credits"": 4.0, ""source_sheet"": ""Struct_2026_DS"", ""source_row"": 5}"
STRUCTURE_COURSE_237,PROGRAMME_STRUCTURE_COURSE,"Academic Structure: Struct_2026_DS
Category: Program Core - Courses
Course Title: Digital Design and Computer Organization
Credits: 4.0
Source Sheet: Struct_2026_DS
Source Row: 6","{""academic_structure"": ""Struct_2026_DS"", ""structure_category"": ""Program Core - Courses"", ""course_title"": ""Digital Design and Computer Organization"", ""credits"": 4.0, ""source_sheet"": ""Struct_2026_DS"", ""source_row"": 6}"
STRUCTURE_COURSE_238,PROGRAMME_STRUCTURE_COURSE,"Academic Structure: Struct_2026_DS
Category: Program Core - Courses
Course Title: Object Oriented Programming
Credits: 3.0
Source Sheet: Struct_2026_DS
Source Row: 7","{""academic_structure"": ""Struct_2026_DS"", ""structure_category"": ""Program Core - Courses"", ""course_title"": ""Object Oriented Programming"", ""credits"": 3.0, ""source_sheet"": ""Struct_2026_DS"", ""source_row"": 7}"
STRUCTURE_COURSE_239,PROGRAMME_STRUCTURE_COURSE,"Academic Structure: Struct_2026_DS
Category: Program Core - Courses
Course Title: Microprocessors and Computer Architecture
Credits: 4.0
Source Sheet: Struct_2026_DS
Source Row: 8","{""academic_structure"": ""Struct_2026_DS"", ""structure_category"": ""Program Core - Courses"", ""course_title"": ""Microprocessors and Computer Architecture"", ""credits"": 4.0, ""source_sheet"": ""Struct_2026_DS"", ""source_row"": 8}"
STRUCTURE_COURSE_240,PROGRAMME_STRUCTURE_COURSE,"Academic Structure: Struct_2026_DS
Category: Program Core - Courses
Course Title: Operating Systems
Credits: 4.0
Source Sheet: Struct_2026_DS
Source Row: 9","{""academic_structure"": ""Struct_2026_DS"", ""structure_category"": ""Program Core - Courses"", ""course_title"": ""Operating Systems"", ""credits"": 4.0, ""source_sheet"": ""Struct_2026_DS"", ""source_row"": 9}"
STRUCTURE_COURSE_241,PROGRAMME_STRUCTURE_COURSE,"Academic Structure: Struct_2026_DS
Category: Program Core - Courses
Course Title: Networks
Credits: 4.0
Source Sheet: Struct_2026_DS
Source Row: 10","{""academic_structure"": ""Struct_2026_DS"", ""structure_category"": ""Program Core - Courses"", ""course_title"": ""Networks"", ""credits"": 4.0, ""source_sheet"": ""Struct_2026_DS"", ""source_row"": 10}"
STRUCTURE_COURSE_242,PROGRAMME_STRUCTURE_COURSE,"Academic Structure: Struct_2026_DS
Category: Program Core - Courses
Course Title: Databases Management
Credits: 4.0
Source Sheet: Struct_2026_DS
Source Row: 11","{""academic_structure"": ""Struct_2026_DS"", ""structure_category"": ""Program Core - Courses"", ""course_title"": ""Databases Management"", ""credits"": 4.0, ""source_sheet"": ""Struct_2026_DS"", ""source_row"": 11}"
STRUCTURE_COURSE_243,PROGRAMME_STRUCTURE_COURSE,"Academic Structure: Struct_2026_DS
Category: Program Core - Courses
Course Title: Programming in Python
Credits: 3.0
Source Sheet: Struct_2026_DS
Source Row: 12","{""academic_structure"": ""Struct_2026_DS"", ""structure_category"": ""Program Core - Courses"", ""course_title"": ""Programming in Python"", ""credits"": 3.0, ""source_sheet"": ""Struct_2026_DS"", ""source_row"": 12}"
STRUCTURE_COURSE_244,PROGRAMME_STRUCTURE_COURSE,"Academic Structure: Struct_2026_DS
Category: Program Core - Courses
Course Title: Data Visuatlization and Storytelling
Credits: 3.0
Source Sheet: Struct_2026_DS
Source Row: 13","{""academic_structure"": ""Struct_2026_DS"", ""structure_category"": ""Program Core - Courses"", ""course_title"": ""Data Visuatlization and Storytelling"", ""credits"": 3.0, ""source_sheet"": ""Struct_2026_DS"", ""source_row"": 13}"
STRUCTURE_COURSE_245,PROGRAMME_STRUCTURE_COURSE,"Academic Structure: Struct_2026_DS
Category: Program Core - Courses
Course Title: Artificial Intelligence
Credits: 4.0
Source Sheet: Struct_2026_DS
Source Row: 14","{""academic_structure"": ""Struct_2026_DS"", ""structure_category"": ""Program Core - Courses"", ""course_title"": ""Artificial Intelligence"", ""credits"": 4.0, ""source_sheet"": ""Struct_2026_DS"", ""source_row"": 14}"
STRUCTURE_COURSE_246,PROGRAMME_STRUCTURE_COURSE,"Academic Structure: Struct_2026_DS
Category: Program Core - Courses
Course Title: Internet of Things
Credits: 2.0
Source Sheet: Struct_2026_DS
Source Row: 15","{""academic_structure"": ""Struct_2026_DS"", ""structure_category"": ""Program Core - Courses"", ""course_title"": ""Internet of Things"", ""credits"": 2.0, ""source_sheet"": ""Struct_2026_DS"", ""source_row"": 15}"
STRUCTURE_COURSE_247,PROGRAMME_STRUCTURE_COURSE,"Academic Structure: Struct_2026_DS
Category: Program Core - Courses
Course Title: Compiler Design
Credits: 3.0
Source Sheet: Struct_2026_DS
Source Row: 16","{""academic_structure"": ""Struct_2026_DS"", ""structure_category"": ""Program Core - Courses"", ""course_title"": ""Compiler Design"", ""credits"": 3.0, ""source_sheet"": ""Struct_2026_DS"", ""source_row"": 16}"
STRUCTURE_COURSE_248,PROGRAMME_STRUCTURE_COURSE,"Academic Structure: Struct_2026_DS
Category: Program Core - Courses
Course Title: Program Hons - Courses
Credits: nan
Source Sheet: Struct_2026_DS
Source Row: 19","{""academic_structure"": ""Struct_2026_DS"", ""structure_category"": ""Program Core - Courses"", ""course_title"": ""Program Hons - Courses"", ""credits"": NaN, ""source_sheet"": ""Struct_2026_DS"", ""source_row"": 19}"
STRUCTURE_COURSE_249,PROGRAMME_STRUCTURE_COURSE,"Academic Structure: Struct_2026_DS
Category: Program Core - Courses
Course Title: Advanced Exploratory Data Analysis
Credits: 4.0
Source Sheet: Struct_2026_DS
Source Row: 20","{""academic_structure"": ""Struct_2026_DS"", ""structure_category"": ""Program Core - Courses"", ""course_title"": ""Advanced Exploratory Data Analysis"", ""credits"": 4.0, ""source_sheet"": ""Struct_2026_DS"", ""source_row"": 20}"
STRUCTURE_COURSE_250,PROGRAMME_STRUCTURE_COURSE,"Academic Structure: Struct_2026_DS
Category: Program Core - Courses
Course Title: Optimization Techniques for Data Science
Credits: 4.0
Source Sheet: Struct_2026_DS
Source Row: 21","{""academic_structure"": ""Struct_2026_DS"", ""structure_category"": ""Program Core - Courses"", ""course_title"": ""Optimization Techniques for Data Science"", ""credits"": 4.0, ""source_sheet"": ""Struct_2026_DS"", ""source_row"": 21}"
STRUCTURE_COURSE_251,PROGRAMME_STRUCTURE_COURSE,"Academic Structure: Struct_2026_DS
Category: Program Core - Courses
Course Title: Machine Learning
Credits: 4.0
Source Sheet: Struct_2026_DS
Source Row: 22","{""academic_structure"": ""Struct_2026_DS"", ""structure_category"": ""Program Core - Courses"", ""course_title"": ""Machine Learning"", ""credits"": 4.0, ""source_sheet"": ""Struct_2026_DS"", ""source_row"": 22}"
STRUCTURE_COURSE_252,PROGRAMME_STRUCTURE_COURSE,"Academic Structure: Struct_2026_DS
Category: Program Core - Courses
Course Title: Deep Learning
Credits: 4.0
Source Sheet: Struct_2026_DS
Source Row: 23","{""academic_structure"": ""Struct_2026_DS"", ""structure_category"": ""Program Core - Courses"", ""course_title"": ""Deep Learning"", ""credits"": 4.0, ""source_sheet"": ""Struct_2026_DS"", ""source_row"": 23}"
STRUCTURE_COURSE_253,PROGRAMME_STRUCTURE_COURSE,"Academic Structure: Struct_2026_DS
Category: Program Core - Courses
Course Title: Natural Language Processing
Credits: 4.0
Source Sheet: Struct_2026_DS
Source Row: 24","{""academic_structure"": ""Struct_2026_DS"", ""structure_category"": ""Program Core - Courses"", ""course_title"": ""Natural Language Processing"", ""credits"": 4.0, ""source_sheet"": ""Struct_2026_DS"", ""source_row"": 24}"
STRUCTURE_COURSE_254,PROGRAMME_STRUCTURE_COURSE,"Academic Structure: Struct_2026_DS
Category: Electives
Course Title: Probabilistic Graph Models
Credits: 4.0
Source Sheet: Struct_2026_DS
Source Row: 3","{""academic_structure"": ""Struct_2026_DS"", ""structure_category"": ""Electives"", ""course_title"": ""Probabilistic Graph Models"", ""credits"": 4.0, ""source_sheet"": ""Struct_2026_DS"", ""source_row"": 3}"
STRUCTURE_COURSE_255,PROGRAMME_STRUCTURE_COURSE,"Academic Structure: Struct_2026_DS
Category: Electives
Course Title: Advanced Topics in Deep Learning
Credits: 4.0
Source Sheet: Struct_2026_DS
Source Row: 4","{""academic_structure"": ""Struct_2026_DS"", ""structure_category"": ""Electives"", ""course_title"": ""Advanced Topics in Deep Learning"", ""credits"": 4.0, ""source_sheet"": ""Struct_2026_DS"", ""source_row"": 4}"
STRUCTURE_COURSE_256,PROGRAMME_STRUCTURE_COURSE,"Academic Structure: Struct_2026_DS
Category: Electives
Course Title: Cloud & Cognitive Computing
Credits: 4.0
Source Sheet: Struct_2026_DS
Source Row: 5","{""academic_structure"": ""Struct_2026_DS"", ""structure_category"": ""Electives"", ""course_title"": ""Cloud & Cognitive Computing"", ""credits"": 4.0, ""source_sheet"": ""Struct_2026_DS"", ""source_row"": 5}"
STRUCTURE_COURSE_257,PROGRAMME_STRUCTURE_COURSE,"Academic Structure: Struct_2026_DS
Category: Electives
Course Title: Multi Modal Learning
Credits: 4.0
Source Sheet: Struct_2026_DS
Source Row: 6","{""academic_structure"": ""Struct_2026_DS"", ""structure_category"": ""Electives"", ""course_title"": ""Multi Modal Learning"", ""credits"": 4.0, ""source_sheet"": ""Struct_2026_DS"", ""source_row"": 6}"
STRUCTURE_COURSE_258,PROGRAMME_STRUCTURE_COURSE,"Academic Structure: Struct_2026_DS
Category: Electives
Course Title: Reinforcement Learning
Credits: 4.0
Source Sheet: Struct_2026_DS
Source Row: 7","{""academic_structure"": ""Struct_2026_DS"", ""structure_category"": ""Electives"", ""course_title"": ""Reinforcement Learning"", ""credits"": 4.0, ""source_sheet"": ""Struct_2026_DS"", ""source_row"": 7}"
STRUCTURE_COURSE_259,PROGRAMME_STRUCTURE_COURSE,"Academic Structure: Struct_2026_DS
Category: Electives
Course Title: Web Framework
Credits: 4.0
Source Sheet: Struct_2026_DS
Source Row: 8","{""academic_structure"": ""Struct_2026_DS"", ""structure_category"": ""Electives"", ""course_title"": ""Web Framework"", ""credits"": 4.0, ""source_sheet"": ""Struct_2026_DS"", ""source_row"": 8}"
STRUCTURE_COURSE_260,PROGRAMME_STRUCTURE_COURSE,"Academic Structure: Struct_2026_DS
Category: Electives
Course Title: Big Data Framework
Credits: 4.0
Source Sheet: Struct_2026_DS
Source Row: 9","{""academic_structure"": ""Struct_2026_DS"", ""structure_category"": ""Electives"", ""course_title"": ""Big Data Framework"", ""credits"": 4.0, ""source_sheet"": ""Struct_2026_DS"", ""source_row"": 9}"
STRUCTURE_COURSE_261,PROGRAMME_STRUCTURE_COURSE,"Academic Structure: Struct_2026_DS
Category: Electives
Course Title: Software Architecture and Deployments
Credits: 4.0
Source Sheet: Struct_2026_DS
Source Row: 10","{""academic_structure"": ""Struct_2026_DS"", ""structure_category"": ""Electives"", ""course_title"": ""Software Architecture and Deployments"", ""credits"": 4.0, ""source_sheet"": ""Struct_2026_DS"", ""source_row"": 10}"
STRUCTURE_COURSE_262,PROGRAMME_STRUCTURE_COURSE,"Academic Structure: Struct_2026_DS
Category: Electives
Course Title: Internship and Capstone Project- Courses
Credits: nan
Source Sheet: Struct_2026_DS
Source Row: 13","{""academic_structure"": ""Struct_2026_DS"", ""structure_category"": ""Electives"", ""course_title"": ""Internship and Capstone Project- Courses"", ""credits"": NaN, ""source_sheet"": ""Struct_2026_DS"", ""source_row"": 13}"
STRUCTURE_COURSE_263,PROGRAMME_STRUCTURE_COURSE,"Academic Structure: Struct_2026_DS
Category: Electives
Course Title: Summe Training/Internship
Credits: 2.0
Source Sheet: Struct_2026_DS
Source Row: 15","{""academic_structure"": ""Struct_2026_DS"", ""structure_category"": ""Electives"", ""course_title"": ""Summe Training/Internship"", ""credits"": 2.0, ""source_sheet"": ""Struct_2026_DS"", ""source_row"": 15}"
STRUCTURE_COURSE_264,PROGRAMME_STRUCTURE_COURSE,"Academic Structure: Struct_2026_DS
Category: Electives
Course Title: Capstone Project/Industrial Internship
Credits: 12.0
Source Sheet: Struct_2026_DS
Source Row: 16","{""academic_structure"": ""Struct_2026_DS"", ""structure_category"": ""Electives"", ""course_title"": ""Capstone Project/Industrial Internship"", ""credits"": 12.0, ""source_sheet"": ""Struct_2026_DS"", ""source_row"": 16}"
STRUCTURE_COURSE_265,PROGRAMME_STRUCTURE_COURSE,"Academic Structure: Struct_2026_DS
Category: Electives
Course Title: Essentials of Business Management
Credits: 2.0
Source Sheet: Struct_2026_DS
Source Row: 20","{""academic_structure"": ""Struct_2026_DS"", ""structure_category"": ""Electives"", ""course_title"": ""Essentials of Business Management"", ""credits"": 2.0, ""source_sheet"": ""Struct_2026_DS"", ""source_row"": 20}"
STRUCTURE_COURSE_266,PROGRAMME_STRUCTURE_COURSE,"Academic Structure: Struct_2026_DS
Category: Electives
Course Title: Intro to Psychology /Principles of Economics
Credits: 2.0
Source Sheet: Struct_2026_DS
Source Row: 21","{""academic_structure"": ""Struct_2026_DS"", ""structure_category"": ""Electives"", ""course_title"": ""Intro to Psychology /Principles of Economics"", ""credits"": 2.0, ""source_sheet"": ""Struct_2026_DS"", ""source_row"": 21}"
STRUCTURE_COURSE_267,PROGRAMME_STRUCTURE_COURSE,"Academic Structure: Struct_2026_DS
Category: Electives
Course Title: 6 Courses of 4 credits each
Credits: 24.0
Source Sheet: Struct_2026_DS
Source Row: 22","{""academic_structure"": ""Struct_2026_DS"", ""structure_category"": ""Electives"", ""course_title"": ""6 Courses of 4 credits each"", ""credits"": 24.0, ""source_sheet"": ""Struct_2026_DS"", ""source_row"": 22}"
STRUCTURE_COURSE_268,PROGRAMME_STRUCTURE_COURSE,"Academic Structure: Struct_2026_DS
Category: Electives
Course Title: Interdesciplinary Project
Credits: 4.0
Source Sheet: Struct_2026_DS
Source Row: 23","{""academic_structure"": ""Struct_2026_DS"", ""structure_category"": ""Electives"", ""course_title"": ""Interdesciplinary Project"", ""credits"": 4.0, ""source_sheet"": ""Struct_2026_DS"", ""source_row"": 23}"
MINOR_1,MINOR_COURSE,"Minor: Law Minor
Batch: 2023
Course Code: LAWM305
Source Course Code: LAWM305
Course Title: Regulating platform and Gig workers
Semester: 5
Credits: 4
Prerequisite: None
Prerequisite Status: unknown
Source Sheet: Law Minor
Source Row: 3","{""minor"": ""Law Minor"", ""batch"": ""2023"", ""course_code"": ""LAWM305"", ""course_title"": ""Regulating platform and Gig workers"", ""semester"": 5, ""credits"": 4, ""source_sheet"": ""Law Minor"", ""source_row"": 3}"
MINOR_2,MINOR_COURSE,"Minor: Law Minor
Batch: 2023
Course Code: LAWE200
Source Course Code: LAWE200
Course Title: Moral Philosophy and Justice
Semester: 6
Credits: 2
Prerequisite: None
Prerequisite Status: unknown
Source Sheet: Law Minor
Source Row: 4","{""minor"": ""Law Minor"", ""batch"": ""2023"", ""course_code"": ""LAWE200"", ""course_title"": ""Moral Philosophy and Justice"", ""semester"": 6, ""credits"": 2, ""source_sheet"": ""Law Minor"", ""source_row"": 4}"
MINOR_3,MINOR_COURSE,"Minor: Law Minor
Batch: 2023
Course Code: LAWC410
Source Course Code: LAWC410
Course Title: Introduction to Alternative Dispute Resolution Methods
Semester: 6
Credits: 3
Prerequisite: None
Prerequisite Status: unknown
Source Sheet: Law Minor
Source Row: 5","{""minor"": ""Law Minor"", ""batch"": ""2023"", ""course_code"": ""LAWC410"", ""course_title"": ""Introduction to Alternative Dispute Resolution Methods"", ""semester"": 6, ""credits"": 3, ""source_sheet"": ""Law Minor"", ""source_row"": 5}"
MINOR_4,MINOR_COURSE,"Minor: Law Minor
Batch: 2023
Course Code: LAWB210
Source Course Code: LAWB210
Course Title: Criminology and Victimology
Semester: 6
Credits: 4
Prerequisite: None
Prerequisite Status: unknown
Source Sheet: Law Minor
Source Row: 6","{""minor"": ""Law Minor"", ""batch"": ""2023"", ""course_code"": ""LAWB210"", ""course_title"": ""Criminology and Victimology"", ""semester"": 6, ""credits"": 4, ""source_sheet"": ""Law Minor"", ""source_row"": 6}"
MINOR_5,MINOR_COURSE,"Minor: Law Minor
Batch: 2023
Course Code: LAWM306
Source Course Code: LAWM306
Course Title: Law Relating to start-ups
Semester: 7
Credits: 4
Prerequisite: None
Prerequisite Status: unknown
Source Sheet: Law Minor
Source Row: 7","{""minor"": ""Law Minor"", ""batch"": ""2023"", ""course_code"": ""LAWM306"", ""course_title"": ""Law Relating to start-ups"", ""semester"": 7, ""credits"": 4, ""source_sheet"": ""Law Minor"", ""source_row"": 7}"
MINOR_6,MINOR_COURSE,"Minor: Law Minor
Batch: 2023
Course Code: LAWE301
Source Course Code: LAWE301
Course Title: Intellectual Property Rights
Semester: 7
Credits: 2
Prerequisite: None
Prerequisite Status: unknown
Source Sheet: Law Minor
Source Row: 8","{""minor"": ""Law Minor"", ""batch"": ""2023"", ""course_code"": ""LAWE301"", ""course_title"": ""Intellectual Property Rights"", ""semester"": 7, ""credits"": 2, ""source_sheet"": ""Law Minor"", ""source_row"": 8}"
MINOR_7,MINOR_COURSE,"Minor: Law Minor
Batch: 2024
Course Code: LAWP100
Source Course Code: LAWP100
Course Title: Political Science I
Semester: 3
Credits: 3
Prerequisite: None
Prerequisite Status: unknown
Source Sheet: Law Minor
Source Row: 11","{""minor"": ""Law Minor"", ""batch"": ""2024"", ""course_code"": ""LAWP100"", ""course_title"": ""Political Science I"", ""semester"": 3, ""credits"": 3, ""source_sheet"": ""Law Minor"", ""source_row"": 11}"
MINOR_8,MINOR_COURSE,"Minor: Law Minor
Batch: 2024
Course Code: LAWS301
Source Course Code: LAWS301
Course Title: Legal Methods
Semester: 3
Credits: 3
Prerequisite: None
Prerequisite Status: unknown
Source Sheet: Law Minor
Source Row: 12","{""minor"": ""Law Minor"", ""batch"": ""2024"", ""course_code"": ""LAWS301"", ""course_title"": ""Legal Methods"", ""semester"": 3, ""credits"": 3, ""source_sheet"": ""Law Minor"", ""source_row"": 12}"
MINOR_9,MINOR_COURSE,"Minor: Law Minor
Batch: 2024
Course Code: LAWM301
Source Course Code: LAWM301
Course Title: Constitution for Citizens
Semester: 4
Credits: 4
Prerequisite: None
Prerequisite Status: unknown
Source Sheet: Law Minor
Source Row: 13","{""minor"": ""Law Minor"", ""batch"": ""2024"", ""course_code"": ""LAWM301"", ""course_title"": ""Constitution for Citizens"", ""semester"": 4, ""credits"": 4, ""source_sheet"": ""Law Minor"", ""source_row"": 13}"
MINOR_10,MINOR_COURSE,"Minor: Law Minor
Batch: 2024
Course Code: LAWM302
Source Course Code: LAWM302
Course Title: Basics of International Law
Semester: 5
Credits: 4
Prerequisite: None
Prerequisite Status: unknown
Source Sheet: Law Minor
Source Row: 14","{""minor"": ""Law Minor"", ""batch"": ""2024"", ""course_code"": ""LAWM302"", ""course_title"": ""Basics of International Law"", ""semester"": 5, ""credits"": 4, ""source_sheet"": ""Law Minor"", ""source_row"": 14}"
MINOR_11,MINOR_COURSE,"Minor: Law Minor
Batch: 2025
Course Code: LAWS301
Source Course Code: LAWS301
Course Title: Legal Methods
Semester: 3
Credits: 3
Prerequisite: None
Prerequisite Status: unknown
Source Sheet: Law Minor
Source Row: 17","{""minor"": ""Law Minor"", ""batch"": ""2025"", ""course_code"": ""LAWS301"", ""course_title"": ""Legal Methods"", ""semester"": 3, ""credits"": 3, ""source_sheet"": ""Law Minor"", ""source_row"": 17}"
MINOR_12,MINOR_COURSE,"Minor: Law Minor
Batch: 2025
Course Code: LAWP101
Source Course Code: LAWP101
Course Title: Introduction to Political science
Semester: 2
Credits: 4
Prerequisite: None
Prerequisite Status: unknown
Source Sheet: Law Minor
Source Row: 18","{""minor"": ""Law Minor"", ""batch"": ""2025"", ""course_code"": ""LAWP101"", ""course_title"": ""Introduction to Political science"", ""semester"": 2, ""credits"": 4, ""source_sheet"": ""Law Minor"", ""source_row"": 18}"
MINOR_13,MINOR_COURSE,"Minor: Design Minor
Batch: 2022
Course Code: CDES105
Source Course Code: CDES105
Course Title: Appreciating and Deconstructing Art and Media
Semester: 3
Credits: 3
Prerequisite: None
Prerequisite Status: unknown
Source Sheet: Design Minor
Source Row: 2","{""minor"": ""Design Minor"", ""batch"": ""2022"", ""course_code"": ""CDES105"", ""course_title"": ""Appreciating and Deconstructing Art and Media"", ""semester"": 3, ""credits"": 3, ""source_sheet"": ""Design Minor"", ""source_row"": 2}"
MINOR_14,MINOR_COURSE,"Minor: Design Minor
Batch: 2022
Course Code: CDES203
Source Course Code: CDES203
Course Title: Motion Graphic Design
Semester: 5
Credits: 2
Prerequisite: None
Prerequisite Status: unknown
Source Sheet: Design Minor
Source Row: 3","{""minor"": ""Design Minor"", ""batch"": ""2022"", ""course_code"": ""CDES203"", ""course_title"": ""Motion Graphic Design"", ""semester"": 5, ""credits"": 2, ""source_sheet"": ""Design Minor"", ""source_row"": 3}"
MINOR_15,MINOR_COURSE,"Minor: Design Minor
Batch: 2022
Course Code: CDES504
Source Course Code: CDES504
Course Title: Environment Design and Communication
Semester: 5
Credits: 2
Prerequisite: None
Prerequisite Status: unknown
Source Sheet: Design Minor
Source Row: 4","{""minor"": ""Design Minor"", ""batch"": ""2022"", ""course_code"": ""CDES504"", ""course_title"": ""Environment Design and Communication"", ""semester"": 5, ""credits"": 2, ""source_sheet"": ""Design Minor"", ""source_row"": 4}"
MINOR_16,MINOR_COURSE,"Minor: Design Minor
Batch: 2022
Course Code: CDES704
Source Course Code: CDES704
Course Title: Integrative Studio VI- Exhibition/Museum
Semester: 6
Credits: 4
Prerequisite: None
Prerequisite Status: unknown
Source Sheet: Design Minor
Source Row: 5","{""minor"": ""Design Minor"", ""batch"": ""2022"", ""course_code"": ""CDES704"", ""course_title"": ""Integrative Studio VI- Exhibition/Museum"", ""semester"": 6, ""credits"": 4, ""source_sheet"": ""Design Minor"", ""source_row"": 5}"
MINOR_17,MINOR_COURSE,"Minor: Design Minor
Batch: 2022
Course Code: CDES402
Source Course Code: CDES402
Course Title: Interaction Design- UI UX
Semester: 6
Credits: 4
Prerequisite: None
Prerequisite Status: unknown
Source Sheet: Design Minor
Source Row: 6","{""minor"": ""Design Minor"", ""batch"": ""2022"", ""course_code"": ""CDES402"", ""course_title"": ""Interaction Design- UI UX"", ""semester"": 6, ""credits"": 4, ""source_sheet"": ""Design Minor"", ""source_row"": 6}"
MINOR_18,MINOR_COURSE,"Minor: Design Minor
Batch: 2022
Course Code: CDES216
Source Course Code: CDES216
Course Title: Drawing and Moving Images
Semester: 7
Credits: 2
Prerequisite: None
Prerequisite Status: unknown
Source Sheet: Design Minor
Source Row: 7","{""minor"": ""Design Minor"", ""batch"": ""2022"", ""course_code"": ""CDES216"", ""course_title"": ""Drawing and Moving Images"", ""semester"": 7, ""credits"": 2, ""source_sheet"": ""Design Minor"", ""source_row"": 7}"
MINOR_19,MINOR_COURSE,"Minor: Design Minor
Batch: 2022
Course Code: CDES712
Source Course Code: CDES712
Course Title: Designing Futures
Semester: 7
Credits: 3
Prerequisite: None
Prerequisite Status: unknown
Source Sheet: Design Minor
Source Row: 8","{""minor"": ""Design Minor"", ""batch"": ""2022"", ""course_code"": ""CDES712"", ""course_title"": ""Designing Futures"", ""semester"": 7, ""credits"": 3, ""source_sheet"": ""Design Minor"", ""source_row"": 8}"
MINOR_20,MINOR_COURSE,"Minor: Design Minor
Batch: 2023
Course Code: CDES105
Source Course Code: CDES105
Course Title: Appreciating and Deconstructing Art and Media
Semester: 3
Credits: 3
Prerequisite: None
Prerequisite Status: unknown
Source Sheet: Design Minor
Source Row: 11","{""minor"": ""Design Minor"", ""batch"": ""2023"", ""course_code"": ""CDES105"", ""course_title"": ""Appreciating and Deconstructing Art and Media"", ""semester"": 3, ""credits"": 3, ""source_sheet"": ""Design Minor"", ""source_row"": 11}"
MINOR_21,MINOR_COURSE,"Minor: Design Minor
Batch: 2023
Course Code: CDES702
Source Course Code: CDES702
Course Title: Integrative Studio II- Sensemaking, Visualization
Semester: 4
Credits: 4
Prerequisite: None
Prerequisite Status: unknown
Source Sheet: Design Minor
Source Row: 12","{""minor"": ""Design Minor"", ""batch"": ""2023"", ""course_code"": ""CDES702"", ""course_title"": ""Integrative Studio II- Sensemaking, Visualization"", ""semester"": 4, ""credits"": 4, ""source_sheet"": ""Design Minor"", ""source_row"": 12}"
MINOR_22,MINOR_COURSE,"Minor: Design Minor
Batch: 2023
Course Code: CDES221
Source Course Code: CDES221
Course Title: Information Architecture and Design
Semester: 5
Credits: 4
Prerequisite: None
Prerequisite Status: unknown
Source Sheet: Design Minor
Source Row: 13","{""minor"": ""Design Minor"", ""batch"": ""2023"", ""course_code"": ""CDES221"", ""course_title"": ""Information Architecture and Design"", ""semester"": 5, ""credits"": 4, ""source_sheet"": ""Design Minor"", ""source_row"": 13}"
MINOR_23,MINOR_COURSE,"Minor: Design Minor
Batch: 2023
Course Code: CDES219
Source Course Code: CDES219
Course Title: Elements of Sound
Semester: 6
Credits: 4
Prerequisite: None
Prerequisite Status: unknown
Source Sheet: Design Minor
Source Row: 14","{""minor"": ""Design Minor"", ""batch"": ""2023"", ""course_code"": ""CDES219"", ""course_title"": ""Elements of Sound"", ""semester"": 6, ""credits"": 4, ""source_sheet"": ""Design Minor"", ""source_row"": 14}"
MINOR_24,MINOR_COURSE,"Minor: Design Minor
Batch: 2023
Course Code: CDES301
Source Course Code: CDES301
Course Title: Sketch to Story
Semester: 6
Credits: 4
Prerequisite: None
Prerequisite Status: unknown
Source Sheet: Design Minor
Source Row: 15","{""minor"": ""Design Minor"", ""batch"": ""2023"", ""course_code"": ""CDES301"", ""course_title"": ""Sketch to Story"", ""semester"": 6, ""credits"": 4, ""source_sheet"": ""Design Minor"", ""source_row"": 15}"
MINOR_25,MINOR_COURSE,"Minor: Design Minor
Batch: 2023
Course Code: CDES312
Source Course Code: CDES312
Course Title: Designing Futures
Semester: 7
Credits: 5
Prerequisite: None
Prerequisite Status: unknown
Source Sheet: Design Minor
Source Row: 16","{""minor"": ""Design Minor"", ""batch"": ""2023"", ""course_code"": ""CDES312"", ""course_title"": ""Designing Futures"", ""semester"": 7, ""credits"": 5, ""source_sheet"": ""Design Minor"", ""source_row"": 16}"
MINOR_26,MINOR_COURSE,"Minor: Design Minor
Batch: 2024
Course Code: CDES217
Source Course Code: CDES217
Course Title: Making with Reframed Media
Semester: 3
Credits: 4
Prerequisite: None
Prerequisite Status: unknown
Source Sheet: Design Minor
Source Row: 18","{""minor"": ""Design Minor"", ""batch"": ""2024"", ""course_code"": ""CDES217"", ""course_title"": ""Making with Reframed Media"", ""semester"": 3, ""credits"": 4, ""source_sheet"": ""Design Minor"", ""source_row"": 18}"
MINOR_27,MINOR_COURSE,"Minor: Design Minor
Batch: 2024
Course Code: CDES218
Source Course Code: CDES218
Course Title: Frames and Frequencies
Semester: 4
Credits: 4
Prerequisite: None
Prerequisite Status: unknown
Source Sheet: Design Minor
Source Row: 19","{""minor"": ""Design Minor"", ""batch"": ""2024"", ""course_code"": ""CDES218"", ""course_title"": ""Frames and Frequencies"", ""semester"": 4, ""credits"": 4, ""source_sheet"": ""Design Minor"", ""source_row"": 19}"
MINOR_28,MINOR_COURSE,"Minor: Design Minor
Batch: 2024
Course Code: CDES221
Source Course Code: CDES221
Course Title: Information Architecture and Design
Semester: 5
Credits: 4
Prerequisite: None
Prerequisite Status: unknown
Source Sheet: Design Minor
Source Row: 20","{""minor"": ""Design Minor"", ""batch"": ""2024"", ""course_code"": ""CDES221"", ""course_title"": ""Information Architecture and Design"", ""semester"": 5, ""credits"": 4, ""source_sheet"": ""Design Minor"", ""source_row"": 20}"
MINOR_29,MINOR_COURSE,"Minor: Design Minor
Batch: 2024
Course Code: CDES227
Source Course Code: CDES227
Course Title: Drawing and Moving Image
Semester: 5
Credits: 4
Prerequisite: None
Prerequisite Status: unknown
Source Sheet: Design Minor
Source Row: 21","{""minor"": ""Design Minor"", ""batch"": ""2024"", ""course_code"": ""CDES227"", ""course_title"": ""Drawing and Moving Image"", ""semester"": 5, ""credits"": 4, ""source_sheet"": ""Design Minor"", ""source_row"": 21}"
MINOR_30,MINOR_COURSE,"Minor: Design Minor
Batch: 2025
Course Code: CDES217
Source Course Code: CDES217
Course Title: Making with Reframed Media
Semester: 3
Credits: 4
Prerequisite: None
Prerequisite Status: unknown
Source Sheet: Design Minor
Source Row: 25","{""minor"": ""Design Minor"", ""batch"": ""2025"", ""course_code"": ""CDES217"", ""course_title"": ""Making with Reframed Media"", ""semester"": 3, ""credits"": 4, ""source_sheet"": ""Design Minor"", ""source_row"": 25}"
MINOR_31,MINOR_COURSE,"Minor: Psychology
Batch: 2022
Course Code: PSYC201
Source Course Code: PSYC201
Course Title: Biological Psychology
Semester: 3
Credits: 4
Prerequisite: None
Prerequisite Status: unknown
Source Sheet: Psychology
Source Row: 2","{""minor"": ""Psychology"", ""batch"": ""2022"", ""course_code"": ""PSYC201"", ""course_title"": ""Biological Psychology"", ""semester"": 3, ""credits"": 4, ""source_sheet"": ""Psychology"", ""source_row"": 2}"
MINOR_32,MINOR_COURSE,"Minor: Psychology
Batch: 2022
Course Code: PSYC202
Source Course Code: PSYC202
Course Title: Cognitive Psychology
Semester: 4
Credits: 4
Prerequisite: None
Prerequisite Status: unknown
Source Sheet: Psychology
Source Row: 3","{""minor"": ""Psychology"", ""batch"": ""2022"", ""course_code"": ""PSYC202"", ""course_title"": ""Cognitive Psychology"", ""semester"": 4, ""credits"": 4, ""source_sheet"": ""Psychology"", ""source_row"": 3}"
MINOR_33,MINOR_COURSE,"Minor: Psychology
Batch: 2022
Course Code: PSYC255
Source Course Code: PSYC255
Course Title: Psychopathology
Semester: 5
Credits: 4
Prerequisite: None
Prerequisite Status: unknown
Source Sheet: Psychology
Source Row: 4","{""minor"": ""Psychology"", ""batch"": ""2022"", ""course_code"": ""PSYC255"", ""course_title"": ""Psychopathology"", ""semester"": 5, ""credits"": 4, ""source_sheet"": ""Psychology"", ""source_row"": 4}"
MINOR_34,MINOR_COURSE,"Minor: Psychology
Batch: 2022
Course Code: PSYC241
Source Course Code: PSYC241
Course Title: Social Psychology
Semester: 6
Credits: 4
Prerequisite: None
Prerequisite Status: unknown
Source Sheet: Psychology
Source Row: 5","{""minor"": ""Psychology"", ""batch"": ""2022"", ""course_code"": ""PSYC241"", ""course_title"": ""Social Psychology"", ""semester"": 6, ""credits"": 4, ""source_sheet"": ""Psychology"", ""source_row"": 5}"
MINOR_35,MINOR_COURSE,"Minor: Psychology
Batch: 2022
Course Code: PSYC204
Source Course Code: PSYC204
Course Title: Developmental Psychology
Semester: 6
Credits: 4
Prerequisite: None
Prerequisite Status: unknown
Source Sheet: Psychology
Source Row: 6","{""minor"": ""Psychology"", ""batch"": ""2022"", ""course_code"": ""PSYC204"", ""course_title"": ""Developmental Psychology"", ""semester"": 6, ""credits"": 4, ""source_sheet"": ""Psychology"", ""source_row"": 6}"
MINOR_36,MINOR_COURSE,"Minor: Psychology
Batch: 2022
Course Code: PSYC303
Source Course Code: PSYC303
Course Title: Psychological Testing and Measurement
Semester: 7
Credits: 4
Prerequisite: None
Prerequisite Status: unknown
Source Sheet: Psychology
Source Row: 7","{""minor"": ""Psychology"", ""batch"": ""2022"", ""course_code"": ""PSYC303"", ""course_title"": ""Psychological Testing and Measurement"", ""semester"": 7, ""credits"": 4, ""source_sheet"": ""Psychology"", ""source_row"": 7}"
MINOR_37,MINOR_COURSE,"Minor: Psychology
Batch: 2023
Course Code: PSYC201
Source Course Code: PSYC201
Course Title: Biological Psychology
Semester: 3
Credits: 4
Prerequisite: None
Prerequisite Status: unknown
Source Sheet: Psychology
Source Row: 9","{""minor"": ""Psychology"", ""batch"": ""2023"", ""course_code"": ""PSYC201"", ""course_title"": ""Biological Psychology"", ""semester"": 3, ""credits"": 4, ""source_sheet"": ""Psychology"", ""source_row"": 9}"
MINOR_38,MINOR_COURSE,"Minor: Psychology
Batch: 2023
Course Code: PSYC202
Source Course Code: PSYC202
Course Title: Cognitive Psychology
Semester: 4
Credits: 4
Prerequisite: None
Prerequisite Status: unknown
Source Sheet: Psychology
Source Row: 10","{""minor"": ""Psychology"", ""batch"": ""2023"", ""course_code"": ""PSYC202"", ""course_title"": ""Cognitive Psychology"", ""semester"": 4, ""credits"": 4, ""source_sheet"": ""Psychology"", ""source_row"": 10}"
MINOR_39,MINOR_COURSE,"Minor: Psychology
Batch: 2023
Course Code: PSYC104
Source Course Code: PSYC104
Course Title: Lifespan Development I
Semester: 5
Credits: 4
Prerequisite: None
Prerequisite Status: unknown
Source Sheet: Psychology
Source Row: 11","{""minor"": ""Psychology"", ""batch"": ""2023"", ""course_code"": ""PSYC104"", ""course_title"": ""Lifespan Development I"", ""semester"": 5, ""credits"": 4, ""source_sheet"": ""Psychology"", ""source_row"": 11}"
MINOR_40,MINOR_COURSE,"Minor: Psychology
Batch: 2023
Course Code: PSYC241
Source Course Code: PSYC241
Course Title: Social Psychology
Semester: 6
Credits: 4
Prerequisite: None
Prerequisite Status: unknown
Source Sheet: Psychology
Source Row: 12","{""minor"": ""Psychology"", ""batch"": ""2023"", ""course_code"": ""PSYC241"", ""course_title"": ""Social Psychology"", ""semester"": 6, ""credits"": 4, ""source_sheet"": ""Psychology"", ""source_row"": 12}"
MINOR_41,MINOR_COURSE,"Minor: Psychology
Batch: 2023
Course Code: PSYC306
Source Course Code: PSYC306
Course Title: Health Psychology
Semester: 6
Credits: 4
Prerequisite: None
Prerequisite Status: unknown
Source Sheet: Psychology
Source Row: 13","{""minor"": ""Psychology"", ""batch"": ""2023"", ""course_code"": ""PSYC306"", ""course_title"": ""Health Psychology"", ""semester"": 6, ""credits"": 4, ""source_sheet"": ""Psychology"", ""source_row"": 13}"
MINOR_42,MINOR_COURSE,"Minor: Psychology
Batch: 2023
Course Code: PSYC255
Source Course Code: PSYC255
Course Title: Psychopathology
Semester: 7
Credits: 4
Prerequisite: None
Prerequisite Status: unknown
Source Sheet: Psychology
Source Row: 14","{""minor"": ""Psychology"", ""batch"": ""2023"", ""course_code"": ""PSYC255"", ""course_title"": ""Psychopathology"", ""semester"": 7, ""credits"": 4, ""source_sheet"": ""Psychology"", ""source_row"": 14}"
MINOR_43,MINOR_COURSE,"Minor: Psychology
Batch: 2024
Course Code: PSYC201/PSYC103
Source Course Code: PSYC201/ PSYC103
Course Title: Biological Psychology/ Foundations of Psychology I
Semester: 3
Credits: 4
Prerequisite: None
Prerequisite Status: unknown
Source Sheet: Psychology
Source Row: 16","{""minor"": ""Psychology"", ""batch"": ""2024"", ""course_code"": ""PSYC201/PSYC103"", ""course_title"": ""Biological Psychology/ Foundations of Psychology I"", ""semester"": 3, ""credits"": 4, ""source_sheet"": ""Psychology"", ""source_row"": 16}"
MINOR_44,MINOR_COURSE,"Minor: Psychology
Batch: 2024
Course Code: PSYC202
Source Course Code: PSYC202
Course Title: Cognitive Psychology
Semester: 4
Credits: 4
Prerequisite: None
Prerequisite Status: unknown
Source Sheet: Psychology
Source Row: 17","{""minor"": ""Psychology"", ""batch"": ""2024"", ""course_code"": ""PSYC202"", ""course_title"": ""Cognitive Psychology"", ""semester"": 4, ""credits"": 4, ""source_sheet"": ""Psychology"", ""source_row"": 17}"
MINOR_45,MINOR_COURSE,"Minor: Psychology
Batch: 2024
Course Code: PSYC241
Source Course Code: PSYC241
Course Title: Social Psychology
Semester: 5
Credits: 4
Prerequisite: None
Prerequisite Status: unknown
Source Sheet: Psychology
Source Row: 18","{""minor"": ""Psychology"", ""batch"": ""2024"", ""course_code"": ""PSYC241"", ""course_title"": ""Social Psychology"", ""semester"": 5, ""credits"": 4, ""source_sheet"": ""Psychology"", ""source_row"": 18}"
MINOR_46,MINOR_COURSE,"Minor: Psychology
Batch: 2024
Course Code: PSYC306
Source Course Code: PSYC306
Course Title: Health Psychology
Semester: 6
Credits: 4
Prerequisite: None
Prerequisite Status: unknown
Source Sheet: Psychology
Source Row: 19","{""minor"": ""Psychology"", ""batch"": ""2024"", ""course_code"": ""PSYC306"", ""course_title"": ""Health Psychology"", ""semester"": 6, ""credits"": 4, ""source_sheet"": ""Psychology"", ""source_row"": 19}"
MINOR_47,MINOR_COURSE,"Minor: Psychology
Batch: 2024
Course Code: PSYC104
Source Course Code: PSYC104
Course Title: Lifespan Development I
Semester: 6
Credits: 4
Prerequisite: None
Prerequisite Status: unknown
Source Sheet: Psychology
Source Row: 20","{""minor"": ""Psychology"", ""batch"": ""2024"", ""course_code"": ""PSYC104"", ""course_title"": ""Lifespan Development I"", ""semester"": 6, ""credits"": 4, ""source_sheet"": ""Psychology"", ""source_row"": 20}"
MINOR_48,MINOR_COURSE,"Minor: Psychology
Batch: 2024
Course Code: PSYC255
Source Course Code: PSYC255
Course Title: Psychopathology
Semester: 7
Credits: 4
Prerequisite: None
Prerequisite Status: unknown
Source Sheet: Psychology
Source Row: 21","{""minor"": ""Psychology"", ""batch"": ""2024"", ""course_code"": ""PSYC255"", ""course_title"": ""Psychopathology"", ""semester"": 7, ""credits"": 4, ""source_sheet"": ""Psychology"", ""source_row"": 21}"
MINOR_49,MINOR_COURSE,"Minor: Psychology
Batch: 2025
Course Code: PSYC201/PSYC103
Source Course Code: PSYC201/ PSYC103
Course Title: Biological Psychology/ Foundations of Psychology I
Semester: 3
Credits: 4
Prerequisite: None
Prerequisite Status: unknown
Source Sheet: Psychology
Source Row: 23","{""minor"": ""Psychology"", ""batch"": ""2025"", ""course_code"": ""PSYC201/PSYC103"", ""course_title"": ""Biological Psychology/ Foundations of Psychology I"", ""semester"": 3, ""credits"": 4, ""source_sheet"": ""Psychology"", ""source_row"": 23}"
MINOR_50,MINOR_COURSE,"Minor: Psychology
Batch: 2025
Course Code: PSYC202
Source Course Code: PSYC202
Course Title: Cognitive Psychology
Semester: 4
Credits: 4
Prerequisite: None
Prerequisite Status: unknown
Source Sheet: Psychology
Source Row: 24","{""minor"": ""Psychology"", ""batch"": ""2025"", ""course_code"": ""PSYC202"", ""course_title"": ""Cognitive Psychology"", ""semester"": 4, ""credits"": 4, ""source_sheet"": ""Psychology"", ""source_row"": 24}"
MINOR_51,MINOR_COURSE,"Minor: Psychology
Batch: 2025
Course Code: PSYC241
Source Course Code: PSYC241
Course Title: Social Psychology
Semester: 5
Credits: 4
Prerequisite: None
Prerequisite Status: unknown
Source Sheet: Psychology
Source Row: 25","{""minor"": ""Psychology"", ""batch"": ""2025"", ""course_code"": ""PSYC241"", ""course_title"": ""Social Psychology"", ""semester"": 5, ""credits"": 4, ""source_sheet"": ""Psychology"", ""source_row"": 25}"
MINOR_52,MINOR_COURSE,"Minor: Psychology
Batch: 2025
Course Code: PSYC306
Source Course Code: PSYC306
Course Title: Health Psychology
Semester: 6
Credits: 4
Prerequisite: None
Prerequisite Status: unknown
Source Sheet: Psychology
Source Row: 26","{""minor"": ""Psychology"", ""batch"": ""2025"", ""course_code"": ""PSYC306"", ""course_title"": ""Health Psychology"", ""semester"": 6, ""credits"": 4, ""source_sheet"": ""Psychology"", ""source_row"": 26}"
MINOR_53,MINOR_COURSE,"Minor: Psychology
Batch: 2025
Course Code: PSYC104
Source Course Code: PSYC104
Course Title: Lifespan Development I
Semester: 6
Credits: 4
Prerequisite: None
Prerequisite Status: unknown
Source Sheet: Psychology
Source Row: 27","{""minor"": ""Psychology"", ""batch"": ""2025"", ""course_code"": ""PSYC104"", ""course_title"": ""Lifespan Development I"", ""semester"": 6, ""credits"": 4, ""source_sheet"": ""Psychology"", ""source_row"": 27}"
MINOR_54,MINOR_COURSE,"Minor: Psychology
Batch: 2025
Course Code: PSYC255
Source Course Code: PSYC255
Course Title: Psychopathology
Semester: 7
Credits: 4
Prerequisite: None
Prerequisite Status: unknown
Source Sheet: Psychology
Source Row: 28","{""minor"": ""Psychology"", ""batch"": ""2025"", ""course_code"": ""PSYC255"", ""course_title"": ""Psychopathology"", ""semester"": 7, ""credits"": 4, ""source_sheet"": ""Psychology"", ""source_row"": 28}"
MINOR_55,MINOR_COURSE,"Minor: Psychology
Batch: 2026
Course Code: PSYC201/PSYC103
Source Course Code: PSYC201/ PSYC103
Course Title: Biological Psychology/ Foundations of Psychology I
Semester: 3
Credits: 4
Prerequisite: None
Prerequisite Status: unknown
Source Sheet: Psychology
Source Row: 30","{""minor"": ""Psychology"", ""batch"": ""2026"", ""course_code"": ""PSYC201/PSYC103"", ""course_title"": ""Biological Psychology/ Foundations of Psychology I"", ""semester"": 3, ""credits"": 4, ""source_sheet"": ""Psychology"", ""source_row"": 30}"
MINOR_56,MINOR_COURSE,"Minor: Psychology
Batch: 2026
Course Code: PSYC202
Source Course Code: PSYC202
Course Title: Cognitive Psychology
Semester: 4
Credits: 4
Prerequisite: None
Prerequisite Status: unknown
Source Sheet: Psychology
Source Row: 31","{""minor"": ""Psychology"", ""batch"": ""2026"", ""course_code"": ""PSYC202"", ""course_title"": ""Cognitive Psychology"", ""semester"": 4, ""credits"": 4, ""source_sheet"": ""Psychology"", ""source_row"": 31}"
MINOR_57,MINOR_COURSE,"Minor: Psychology
Batch: 2026
Course Code: PSYC241
Source Course Code: PSYC241
Course Title: Social Psychology
Semester: 5
Credits: 4
Prerequisite: None
Prerequisite Status: unknown
Source Sheet: Psychology
Source Row: 32","{""minor"": ""Psychology"", ""batch"": ""2026"", ""course_code"": ""PSYC241"", ""course_title"": ""Social Psychology"", ""semester"": 5, ""credits"": 4, ""source_sheet"": ""Psychology"", ""source_row"": 32}"
MINOR_58,MINOR_COURSE,"Minor: Psychology
Batch: 2026
Course Code: PSYC306
Source Course Code: PSYC306
Course Title: Health Psychology
Semester: 6
Credits: 4
Prerequisite: None
Prerequisite Status: unknown
Source Sheet: Psychology
Source Row: 33","{""minor"": ""Psychology"", ""batch"": ""2026"", ""course_code"": ""PSYC306"", ""course_title"": ""Health Psychology"", ""semester"": 6, ""credits"": 4, ""source_sheet"": ""Psychology"", ""source_row"": 33}"
MINOR_59,MINOR_COURSE,"Minor: Psychology
Batch: 2026
Course Code: PSYC104
Source Course Code: PSYC104
Course Title: Lifespan Development I
Semester: 6
Credits: 4
Prerequisite: None
Prerequisite Status: unknown
Source Sheet: Psychology
Source Row: 34","{""minor"": ""Psychology"", ""batch"": ""2026"", ""course_code"": ""PSYC104"", ""course_title"": ""Lifespan Development I"", ""semester"": 6, ""credits"": 4, ""source_sheet"": ""Psychology"", ""source_row"": 34}"
MINOR_60,MINOR_COURSE,"Minor: Psychology
Batch: 2026
Course Code: PSYC255
Source Course Code: PSYC255
Course Title: Psychopathology
Semester: 7
Credits: 4
Prerequisite: None
Prerequisite Status: unknown
Source Sheet: Psychology
Source Row: 35","{""minor"": ""Psychology"", ""batch"": ""2026"", ""course_code"": ""PSYC255"", ""course_title"": ""Psychopathology"", ""semester"": 7, ""credits"": 4, ""source_sheet"": ""Psychology"", ""source_row"": 35}"
MINOR_61,MINOR_COURSE,"Minor: Economics
Batch: 2022
Course Code: ECON201
Source Course Code: ECON201
Course Title: Microeconomics
Semester: 3
Credits: 4
Prerequisite: None
Prerequisite Status: unknown
Source Sheet: Economics
Source Row: 2","{""minor"": ""Economics"", ""batch"": ""2022"", ""course_code"": ""ECON201"", ""course_title"": ""Microeconomics"", ""semester"": 3, ""credits"": 4, ""source_sheet"": ""Economics"", ""source_row"": 2}"
MINOR_62,MINOR_COURSE,"Minor: Economics
Batch: 2022
Course Code: ECON220
Source Course Code: ECON220
Course Title: Behavourial Economics
Semester: 4
Credits: 4
Prerequisite: None
Prerequisite Status: unknown
Source Sheet: Economics
Source Row: 3","{""minor"": ""Economics"", ""batch"": ""2022"", ""course_code"": ""ECON220"", ""course_title"": ""Behavourial Economics"", ""semester"": 4, ""credits"": 4, ""source_sheet"": ""Economics"", ""source_row"": 3}"
MINOR_63,MINOR_COURSE,"Minor: Economics
Batch: 2022
Course Code: ECON207
Source Course Code: ECON207
Course Title: Macroeconomics and Applicants to Indian Economy
Semester: 5
Credits: 4
Prerequisite: None
Prerequisite Status: unknown
Source Sheet: Economics
Source Row: 4","{""minor"": ""Economics"", ""batch"": ""2022"", ""course_code"": ""ECON207"", ""course_title"": ""Macroeconomics and Applicants to Indian Economy"", ""semester"": 5, ""credits"": 4, ""source_sheet"": ""Economics"", ""source_row"": 4}"
MINOR_64,MINOR_COURSE,"Minor: Economics
Batch: 2022
Course Code: ECON413
Source Course Code: ECON413
Course Title: Industrial Economics
Semester: 6
Credits: 4
Prerequisite: None
Prerequisite Status: unknown
Source Sheet: Economics
Source Row: 5","{""minor"": ""Economics"", ""batch"": ""2022"", ""course_code"": ""ECON413"", ""course_title"": ""Industrial Economics"", ""semester"": 6, ""credits"": 4, ""source_sheet"": ""Economics"", ""source_row"": 5}"
MINOR_65,MINOR_COURSE,"Minor: Economics
Batch: 2022
Course Code: ECON325
Source Course Code: ECON325
Course Title: Public Economics
Semester: 6
Credits: 4
Prerequisite: None
Prerequisite Status: unknown
Source Sheet: Economics
Source Row: 6","{""minor"": ""Economics"", ""batch"": ""2022"", ""course_code"": ""ECON325"", ""course_title"": ""Public Economics"", ""semester"": 6, ""credits"": 4, ""source_sheet"": ""Economics"", ""source_row"": 6}"
MINOR_66,MINOR_COURSE,"Minor: Economics
Batch: 2022
Course Code: ECON316
Source Course Code: ECON316
Course Title: Digital Economics
Semester: 7
Credits: 4
Prerequisite: None
Prerequisite Status: unknown
Source Sheet: Economics
Source Row: 7","{""minor"": ""Economics"", ""batch"": ""2022"", ""course_code"": ""ECON316"", ""course_title"": ""Digital Economics"", ""semester"": 7, ""credits"": 4, ""source_sheet"": ""Economics"", ""source_row"": 7}"
MINOR_67,MINOR_COURSE,"Minor: Economics
Batch: 2023
Course Code: ECON201
Source Course Code: ECON201
Course Title: Microeconomics
Semester: 3
Credits: 4
Prerequisite: None
Prerequisite Status: unknown
Source Sheet: Economics
Source Row: 9","{""minor"": ""Economics"", ""batch"": ""2023"", ""course_code"": ""ECON201"", ""course_title"": ""Microeconomics"", ""semester"": 3, ""credits"": 4, ""source_sheet"": ""Economics"", ""source_row"": 9}"
MINOR_68,MINOR_COURSE,"Minor: Economics
Batch: 2023
Course Code: ECON209
Source Course Code: ECON209
Course Title: Macroeconomics I
Semester: 4
Credits: 4
Prerequisite: None
Prerequisite Status: unknown
Source Sheet: Economics
Source Row: 10","{""minor"": ""Economics"", ""batch"": ""2023"", ""course_code"": ""ECON209"", ""course_title"": ""Macroeconomics I"", ""semester"": 4, ""credits"": 4, ""source_sheet"": ""Economics"", ""source_row"": 10}"
MINOR_69,MINOR_COURSE,"Minor: Economics
Batch: 2023
Course Code: ECON316
Source Course Code: ECON316
Course Title: Digital Economics
Semester: 5
Credits: 4
Prerequisite: None
Prerequisite Status: unknown
Source Sheet: Economics
Source Row: 11","{""minor"": ""Economics"", ""batch"": ""2023"", ""course_code"": ""ECON316"", ""course_title"": ""Digital Economics"", ""semester"": 5, ""credits"": 4, ""source_sheet"": ""Economics"", ""source_row"": 11}"
MINOR_70,MINOR_COURSE,"Minor: Economics
Batch: 2023
Course Code: ECON315
Source Course Code: ECON315
Course Title: Indian Economy
Semester: 6
Credits: 4
Prerequisite: None
Prerequisite Status: unknown
Source Sheet: Economics
Source Row: 12","{""minor"": ""Economics"", ""batch"": ""2023"", ""course_code"": ""ECON315"", ""course_title"": ""Indian Economy"", ""semester"": 6, ""credits"": 4, ""source_sheet"": ""Economics"", ""source_row"": 12}"
MINOR_71,MINOR_COURSE,"Minor: Economics
Batch: 2023
Course Code: ECON322
Source Course Code: ECON322
Course Title: Economics of Health and Education
Semester: 6
Credits: 4
Prerequisite: None
Prerequisite Status: unknown
Source Sheet: Economics
Source Row: 13","{""minor"": ""Economics"", ""batch"": ""2023"", ""course_code"": ""ECON322"", ""course_title"": ""Economics of Health and Education"", ""semester"": 6, ""credits"": 4, ""source_sheet"": ""Economics"", ""source_row"": 13}"
MINOR_72,MINOR_COURSE,"Minor: Economics
Batch: 2023
Course Code: ECON301
Source Course Code: ECON301
Course Title: International Economics
Semester: 7
Credits: 4
Prerequisite: None
Prerequisite Status: unknown
Source Sheet: Economics
Source Row: 14","{""minor"": ""Economics"", ""batch"": ""2023"", ""course_code"": ""ECON301"", ""course_title"": ""International Economics"", ""semester"": 7, ""credits"": 4, ""source_sheet"": ""Economics"", ""source_row"": 14}"
MINOR_73,MINOR_COURSE,"Minor: Economics
Batch: 2025
Course Code: ECON208
Source Course Code: ECON208
Course Title: Microeconomics I
Semester: 3
Credits: 4
Prerequisite: None
Prerequisite Status: unknown
Source Sheet: Economics
Source Row: 18","{""minor"": ""Economics"", ""batch"": ""2025"", ""course_code"": ""ECON208"", ""course_title"": ""Microeconomics I"", ""semester"": 3, ""credits"": 4, ""source_sheet"": ""Economics"", ""source_row"": 18}"
MINOR_74,MINOR_COURSE,"Minor: Economics
Batch: 2025
Course Code: ECON209
Source Course Code: ECON209
Course Title: Macroeconomics I
Semester: 4
Credits: 4
Prerequisite: None
Prerequisite Status: unknown
Source Sheet: Economics
Source Row: 19","{""minor"": ""Economics"", ""batch"": ""2025"", ""course_code"": ""ECON209"", ""course_title"": ""Macroeconomics I"", ""semester"": 4, ""credits"": 4, ""source_sheet"": ""Economics"", ""source_row"": 19}"
MINOR_75,MINOR_COURSE,"Minor: Economics
Batch: 2025
Course Code: ECON316
Source Course Code: ECON316
Course Title: Digital Economics
Semester: 5
Credits: 4
Prerequisite: None
Prerequisite Status: unknown
Source Sheet: Economics
Source Row: 20","{""minor"": ""Economics"", ""batch"": ""2025"", ""course_code"": ""ECON316"", ""course_title"": ""Digital Economics"", ""semester"": 5, ""credits"": 4, ""source_sheet"": ""Economics"", ""source_row"": 20}"
MINOR_76,MINOR_COURSE,"Minor: Economics
Batch: 2025
Course Code: ECON315
Source Course Code: ECON315
Course Title: Indian Economy
Semester: 6
Credits: 4
Prerequisite: None
Prerequisite Status: unknown
Source Sheet: Economics
Source Row: 21","{""minor"": ""Economics"", ""batch"": ""2025"", ""course_code"": ""ECON315"", ""course_title"": ""Indian Economy"", ""semester"": 6, ""credits"": 4, ""source_sheet"": ""Economics"", ""source_row"": 21}"
MINOR_77,MINOR_COURSE,"Minor: Economics
Batch: 2025
Course Code: ECON346
Source Course Code: ECON346
Course Title: Financial Economics
Semester: 6
Credits: 4
Prerequisite: None
Prerequisite Status: unknown
Source Sheet: Economics
Source Row: 22","{""minor"": ""Economics"", ""batch"": ""2025"", ""course_code"": ""ECON346"", ""course_title"": ""Financial Economics"", ""semester"": 6, ""credits"": 4, ""source_sheet"": ""Economics"", ""source_row"": 22}"
MINOR_78,MINOR_COURSE,"Minor: Economics
Batch: 2025
Course Code: ECON301
Source Course Code: ECON301
Course Title: International Economics
Semester: 7
Credits: 4
Prerequisite: None
Prerequisite Status: unknown
Source Sheet: Economics
Source Row: 23","{""minor"": ""Economics"", ""batch"": ""2025"", ""course_code"": ""ECON301"", ""course_title"": ""International Economics"", ""semester"": 7, ""credits"": 4, ""source_sheet"": ""Economics"", ""source_row"": 23}"
MINOR_79,MINOR_COURSE,"Minor: Economics
Batch: 2026
Course Code: ECON208
Source Course Code: ECON208
Course Title: Microeconomics I
Semester: 3
Credits: 4
Prerequisite: None
Prerequisite Status: unknown
Source Sheet: Economics
Source Row: 25","{""minor"": ""Economics"", ""batch"": ""2026"", ""course_code"": ""ECON208"", ""course_title"": ""Microeconomics I"", ""semester"": 3, ""credits"": 4, ""source_sheet"": ""Economics"", ""source_row"": 25}"
MINOR_80,MINOR_COURSE,"Minor: Economics
Batch: 2026
Course Code: ECON209
Source Course Code: ECON209
Course Title: Macroeconomics I
Semester: 4
Credits: 4
Prerequisite: None
Prerequisite Status: unknown
Source Sheet: Economics
Source Row: 26","{""minor"": ""Economics"", ""batch"": ""2026"", ""course_code"": ""ECON209"", ""course_title"": ""Macroeconomics I"", ""semester"": 4, ""credits"": 4, ""source_sheet"": ""Economics"", ""source_row"": 26}"
MINOR_81,MINOR_COURSE,"Minor: Economics
Batch: 2026
Course Code: ECON316
Source Course Code: ECON316
Course Title: Digital Economics
Semester: 5
Credits: 4
Prerequisite: None
Prerequisite Status: unknown
Source Sheet: Economics
Source Row: 27","{""minor"": ""Economics"", ""batch"": ""2026"", ""course_code"": ""ECON316"", ""course_title"": ""Digital Economics"", ""semester"": 5, ""credits"": 4, ""source_sheet"": ""Economics"", ""source_row"": 27}"
MINOR_82,MINOR_COURSE,"Minor: Economics
Batch: 2026
Course Code: ECON315
Source Course Code: ECON315
Course Title: Indian Economy
Semester: 6
Credits: 4
Prerequisite: None
Prerequisite Status: unknown
Source Sheet: Economics
Source Row: 28","{""minor"": ""Economics"", ""batch"": ""2026"", ""course_code"": ""ECON315"", ""course_title"": ""Indian Economy"", ""semester"": 6, ""credits"": 4, ""source_sheet"": ""Economics"", ""source_row"": 28}"
MINOR_83,MINOR_COURSE,"Minor: Economics
Batch: 2026
Course Code: ECON346
Source Course Code: ECON346
Course Title: Financial Economics
Semester: 6
Credits: 4
Prerequisite: None
Prerequisite Status: unknown
Source Sheet: Economics
Source Row: 29","{""minor"": ""Economics"", ""batch"": ""2026"", ""course_code"": ""ECON346"", ""course_title"": ""Financial Economics"", ""semester"": 6, ""credits"": 4, ""source_sheet"": ""Economics"", ""source_row"": 29}"
MINOR_84,MINOR_COURSE,"Minor: Economics
Batch: 2026
Course Code: ECON301
Source Course Code: ECON301
Course Title: International Economics
Semester: 7
Credits: 4
Prerequisite: None
Prerequisite Status: unknown
Source Sheet: Economics
Source Row: 30","{""minor"": ""Economics"", ""batch"": ""2026"", ""course_code"": ""ECON301"", ""course_title"": ""International Economics"", ""semester"": 7, ""credits"": 4, ""source_sheet"": ""Economics"", ""source_row"": 30}"
MINOR_85,MINOR_COURSE,"Minor: Finance
Batch: 2022
Course Code: DON’T KNOW
Source Course Code: DON’T KNOW
Course Title: Financial and Management Accounting (FAMA)
Semester: 3
Credits: 3
Prerequisite: None
Prerequisite Status: unknown
Source Sheet: Finance
Source Row: 3","{""minor"": ""Finance"", ""batch"": ""2022"", ""course_code"": ""DON’T KNOW"", ""course_title"": ""Financial and Management Accounting (FAMA)"", ""semester"": 3, ""credits"": 3, ""source_sheet"": ""Finance"", ""source_row"": 3}"
MINOR_86,MINOR_COURSE,"Minor: Finance
Batch: 2022
Course Code: FINA333
Source Course Code: FINA333
Course Title: Fiancial Institutions Markets and Services
Semester: 4
Credits: 3
Prerequisite: None
Prerequisite Status: unknown
Source Sheet: Finance
Source Row: 4","{""minor"": ""Finance"", ""batch"": ""2022"", ""course_code"": ""FINA333"", ""course_title"": ""Fiancial Institutions Markets and Services"", ""semester"": 4, ""credits"": 3, ""source_sheet"": ""Finance"", ""source_row"": 4}"
MINOR_87,MINOR_COURSE,"Minor: Finance
Batch: 2022
Course Code: MGMT207
Source Course Code: MGMT207
Course Title: Corporate Finance
Semester: 5
Credits: 3
Prerequisite: None
Prerequisite Status: unknown
Source Sheet: Finance
Source Row: 5","{""minor"": ""Finance"", ""batch"": ""2022"", ""course_code"": ""MGMT207"", ""course_title"": ""Corporate Finance"", ""semester"": 5, ""credits"": 3, ""source_sheet"": ""Finance"", ""source_row"": 5}"
MINOR_88,MINOR_COURSE,"Minor: Finance
Batch: 2022
Course Code: MGMT209
Source Course Code: MGMT209
Course Title: Financial Statement Anaylsis
Semester: 6
Credits: 3
Prerequisite: None
Prerequisite Status: unknown
Source Sheet: Finance
Source Row: 6","{""minor"": ""Finance"", ""batch"": ""2022"", ""course_code"": ""MGMT209"", ""course_title"": ""Financial Statement Anaylsis"", ""semester"": 6, ""credits"": 3, ""source_sheet"": ""Finance"", ""source_row"": 6}"
MINOR_89,MINOR_COURSE,"Minor: Finance
Batch: 2022
Course Code: MGMT210
Source Course Code: MGMT210
Course Title: Basics of INVESTMENT MANAGEMENT
Semester: 6
Credits: 4
Prerequisite: None
Prerequisite Status: unknown
Source Sheet: Finance
Source Row: 7","{""minor"": ""Finance"", ""batch"": ""2022"", ""course_code"": ""MGMT210"", ""course_title"": ""Basics of INVESTMENT MANAGEMENT"", ""semester"": 6, ""credits"": 4, ""source_sheet"": ""Finance"", ""source_row"": 7}"
MINOR_90,MINOR_COURSE,"Minor: Finance
Batch: 2022
Course Code: MGMT213
Source Course Code: MGMT213
Course Title: Introduction To Fintech
Semester: 7
Credits: 2
Prerequisite: None
Prerequisite Status: unknown
Source Sheet: Finance
Source Row: 8","{""minor"": ""Finance"", ""batch"": ""2022"", ""course_code"": ""MGMT213"", ""course_title"": ""Introduction To Fintech"", ""semester"": 7, ""credits"": 2, ""source_sheet"": ""Finance"", ""source_row"": 8}"
MINOR_91,MINOR_COURSE,"Minor: Finance
Batch: 2022
Course Code: MGMT323
Source Course Code: MGMT323
Course Title: Basics of Startup Finance
Semester: 7
Credits: 4
Prerequisite: None
Prerequisite Status: unknown
Source Sheet: Finance
Source Row: 9","{""minor"": ""Finance"", ""batch"": ""2022"", ""course_code"": ""MGMT323"", ""course_title"": ""Basics of Startup Finance"", ""semester"": 7, ""credits"": 4, ""source_sheet"": ""Finance"", ""source_row"": 9}"
MINOR_92,MINOR_COURSE,"Minor: Finance
Batch: 2022
Course Code: MGMT203
Source Course Code: MGMT203
Course Title: Business Strategy Simulation
Semester: 7
Credits: 2
Prerequisite: None
Prerequisite Status: unknown
Source Sheet: Finance
Source Row: 10","{""minor"": ""Finance"", ""batch"": ""2022"", ""course_code"": ""MGMT203"", ""course_title"": ""Business Strategy Simulation"", ""semester"": 7, ""credits"": 2, ""source_sheet"": ""Finance"", ""source_row"": 10}"
MINOR_93,MINOR_COURSE,"Minor: Finance
Batch: 2023
Course Code: MGMT208
Source Course Code: MGMT208
Course Title: Introduction to Financial Accounting
Semester: 3
Credits: 3
Prerequisite: None
Prerequisite Status: unknown
Source Sheet: Finance
Source Row: 14","{""minor"": ""Finance"", ""batch"": ""2023"", ""course_code"": ""MGMT208"", ""course_title"": ""Introduction to Financial Accounting"", ""semester"": 3, ""credits"": 3, ""source_sheet"": ""Finance"", ""source_row"": 14}"
MINOR_94,MINOR_COURSE,"Minor: Finance
Batch: 2023
Course Code: FINA333
Source Course Code: FINA333
Course Title: Fiancial Institutions Markets and Services
Semester: 4
Credits: 3
Prerequisite: None
Prerequisite Status: unknown
Source Sheet: Finance
Source Row: 15","{""minor"": ""Finance"", ""batch"": ""2023"", ""course_code"": ""FINA333"", ""course_title"": ""Fiancial Institutions Markets and Services"", ""semester"": 4, ""credits"": 3, ""source_sheet"": ""Finance"", ""source_row"": 15}"
MINOR_95,MINOR_COURSE,"Minor: Finance
Batch: 2023
Course Code: MGMT207
Source Course Code: MGMT207
Course Title: Corporate Finance
Semester: 5
Credits: 3
Prerequisite: None
Prerequisite Status: unknown
Source Sheet: Finance
Source Row: 16","{""minor"": ""Finance"", ""batch"": ""2023"", ""course_code"": ""MGMT207"", ""course_title"": ""Corporate Finance"", ""semester"": 5, ""credits"": 3, ""source_sheet"": ""Finance"", ""source_row"": 16}"
MINOR_96,MINOR_COURSE,"Minor: Finance
Batch: 2023
Course Code: MGMT209
Source Course Code: MGMT209
Course Title: Finacial Statement Analysis
Semester: 6
Credits: 3
Prerequisite: None
Prerequisite Status: unknown
Source Sheet: Finance
Source Row: 17","{""minor"": ""Finance"", ""batch"": ""2023"", ""course_code"": ""MGMT209"", ""course_title"": ""Finacial Statement Analysis"", ""semester"": 6, ""credits"": 3, ""source_sheet"": ""Finance"", ""source_row"": 17}"
MINOR_97,MINOR_COURSE,"Minor: Finance
Batch: 2023
Course Code: MGMT210
Source Course Code: MGMT210
Course Title: Basics of Investment Management
Semester: 6
Credits: 4
Prerequisite: None
Prerequisite Status: unknown
Source Sheet: Finance
Source Row: 18","{""minor"": ""Finance"", ""batch"": ""2023"", ""course_code"": ""MGMT210"", ""course_title"": ""Basics of Investment Management"", ""semester"": 6, ""credits"": 4, ""source_sheet"": ""Finance"", ""source_row"": 18}"
MINOR_98,MINOR_COURSE,"Minor: Finance
Batch: 2023
Course Code: MGMT323
Source Course Code: MGMT323
Course Title: Basics of Startup Finance
Semester: 6
Credits: 4
Prerequisite: None
Prerequisite Status: unknown
Source Sheet: Finance
Source Row: 19","{""minor"": ""Finance"", ""batch"": ""2023"", ""course_code"": ""MGMT323"", ""course_title"": ""Basics of Startup Finance"", ""semester"": 6, ""credits"": 4, ""source_sheet"": ""Finance"", ""source_row"": 19}"
MINOR_99,MINOR_COURSE,"Minor: Finance
Batch: 2023
Course Code: MGMT213
Source Course Code: MGMT213
Course Title: Introduction To Fintech
Semester: 7
Credits: 2
Prerequisite: None
Prerequisite Status: unknown
Source Sheet: Finance
Source Row: 20","{""minor"": ""Finance"", ""batch"": ""2023"", ""course_code"": ""MGMT213"", ""course_title"": ""Introduction To Fintech"", ""semester"": 7, ""credits"": 2, ""source_sheet"": ""Finance"", ""source_row"": 20}"
MINOR_100,MINOR_COURSE,"Minor: Finance
Batch: 2023
Course Code: MGMT307
Source Course Code: MGMT307
Course Title: Strategy & Decision Making
Semester: 7
Credits: 2
Prerequisite: None
Prerequisite Status: unknown
Source Sheet: Finance
Source Row: 21","{""minor"": ""Finance"", ""batch"": ""2023"", ""course_code"": ""MGMT307"", ""course_title"": ""Strategy & Decision Making"", ""semester"": 7, ""credits"": 2, ""source_sheet"": ""Finance"", ""source_row"": 21}"
MINOR_101,MINOR_COURSE,"Minor: Finance
Batch: 2024
Course Code: MGMT208
Source Course Code: MGMT208
Course Title: Introduction to Financial Accounting
Semester: 3
Credits: 3
Prerequisite: None
Prerequisite Status: unknown
Source Sheet: Finance
Source Row: 25","{""minor"": ""Finance"", ""batch"": ""2024"", ""course_code"": ""MGMT208"", ""course_title"": ""Introduction to Financial Accounting"", ""semester"": 3, ""credits"": 3, ""source_sheet"": ""Finance"", ""source_row"": 25}"
MINOR_102,MINOR_COURSE,"Minor: Finance
Batch: 2024
Course Code: FINA333
Source Course Code: FINA333
Course Title: Fiancial Institutions Markets and Services
Semester: 4
Credits: 3
Prerequisite: None
Prerequisite Status: unknown
Source Sheet: Finance
Source Row: 26","{""minor"": ""Finance"", ""batch"": ""2024"", ""course_code"": ""FINA333"", ""course_title"": ""Fiancial Institutions Markets and Services"", ""semester"": 4, ""credits"": 3, ""source_sheet"": ""Finance"", ""source_row"": 26}"
MINOR_103,MINOR_COURSE,"Minor: Finance
Batch: 2024
Course Code: MGMT207
Source Course Code: MGMT207
Course Title: Corporate Finance
Semester: 5
Credits: 3
Prerequisite: None
Prerequisite Status: unknown
Source Sheet: Finance
Source Row: 27","{""minor"": ""Finance"", ""batch"": ""2024"", ""course_code"": ""MGMT207"", ""course_title"": ""Corporate Finance"", ""semester"": 5, ""credits"": 3, ""source_sheet"": ""Finance"", ""source_row"": 27}"
MINOR_104,MINOR_COURSE,"Minor: Finance
Batch: 2024
Course Code: MGMT209
Source Course Code: MGMT209
Course Title: Finacial Statement Analysis
Semester: 5
Credits: 3
Prerequisite: None
Prerequisite Status: unknown
Source Sheet: Finance
Source Row: 28","{""minor"": ""Finance"", ""batch"": ""2024"", ""course_code"": ""MGMT209"", ""course_title"": ""Finacial Statement Analysis"", ""semester"": 5, ""credits"": 3, ""source_sheet"": ""Finance"", ""source_row"": 28}"
MINOR_105,MINOR_COURSE,"Minor: Finance
Batch: 2024
Course Code: MGMT210
Source Course Code: MGMT210
Course Title: Basics of Investment Management
Semester: 6
Credits: 4
Prerequisite: None
Prerequisite Status: unknown
Source Sheet: Finance
Source Row: 29","{""minor"": ""Finance"", ""batch"": ""2024"", ""course_code"": ""MGMT210"", ""course_title"": ""Basics of Investment Management"", ""semester"": 6, ""credits"": 4, ""source_sheet"": ""Finance"", ""source_row"": 29}"
MINOR_106,MINOR_COURSE,"Minor: Finance
Batch: 2024
Course Code: MGMT323
Source Course Code: MGMT323
Course Title: Basics of Startup Finance
Semester: 6
Credits: 4
Prerequisite: None
Prerequisite Status: unknown
Source Sheet: Finance
Source Row: 30","{""minor"": ""Finance"", ""batch"": ""2024"", ""course_code"": ""MGMT323"", ""course_title"": ""Basics of Startup Finance"", ""semester"": 6, ""credits"": 4, ""source_sheet"": ""Finance"", ""source_row"": 30}"
MINOR_107,MINOR_COURSE,"Minor: Finance
Batch: 2024
Course Code: MGMT213
Source Course Code: MGMT213
Course Title: Introduction To Fintech
Semester: 7
Credits: 2
Prerequisite: None
Prerequisite Status: unknown
Source Sheet: Finance
Source Row: 31","{""minor"": ""Finance"", ""batch"": ""2024"", ""course_code"": ""MGMT213"", ""course_title"": ""Introduction To Fintech"", ""semester"": 7, ""credits"": 2, ""source_sheet"": ""Finance"", ""source_row"": 31}"
MINOR_108,MINOR_COURSE,"Minor: Finance
Batch: 2024
Course Code: MGMT307
Source Course Code: MGMT307
Course Title: Strategy & Decision Making
Semester: 7
Credits: 2
Prerequisite: None
Prerequisite Status: unknown
Source Sheet: Finance
Source Row: 32","{""minor"": ""Finance"", ""batch"": ""2024"", ""course_code"": ""MGMT307"", ""course_title"": ""Strategy & Decision Making"", ""semester"": 7, ""credits"": 2, ""source_sheet"": ""Finance"", ""source_row"": 32}"
MINOR_109,MINOR_COURSE,"Minor: Finance
Batch: 2025
Course Code: MGMT330
Source Course Code: MGMT330
Course Title: Introduction to Financial Accounting (R )
Semester: 3
Credits: 4
Prerequisite: None
Prerequisite Status: unknown
Source Sheet: Finance
Source Row: 36","{""minor"": ""Finance"", ""batch"": ""2025"", ""course_code"": ""MGMT330"", ""course_title"": ""Introduction to Financial Accounting (R )"", ""semester"": 3, ""credits"": 4, ""source_sheet"": ""Finance"", ""source_row"": 36}"
MINOR_110,MINOR_COURSE,"Minor: Finance
Batch: 2025
Course Code: NEW
Source Course Code: New
Course Title: Financial Institutions Markets & Services with Fintech (GIVE NEW NAME)
Semester: 4
Credits: 4
Prerequisite: None
Prerequisite Status: unknown
Source Sheet: Finance
Source Row: 37","{""minor"": ""Finance"", ""batch"": ""2025"", ""course_code"": ""NEW"", ""course_title"": ""Financial Institutions Markets & Services with Fintech (GIVE NEW NAME)"", ""semester"": 4, ""credits"": 4, ""source_sheet"": ""Finance"", ""source_row"": 37}"
MINOR_111,MINOR_COURSE,"Minor: Finance
Batch: 2025
Course Code: NEW
Source Course Code: New
Course Title: Corporate Finance New Name
Semester: 5
Credits: 4
Prerequisite: None
Prerequisite Status: unknown
Source Sheet: Finance
Source Row: 38","{""minor"": ""Finance"", ""batch"": ""2025"", ""course_code"": ""NEW"", ""course_title"": ""Corporate Finance New Name"", ""semester"": 5, ""credits"": 4, ""source_sheet"": ""Finance"", ""source_row"": 38}"
MINOR_112,MINOR_COURSE,"Minor: Finance
Batch: 2025
Course Code: MGMT210
Source Course Code: MGMT210
Course Title: Basics of Investment Management
Semester: 6
Credits: 4
Prerequisite: None
Prerequisite Status: unknown
Source Sheet: Finance
Source Row: 39","{""minor"": ""Finance"", ""batch"": ""2025"", ""course_code"": ""MGMT210"", ""course_title"": ""Basics of Investment Management"", ""semester"": 6, ""credits"": 4, ""source_sheet"": ""Finance"", ""source_row"": 39}"
MINOR_113,MINOR_COURSE,"Minor: Finance
Batch: 2025
Course Code: MGMT213
Source Course Code: MGMT213
Course Title: Introduction To Fintech
Semester: 6
Credits: 2
Prerequisite: None
Prerequisite Status: unknown
Source Sheet: Finance
Source Row: 40","{""minor"": ""Finance"", ""batch"": ""2025"", ""course_code"": ""MGMT213"", ""course_title"": ""Introduction To Fintech"", ""semester"": 6, ""credits"": 2, ""source_sheet"": ""Finance"", ""source_row"": 40}"
MINOR_114,MINOR_COURSE,"Minor: Finance
Batch: 2025
Course Code: MGMT323
Source Course Code: MGMT323
Course Title: Basics of Startup Finance
Semester: 7
Credits: 4
Prerequisite: None
Prerequisite Status: unknown
Source Sheet: Finance
Source Row: 41","{""minor"": ""Finance"", ""batch"": ""2025"", ""course_code"": ""MGMT323"", ""course_title"": ""Basics of Startup Finance"", ""semester"": 7, ""credits"": 4, ""source_sheet"": ""Finance"", ""source_row"": 41}"
MINOR_115,MINOR_COURSE,"Minor: Finance
Batch: 2026
Course Code: MGMT330
Source Course Code: MGMT330
Course Title: Introduction to Financial Accounting (R)
Semester: 3
Credits: 4
Prerequisite: None
Prerequisite Status: unknown
Source Sheet: Finance
Source Row: 46","{""minor"": ""Finance"", ""batch"": ""2026"", ""course_code"": ""MGMT330"", ""course_title"": ""Introduction to Financial Accounting (R)"", ""semester"": 3, ""credits"": 4, ""source_sheet"": ""Finance"", ""source_row"": 46}"
MINOR_116,MINOR_COURSE,"Minor: Marketing
Batch: 2022
Course Code: DON’T KNOW
Source Course Code: DON’T KNOW
Course Title: Marketing Management
Semester: 3
Credits: 3
Prerequisite: None
Prerequisite Status: unknown
Source Sheet: Marketing
Source Row: 4","{""minor"": ""Marketing"", ""batch"": ""2022"", ""course_code"": ""DON’T KNOW"", ""course_title"": ""Marketing Management"", ""semester"": 3, ""credits"": 3, ""source_sheet"": ""Marketing"", ""source_row"": 4}"
MINOR_117,MINOR_COURSE,"Minor: Marketing
Batch: 2022
Course Code: MGMT302
Source Course Code: MGMT302
Course Title: Digital and Ecommerce Marketing
Semester: 4
Credits: 4
Prerequisite: None
Prerequisite Status: unknown
Source Sheet: Marketing
Source Row: 5","{""minor"": ""Marketing"", ""batch"": ""2022"", ""course_code"": ""MGMT302"", ""course_title"": ""Digital and Ecommerce Marketing"", ""semester"": 4, ""credits"": 4, ""source_sheet"": ""Marketing"", ""source_row"": 5}"
MINOR_118,MINOR_COURSE,"Minor: Marketing
Batch: 2022
Course Code: MGMT304
Source Course Code: MGMT304
Course Title: Integrated Marketing Communications
Semester: 5
Credits: 3
Prerequisite: None
Prerequisite Status: unknown
Source Sheet: Marketing
Source Row: 6","{""minor"": ""Marketing"", ""batch"": ""2022"", ""course_code"": ""MGMT304"", ""course_title"": ""Integrated Marketing Communications"", ""semester"": 5, ""credits"": 3, ""source_sheet"": ""Marketing"", ""source_row"": 6}"
MINOR_119,MINOR_COURSE,"Minor: Marketing
Batch: 2022
Course Code: MGMT314
Source Course Code: MGMT314
Course Title: Sales and distribution management
Semester: 6
Credits: 4
Prerequisite: None
Prerequisite Status: unknown
Source Sheet: Marketing
Source Row: 7","{""minor"": ""Marketing"", ""batch"": ""2022"", ""course_code"": ""MGMT314"", ""course_title"": ""Sales and distribution management"", ""semester"": 6, ""credits"": 4, ""source_sheet"": ""Marketing"", ""source_row"": 7}"
MINOR_120,MINOR_COURSE,"Minor: Marketing
Batch: 2022
Course Code: MGMT320
Source Course Code: MGMT320
Course Title: Marketing Analytics
Semester: 7
Credits: 2
Prerequisite: None
Prerequisite Status: unknown
Source Sheet: Marketing
Source Row: 8","{""minor"": ""Marketing"", ""batch"": ""2022"", ""course_code"": ""MGMT320"", ""course_title"": ""Marketing Analytics"", ""semester"": 7, ""credits"": 2, ""source_sheet"": ""Marketing"", ""source_row"": 8}"
MINOR_121,MINOR_COURSE,"Minor: Marketing
Batch: 2022
Course Code: MGMT305
Source Course Code: MGMT305
Course Title: Services Marketing
Semester: 7
Credits: 3
Prerequisite: None
Prerequisite Status: unknown
Source Sheet: Marketing
Source Row: 9","{""minor"": ""Marketing"", ""batch"": ""2022"", ""course_code"": ""MGMT305"", ""course_title"": ""Services Marketing"", ""semester"": 7, ""credits"": 3, ""source_sheet"": ""Marketing"", ""source_row"": 9}"
MINOR_122,MINOR_COURSE,"Minor: Marketing
Batch: 2022
Course Code: MGMT211
Source Course Code: MGMT211
Course Title: Brand Management
Semester: 7
Credits: 3
Prerequisite: None
Prerequisite Status: unknown
Source Sheet: Marketing
Source Row: 10","{""minor"": ""Marketing"", ""batch"": ""2022"", ""course_code"": ""MGMT211"", ""course_title"": ""Brand Management"", ""semester"": 7, ""credits"": 3, ""source_sheet"": ""Marketing"", ""source_row"": 10}"
MINOR_123,MINOR_COURSE,"Minor: Marketing
Batch: 2022
Course Code: MGMT203
Source Course Code: MGMT203
Course Title: Business Strategy Simulation
Semester: 7
Credits: 2
Prerequisite: None
Prerequisite Status: unknown
Source Sheet: Marketing
Source Row: 11","{""minor"": ""Marketing"", ""batch"": ""2022"", ""course_code"": ""MGMT203"", ""course_title"": ""Business Strategy Simulation"", ""semester"": 7, ""credits"": 2, ""source_sheet"": ""Marketing"", ""source_row"": 11}"
MINOR_124,MINOR_COURSE,"Minor: Marketing
Batch: 2023
Course Code: MKTG201
Source Course Code: MKTG201
Course Title: Marketing Management
Semester: 3
Credits: 3
Prerequisite: None
Prerequisite Status: unknown
Source Sheet: Marketing
Source Row: 15","{""minor"": ""Marketing"", ""batch"": ""2023"", ""course_code"": ""MKTG201"", ""course_title"": ""Marketing Management"", ""semester"": 3, ""credits"": 3, ""source_sheet"": ""Marketing"", ""source_row"": 15}"
MINOR_125,MINOR_COURSE,"Minor: Marketing
Batch: 2023
Course Code: MGMT302
Source Course Code: MGMT302
Course Title: Digital and Ecommerce Marketing
Semester: 4
Credits: 4
Prerequisite: None
Prerequisite Status: unknown
Source Sheet: Marketing
Source Row: 16","{""minor"": ""Marketing"", ""batch"": ""2023"", ""course_code"": ""MGMT302"", ""course_title"": ""Digital and Ecommerce Marketing"", ""semester"": 4, ""credits"": 4, ""source_sheet"": ""Marketing"", ""source_row"": 16}"
MINOR_126,MINOR_COURSE,"Minor: Marketing
Batch: 2023
Course Code: MGMT304
Source Course Code: MGMT304
Course Title: Integrated Marketing Communications
Semester: 5
Credits: 3
Prerequisite: None
Prerequisite Status: unknown
Source Sheet: Marketing
Source Row: 17","{""minor"": ""Marketing"", ""batch"": ""2023"", ""course_code"": ""MGMT304"", ""course_title"": ""Integrated Marketing Communications"", ""semester"": 5, ""credits"": 3, ""source_sheet"": ""Marketing"", ""source_row"": 17}"
MINOR_127,MINOR_COURSE,"Minor: Marketing
Batch: 2023
Course Code: MGMT314
Source Course Code: MGMT314
Course Title: Sales and Distribution Management
Semester: 6
Credits: 4
Prerequisite: None
Prerequisite Status: unknown
Source Sheet: Marketing
Source Row: 18","{""minor"": ""Marketing"", ""batch"": ""2023"", ""course_code"": ""MGMT314"", ""course_title"": ""Sales and Distribution Management"", ""semester"": 6, ""credits"": 4, ""source_sheet"": ""Marketing"", ""source_row"": 18}"
MINOR_128,MINOR_COURSE,"Minor: Marketing
Batch: 2023
Course Code: MGMT305
Source Course Code: MGMT305
Course Title: Services Marketing
Semester: 6
Credits: 3
Prerequisite: None
Prerequisite Status: unknown
Source Sheet: Marketing
Source Row: 19","{""minor"": ""Marketing"", ""batch"": ""2023"", ""course_code"": ""MGMT305"", ""course_title"": ""Services Marketing"", ""semester"": 6, ""credits"": 3, ""source_sheet"": ""Marketing"", ""source_row"": 19}"
MINOR_129,MINOR_COURSE,"Minor: Marketing
Batch: 2023
Course Code: MGMT211
Source Course Code: MGMT211
Course Title: Brand Management
Semester: 6
Credits: 3
Prerequisite: None
Prerequisite Status: unknown
Source Sheet: Marketing
Source Row: 20","{""minor"": ""Marketing"", ""batch"": ""2023"", ""course_code"": ""MGMT211"", ""course_title"": ""Brand Management"", ""semester"": 6, ""credits"": 3, ""source_sheet"": ""Marketing"", ""source_row"": 20}"
MINOR_130,MINOR_COURSE,"Minor: Marketing
Batch: 2023
Course Code: MGMT320
Source Course Code: MGMT320
Course Title: Marketing Analytics
Semester: 7
Credits: 2
Prerequisite: None
Prerequisite Status: unknown
Source Sheet: Marketing
Source Row: 21","{""minor"": ""Marketing"", ""batch"": ""2023"", ""course_code"": ""MGMT320"", ""course_title"": ""Marketing Analytics"", ""semester"": 7, ""credits"": 2, ""source_sheet"": ""Marketing"", ""source_row"": 21}"
MINOR_131,MINOR_COURSE,"Minor: Marketing
Batch: 2023
Course Code: MGMT307
Source Course Code: MGMT307
Course Title: Strategy & Decision Making
Semester: 7
Credits: 2
Prerequisite: None
Prerequisite Status: unknown
Source Sheet: Marketing
Source Row: 22","{""minor"": ""Marketing"", ""batch"": ""2023"", ""course_code"": ""MGMT307"", ""course_title"": ""Strategy & Decision Making"", ""semester"": 7, ""credits"": 2, ""source_sheet"": ""Marketing"", ""source_row"": 22}"
MINOR_132,MINOR_COURSE,"Minor: Marketing
Batch: 2024
Course Code: MKTG201
Source Course Code: MKTG201
Course Title: Marketing Management
Semester: 3
Credits: 3
Prerequisite: None
Prerequisite Status: unknown
Source Sheet: Marketing
Source Row: 26","{""minor"": ""Marketing"", ""batch"": ""2024"", ""course_code"": ""MKTG201"", ""course_title"": ""Marketing Management"", ""semester"": 3, ""credits"": 3, ""source_sheet"": ""Marketing"", ""source_row"": 26}"
MINOR_133,MINOR_COURSE,"Minor: Marketing
Batch: 2024
Course Code: MGMT302
Source Course Code: MGMT302
Course Title: Digital and Ecommerce Marketing
Semester: 4
Credits: 4
Prerequisite: None
Prerequisite Status: unknown
Source Sheet: Marketing
Source Row: 27","{""minor"": ""Marketing"", ""batch"": ""2024"", ""course_code"": ""MGMT302"", ""course_title"": ""Digital and Ecommerce Marketing"", ""semester"": 4, ""credits"": 4, ""source_sheet"": ""Marketing"", ""source_row"": 27}"
MINOR_134,MINOR_COURSE,"Minor: Marketing
Batch: 2024
Course Code: MGMT305
Source Course Code: MGMT305
Course Title: Services Marketing
Semester: 5
Credits: 3
Prerequisite: None
Prerequisite Status: unknown
Source Sheet: Marketing
Source Row: 28","{""minor"": ""Marketing"", ""batch"": ""2024"", ""course_code"": ""MGMT305"", ""course_title"": ""Services Marketing"", ""semester"": 5, ""credits"": 3, ""source_sheet"": ""Marketing"", ""source_row"": 28}"
MINOR_135,MINOR_COURSE,"Minor: Marketing
Batch: 2024
Course Code: MGMT304
Source Course Code: MGMT304
Course Title: Integrated Marketing Communications
Semester: 5
Credits: 3
Prerequisite: None
Prerequisite Status: unknown
Source Sheet: Marketing
Source Row: 29","{""minor"": ""Marketing"", ""batch"": ""2024"", ""course_code"": ""MGMT304"", ""course_title"": ""Integrated Marketing Communications"", ""semester"": 5, ""credits"": 3, ""source_sheet"": ""Marketing"", ""source_row"": 29}"
MINOR_136,MINOR_COURSE,"Minor: Marketing
Batch: 2024
Course Code: MGMT314
Source Course Code: MGMT314
Course Title: Sales and Distribution Management
Semester: 6
Credits: 4
Prerequisite: None
Prerequisite Status: unknown
Source Sheet: Marketing
Source Row: 30","{""minor"": ""Marketing"", ""batch"": ""2024"", ""course_code"": ""MGMT314"", ""course_title"": ""Sales and Distribution Management"", ""semester"": 6, ""credits"": 4, ""source_sheet"": ""Marketing"", ""source_row"": 30}"
MINOR_137,MINOR_COURSE,"Minor: Marketing
Batch: 2024
Course Code: MGMT211
Source Course Code: MGMT211
Course Title: Brand Management
Semester: 6
Credits: 3
Prerequisite: None
Prerequisite Status: unknown
Source Sheet: Marketing
Source Row: 31","{""minor"": ""Marketing"", ""batch"": ""2024"", ""course_code"": ""MGMT211"", ""course_title"": ""Brand Management"", ""semester"": 6, ""credits"": 3, ""source_sheet"": ""Marketing"", ""source_row"": 31}"
MINOR_138,MINOR_COURSE,"Minor: Marketing
Batch: 2024
Course Code: MGMT320
Source Course Code: MGMT320
Course Title: Marketing Analytics
Semester: 7
Credits: 2
Prerequisite: None
Prerequisite Status: unknown
Source Sheet: Marketing
Source Row: 32","{""minor"": ""Marketing"", ""batch"": ""2024"", ""course_code"": ""MGMT320"", ""course_title"": ""Marketing Analytics"", ""semester"": 7, ""credits"": 2, ""source_sheet"": ""Marketing"", ""source_row"": 32}"
MINOR_139,MINOR_COURSE,"Minor: Marketing
Batch: 2024
Course Code: MGMT307
Source Course Code: MGMT307
Course Title: Strategy & Decision Making
Semester: 7
Credits: 2
Prerequisite: None
Prerequisite Status: unknown
Source Sheet: Marketing
Source Row: 33","{""minor"": ""Marketing"", ""batch"": ""2024"", ""course_code"": ""MGMT307"", ""course_title"": ""Strategy & Decision Making"", ""semester"": 7, ""credits"": 2, ""source_sheet"": ""Marketing"", ""source_row"": 33}"
MINOR_140,MINOR_COURSE,"Minor: Marketing
Batch: 2025
Course Code: MGMT328
Source Course Code: MGMT328
Course Title: Foundation of Marketing Management
Semester: 3
Credits: 4
Prerequisite: None
Prerequisite Status: unknown
Source Sheet: Marketing
Source Row: 37","{""minor"": ""Marketing"", ""batch"": ""2025"", ""course_code"": ""MGMT328"", ""course_title"": ""Foundation of Marketing Management"", ""semester"": 3, ""credits"": 4, ""source_sheet"": ""Marketing"", ""source_row"": 37}"
MINOR_141,MINOR_COURSE,"Minor: Marketing
Batch: 2025
Course Code: MGMT302
Source Course Code: MGMT302
Course Title: Digital and Ecommerce Marketing
Semester: 4
Credits: 4
Prerequisite: None
Prerequisite Status: unknown
Source Sheet: Marketing
Source Row: 38","{""minor"": ""Marketing"", ""batch"": ""2025"", ""course_code"": ""MGMT302"", ""course_title"": ""Digital and Ecommerce Marketing"", ""semester"": 4, ""credits"": 4, ""source_sheet"": ""Marketing"", ""source_row"": 38}"
MINOR_142,MINOR_COURSE,"Minor: Marketing
Batch: 2025
Course Code: MGMT304
Source Course Code: MGMT304
Course Title: Integrated Marketing Communications
Semester: 5
Credits: 3
Prerequisite: None
Prerequisite Status: unknown
Source Sheet: Marketing
Source Row: 39","{""minor"": ""Marketing"", ""batch"": ""2025"", ""course_code"": ""MGMT304"", ""course_title"": ""Integrated Marketing Communications"", ""semester"": 5, ""credits"": 3, ""source_sheet"": ""Marketing"", ""source_row"": 39}"
MINOR_143,MINOR_COURSE,"Minor: Marketing
Batch: 2025
Course Code: NEW
Source Course Code: New
Course Title: Services Marketing
Semester: 5
Credits: 4
Prerequisite: None
Prerequisite Status: unknown
Source Sheet: Marketing
Source Row: 40","{""minor"": ""Marketing"", ""batch"": ""2025"", ""course_code"": ""NEW"", ""course_title"": ""Services Marketing"", ""semester"": 5, ""credits"": 4, ""source_sheet"": ""Marketing"", ""source_row"": 40}"
MINOR_144,MINOR_COURSE,"Minor: Marketing
Batch: 2025
Course Code: MGMT314
Source Course Code: MGMT314
Course Title: Sales and Distribution Management
Semester: 6
Credits: 4
Prerequisite: None
Prerequisite Status: unknown
Source Sheet: Marketing
Source Row: 41","{""minor"": ""Marketing"", ""batch"": ""2025"", ""course_code"": ""MGMT314"", ""course_title"": ""Sales and Distribution Management"", ""semester"": 6, ""credits"": 4, ""source_sheet"": ""Marketing"", ""source_row"": 41}"
MINOR_145,MINOR_COURSE,"Minor: Marketing
Batch: 2026
Course Code: MGMT328
Source Course Code: MGMT328
Course Title: Foundations of Marketing Management
Semester: 3
Credits: 4
Prerequisite: None
Prerequisite Status: unknown
Source Sheet: Marketing
Source Row: 46","{""minor"": ""Marketing"", ""batch"": ""2026"", ""course_code"": ""MGMT328"", ""course_title"": ""Foundations of Marketing Management"", ""semester"": 3, ""credits"": 4, ""source_sheet"": ""Marketing"", ""source_row"": 46}"
MINOR_146,MINOR_COURSE,"Minor: Start-up
Batch: 2024
Course Code: MGMT326
Source Course Code: MGMT326
Course Title: Product Development
Semester: 4
Credits: 4
Prerequisite: None
Prerequisite Status: unknown
Source Sheet: Start-up
Source Row: 3","{""minor"": ""Start-up"", ""batch"": ""2024"", ""course_code"": ""MGMT326"", ""course_title"": ""Product Development"", ""semester"": 4, ""credits"": 4, ""source_sheet"": ""Start-up"", ""source_row"": 3}"
MINOR_147,MINOR_COURSE,"Minor: Start-up
Batch: 2024
Course Code: MGMT336
Source Course Code: MGMT336
Course Title: Design Thinking for Entrepreneurship
Semester: 5
Credits: 4
Prerequisite: None
Prerequisite Status: unknown
Source Sheet: Start-up
Source Row: 4","{""minor"": ""Start-up"", ""batch"": ""2024"", ""course_code"": ""MGMT336"", ""course_title"": ""Design Thinking for Entrepreneurship"", ""semester"": 5, ""credits"": 4, ""source_sheet"": ""Start-up"", ""source_row"": 4}"
MINOR_148,MINOR_COURSE,"Minor: Start-up
Batch: 2025
Course Code: MGMT330
Source Course Code: MGMT330
Course Title: Introduction to Financial Accounting (R )
Semester: 3
Credits: 4
Prerequisite: None
Prerequisite Status: unknown
Source Sheet: Start-up
Source Row: 9","{""minor"": ""Start-up"", ""batch"": ""2025"", ""course_code"": ""MGMT330"", ""course_title"": ""Introduction to Financial Accounting (R )"", ""semester"": 3, ""credits"": 4, ""source_sheet"": ""Start-up"", ""source_row"": 9}"
MINOR_149,MINOR_COURSE,"Minor: Start-up
Batch: 2025
Course Code: MGMT328
Source Course Code: MGMT328
Course Title: Foundation of Marketing Management
Semester: 3
Credits: 4
Prerequisite: None
Prerequisite Status: unknown
Source Sheet: Start-up
Source Row: 10","{""minor"": ""Start-up"", ""batch"": ""2025"", ""course_code"": ""MGMT328"", ""course_title"": ""Foundation of Marketing Management"", ""semester"": 3, ""credits"": 4, ""source_sheet"": ""Start-up"", ""source_row"": 10}"
MINOR_150,MINOR_COURSE,"Minor: Start-up
Batch: 2025
Course Code: MGMT336
Source Course Code: MGMT336
Course Title: Design Thinking for Entrepreneurship
Semester: 5
Credits: 4
Prerequisite: None
Prerequisite Status: unknown
Source Sheet: Start-up
Source Row: 11","{""minor"": ""Start-up"", ""batch"": ""2025"", ""course_code"": ""MGMT336"", ""course_title"": ""Design Thinking for Entrepreneurship"", ""semester"": 5, ""credits"": 4, ""source_sheet"": ""Start-up"", ""source_row"": 11}"
MINOR_151,MINOR_COURSE,"Minor: Start-up
Batch: 2025
Course Code: MGMT213
Source Course Code: MGMT213
Course Title: Introduction To Fintech
Semester: 6
Credits: 2
Prerequisite: None
Prerequisite Status: unknown
Source Sheet: Start-up
Source Row: 12","{""minor"": ""Start-up"", ""batch"": ""2025"", ""course_code"": ""MGMT213"", ""course_title"": ""Introduction To Fintech"", ""semester"": 6, ""credits"": 2, ""source_sheet"": ""Start-up"", ""source_row"": 12}"
